5.877845764160156 3.0567221641540527 0.523201584815979 2.533520460128784 1.4383471012115479 
5.6183037757873535 3.0593581199645996 0.5231673121452332 2.5361907482147217 1.4365314245224 
5.683410167694092 3.0562267303466797 0.5210117101669312 2.535215139389038 1.4306776523590088 
6.0136823654174805 3.059872627258301 0.5200883746147156 2.5397844314575195 1.425417423248291 
5.823488712310791 3.0595855712890625 0.5192359685897827 2.5403494834899902 1.422595739364624 
6.204477310180664 3.06691312789917 0.5197598338127136 2.5471534729003906 1.4201747179031372 
5.634522438049316 3.06101655960083 0.5167461633682251 2.5442705154418945 1.413745403289795 
5.470757484436035 3.0620245933532715 0.5155646800994873 2.546459913253784 1.409078598022461 
5.780648231506348 3.0654525756835938 0.5152451992034912 2.5502073764801025 1.4062702655792236 
5.616645812988281 3.065502882003784 0.5146787166595459 2.5508241653442383 1.4041030406951904 
5.32686710357666 3.064234972000122 0.5116152763366699 2.5526199340820312 1.3951210975646973 
5.1779866218566895 3.0674102306365967 0.5126678347587585 2.5547423362731934 1.396449327468872 
5.457622528076172 3.065748453140259 0.5107278823852539 2.555020570755005 1.3914252519607544 
5.287931442260742 3.066255569458008 0.5096629858016968 2.5565924644470215 1.38743257522583 
5.217850685119629 3.0688419342041016 0.5087828636169434 2.560059070587158 1.3829312324523926 
5.012873649597168 3.0681445598602295 0.5083513855934143 2.559792995452881 1.3819373846054077 
5.124354839324951 3.062671422958374 0.5052160620689392 2.55745530128479 1.3748736381530762 
5.515650272369385 3.0615952014923096 0.503650426864624 2.5579447746276855 1.3703253269195557 
5.128262996673584 3.073525905609131 0.5068147778511047 2.566711187362671 1.3733587265014648 
5.274921417236328 3.060995578765869 0.4994732141494751 2.5615224838256836 1.3575000762939453 
4.851911544799805 3.0644094944000244 0.5016186833381653 2.562790870666504 1.361312747001648 
5.126664161682129 3.066065549850464 0.49951276183128357 2.5665526390075684 1.3535327911376953 
4.97230863571167 3.0621838569641113 0.4976235032081604 2.5645604133605957 1.3493070602416992 
4.823643684387207 3.059687614440918 0.49401193857192993 2.565675735473633 1.3391929864883423 
4.917873859405518 3.0605616569519043 0.4934241771697998 2.5671374797821045 1.3362836837768555 
4.880713939666748 3.0546340942382812 0.48854514956474304 2.566088914871216 1.323983073234558 
4.644329071044922 3.055682420730591 0.4900762438774109 2.565606117248535 1.3272167444229126 
4.586493968963623 3.0575504302978516 0.4907296895980835 2.5668208599090576 1.3278698921203613 
4.632168769836426 3.0574214458465576 0.4874672293663025 2.5699541568756104 1.3176610469818115 
4.846762657165527 3.0578713417053223 0.48616790771484375 2.5717034339904785 1.312103509902954 
4.686419486999512 3.0548534393310547 0.4841783046722412 2.5706753730773926 1.3078871965408325 
4.804549694061279 3.0625360012054443 0.4865913987159729 2.575944423675537 1.3105190992355347 
4.663069725036621 3.0461695194244385 0.47854214906692505 2.567627429962158 1.2941510677337646 
4.4576592445373535 3.0544190406799316 0.4812926650047302 2.5731263160705566 1.2983100414276123 
4.513155937194824 3.060401439666748 0.4833468198776245 2.577054500579834 1.3007773160934448 
4.5171661376953125 3.0445613861083984 0.47579044103622437 2.5687708854675293 1.2849328517913818 
4.64122200012207 3.058321952819824 0.4813399314880371 2.576982021331787 1.294993281364441 
4.702372074127197 3.0454392433166504 0.4739604592323303 2.571478843688965 1.2782180309295654 
4.407769203186035 3.0589253902435303 0.48071396350860596 2.5782113075256348 1.2912710905075073 
4.3983635902404785 3.0572285652160645 0.4786573648452759 2.578571319580078 1.2855212688446045 
4.369903564453125 3.0534961223602295 0.47562375664711 2.5778722763061523 1.2774207592010498 
4.693609714508057 3.0475430488586426 0.47470712661743164 2.572835922241211 1.2781007289886475 
4.5287861824035645 3.047034740447998 0.4713929295539856 2.5756418704986572 1.2677865028381348 
4.603760242462158 3.0465128421783447 0.47000741958618164 2.576505422592163 1.262990951538086 
4.513397216796875 3.0488715171813965 0.470752090215683 2.5781192779541016 1.2637505531311035 
4.353500843048096 3.030472755432129 0.46099406480789185 2.5694785118103027 1.2415666580200195 
4.323017120361328 3.034119129180908 0.4627037048339844 2.571415424346924 1.2458102703094482 
4.235073089599609 3.0242347717285156 0.4573575258255005 2.5668773651123047 1.2333720922470093 
4.313294887542725 3.0329463481903076 0.4610464870929718 2.571899890899658 1.240132451057434 
4.17532205581665 3.01967716217041 0.45287537574768066 2.5668020248413086 1.221421480178833 
4.117194175720215 3.024492025375366 0.4546084702014923 2.569883346557617 1.2238761186599731 
4.292126178741455 3.030301094055176 0.4579692482948303 2.5723319053649902 1.231870412826538 
4.193195343017578 3.0220465660095215 0.45165544748306274 2.5703914165496826 1.2155612707138062 
4.077848434448242 3.0161004066467285 0.45025044679641724 2.565850019454956 1.212540626525879 
4.251075744628906 3.0103282928466797 0.4464999735355377 2.563828468322754 1.2048600912094116 
4.402077674865723 3.025162935256958 0.450160413980484 2.575002670288086 1.20768404006958 
4.206986427307129 3.0080981254577637 0.44349294900894165 2.564605236053467 1.1951565742492676 
3.9885168075561523 3.0168843269348145 0.44823914766311646 2.568645477294922 1.205659031867981 
4.432002067565918 3.0322070121765137 0.4535496234893799 2.578657388687134 1.2146515846252441 
4.198022842407227 3.0149903297424316 0.44327986240386963 2.5717105865478516 1.1906774044036865 
3.899613380432129 3.0011768341064453 0.43795347213745117 2.5632238388061523 1.1809179782867432 
4.205698013305664 3.0081043243408203 0.4412267506122589 2.566877603530884 1.1875934600830078 
3.921811580657959 3.0016815662384033 0.435585081577301 2.566096305847168 1.1730879545211792 
3.6619977951049805 3.0005061626434326 0.4351882338523865 2.5653176307678223 1.1720150709152222 
4.111932277679443 3.034573554992676 0.44944798946380615 2.585125684738159 1.1988589763641357 
3.938589572906494 3.014078140258789 0.4406358599662781 2.573441982269287 1.1811480522155762 
3.909837484359741 3.0354361534118652 0.44739553332328796 2.588040828704834 1.1918563842773438 
4.192286491394043 3.0320258140563965 0.44704315066337585 2.5849828720092773 1.192915678024292 
3.9164743423461914 3.0086426734924316 0.4390503764152527 2.5695924758911133 1.1789236068725586 
3.8384082317352295 3.0114970207214355 0.43452686071395874 2.576970100402832 1.1627135276794434 
3.756993293762207 2.9932925701141357 0.4250871241092682 2.5682053565979004 1.143349051475525 
3.7547988891601562 2.9991493225097656 0.42952868342399597 2.5696206092834473 1.1524760723114014 
3.764106035232544 3.0115299224853516 0.43459951877593994 2.576930522918701 1.1626543998718262 
4.131018161773682 3.0179543495178223 0.4360830783843994 2.5818710327148438 1.1660230159759521 
3.5626401901245117 2.9933793544769287 0.42623811960220337 2.567141532897949 1.1450657844543457 
3.726257562637329 3.0037972927093506 0.4272518754005432 2.576545476913452 1.1440961360931396 
4.090114116668701 3.0089659690856934 0.42851772904396057 2.5804481506347656 1.1456722021102905 
3.804119825363159 3.0116233825683594 0.42879563570022583 2.5828278064727783 1.1453521251678467 
3.727705478668213 3.002626657485962 0.43063002824783325 2.5719966888427734 1.1542919874191284 
3.522177219390869 3.000520706176758 0.4255172908306122 2.5750033855438232 1.1390459537506104 
3.7071118354797363 3.000946283340454 0.42340701818466187 2.5775392055511475 1.1315162181854248 
3.630096912384033 3.0055510997772217 0.42436903715133667 2.5811820030212402 1.1321927309036255 
3.7252235412597656 2.989588975906372 0.41873225569725037 2.570857048034668 1.1229560375213623 
3.5003185272216797 2.997736692428589 0.4224521517753601 2.575284481048584 1.1303725242614746 
3.5352346897125244 2.989457130432129 0.41668033599853516 2.5727765560150146 1.1159145832061768 
3.725066661834717 3.0101847648620605 0.42356130480766296 2.586623430252075 1.128145694732666 
3.6578149795532227 2.9985787868499756 0.41816407442092896 2.5804147720336914 1.1162745952606201 
3.740379571914673 2.999762535095215 0.4175848066806793 2.5821778774261475 1.1136727333068848 
3.748420238494873 2.999727249145508 0.4177013039588928 2.5820257663726807 1.1138966083526611 
3.7678704261779785 2.99062442779541 0.41363632678985596 2.5769879817962646 1.103514552116394 
3.7887728214263916 2.992598533630371 0.41556453704833984 2.5770339965820312 1.1103534698486328 
3.615734577178955 2.985553503036499 0.4121604561805725 2.573392868041992 1.1020010709762573 
3.502912759780884 3.002058982849121 0.4153197407722473 2.5867393016815186 1.104311466217041 
3.728564739227295 3.023026704788208 0.4287319779396057 2.594294548034668 1.1346919536590576 
3.5725014209747314 2.992314338684082 0.4121837615966797 2.5801305770874023 1.098881721496582 
3.5260002613067627 2.9817428588867188 0.4064643979072571 2.5752785205841064 1.0862340927124023 
3.537209987640381 2.9923534393310547 0.4091145694255829 2.5832386016845703 1.0888805389404297 
3.6809029579162598 2.9741857051849365 0.4023078382015228 2.571877956390381 1.0767254829406738 
3.4362599849700928 2.9779582023620605 0.40414196252822876 2.5738162994384766 1.0793731212615967 
3.272780418395996 2.9752156734466553 0.40349793434143066 2.5717177391052246 1.0801310539245605 
3.4347434043884277 2.9827399253845215 0.4059786796569824 2.576761245727539 1.0829682350158691 
3.504488706588745 2.9710938930511475 0.3972083032131195 2.573885679244995 1.0610612630844116 
27.92829704284668 2.968031644821167 0.3953741192817688 2.572657585144043 1.0568277835845947 
3.6227610111236572 3.0020554065704346 0.40682709217071533 2.5952281951904297 1.0768883228302002 
3.546020269393921 3.003066062927246 0.39704805612564087 2.60601806640625 1.0445209741592407 
3.4651036262512207 2.9977619647979736 0.39297956228256226 2.6047825813293457 1.0302317142486572 
3.4716992378234863 2.9928131103515625 0.38819628953933716 2.60461688041687 1.014077067375183 
3.9759654998779297 2.973478317260742 0.37176182866096497 2.6017165184020996 0.9674129486083984 
3.2664313316345215 2.975050926208496 0.37008222937583923 2.604969024658203 0.9593449831008911 
3.9741809368133545 2.978565216064453 0.36631304025650024 2.6122522354125977 0.9459166526794434 
3.9979004859924316 2.9750547409057617 0.35496824979782104 2.620086669921875 0.9123849868774414 
4.303310394287109 2.970461845397949 0.3554002046585083 2.6150617599487305 0.9155909419059753 
3.33674955368042 2.9795732498168945 0.3424196243286133 2.6371536254882812 0.8713210821151733 
2.88671875 2.973123073577881 0.33651185035705566 2.636610984802246 0.8555511236190796 
2.955704689025879 2.9934210777282715 0.337152361869812 2.65626859664917 0.8509331941604614 
3.011333703994751 3.00008225440979 0.32840895652770996 2.67167329788208 0.8236806392669678 
2.89947247505188 3.0038414001464844 0.3435988426208496 2.6602425575256348 0.8674469590187073 
2.9517812728881836 2.992527723312378 0.3219953775405884 2.6705322265625 0.8064826726913452 
2.6949682235717773 2.9970383644104004 0.32608264684677124 2.6709556579589844 0.8179572820663452 
2.856478452682495 2.9992306232452393 0.32262668013572693 2.6766037940979004 0.8065375089645386 
2.772353172302246 2.995004177093506 0.3158469796180725 2.679157257080078 0.7875206470489502 
2.626129388809204 2.9970693588256836 0.3093745708465576 2.687694549560547 0.7678012847900391 
2.7589824199676514 3.013089418411255 0.3167697489261627 2.696319580078125 0.7856296300888062 
2.5701069831848145 3.0097579956054688 0.29620200395584106 2.7135558128356934 0.726530134677887 
2.5429892539978027 3.0121755599975586 0.3013729751110077 2.7108025550842285 0.7412368059158325 
2.63484263420105 3.0249805450439453 0.3118817210197449 2.7130987644195557 0.7689564228057861 
2.546264410018921 3.0208044052124023 0.3037150204181671 2.7170894145965576 0.7464563846588135 
2.5377418994903564 3.0156188011169434 0.29529422521591187 2.720324754714966 0.7232846021652222 
2.417243480682373 3.017029285430908 0.2972565293312073 2.7197725772857666 0.7288442254066467 
2.50480580329895 3.0147855281829834 0.29658976197242737 2.718195915222168 0.7274836301803589 
2.5427093505859375 3.0327892303466797 0.30531206727027893 2.7274770736694336 0.7485201358795166 
2.389669895172119 3.019519090652466 0.28384050726890564 2.7356786727905273 0.6901280879974365 
2.2809536457061768 3.027193069458008 0.2858279049396515 2.741365432739258 0.6941221952438354 
2.066188097000122 3.015378475189209 0.2756437659263611 2.739734649658203 0.6682672500610352 
2.3158297538757324 3.02327299118042 0.2854458689689636 2.7378270626068115 0.6944406628608704 
2.1249704360961914 3.0198869705200195 0.279354453086853 2.740532636642456 0.6780473589897156 
2.2142276763916016 3.028315305709839 0.2831929326057434 2.7451224327087402 0.6869542598724365 
2.185330867767334 3.026723861694336 0.2819472551345825 2.744776725769043 0.6840126514434814 
2.035402536392212 3.015082359313965 0.2667263150215149 2.7483558654785156 0.6435972452163696 
2.032667636871338 3.0176219940185547 0.2662399709224701 2.7513818740844727 0.6418495178222656 
2.2613418102264404 3.0286498069763184 0.2782139182090759 2.7504360675811768 0.6730600595474243 
1.9981818199157715 3.022829532623291 0.26180148124694824 2.7610278129577637 0.6282398700714111 
1.979867935180664 3.0210659503936768 0.2708345949649811 2.7502312660217285 0.65404212474823 
2.1442487239837646 3.0189061164855957 0.2715342938899994 2.7473716735839844 0.6566306352615356 
2.0071215629577637 3.0248947143554688 0.266846239566803 2.7580485343933105 0.6422868371009827 
2.0115013122558594 3.0173237323760986 0.2547289729118347 2.762594699859619 0.609640896320343 
1.9640251398086548 3.016916036605835 0.260653018951416 2.756263256072998 0.6263750791549683 
2.0643420219421387 3.019862651824951 0.26687824726104736 2.7529845237731934 0.6432627439498901 
1.958322286605835 3.0196609497070312 0.2622332274913788 2.75742769241333 0.630524754524231 
2.0458126068115234 3.0185439586639404 0.262592613697052 2.755951404571533 0.6315678358078003 
1.9221125841140747 3.0221238136291504 0.2601119875907898 2.762011766433716 0.6237716674804688 
1.9295871257781982 3.0171098709106445 0.2566227316856384 2.7604875564575195 0.6153063178062439 
1.887213945388794 3.013277769088745 0.25142571330070496 2.761852264404297 0.6015068888664246 
1.9678363800048828 3.015838861465454 0.2578311860561371 2.758007526397705 0.6189789175987244 
1.9245316982269287 3.0152745246887207 0.2512415945529938 2.764033079147339 0.6007670164108276 
1.9807860851287842 3.0222325325012207 0.2655293345451355 2.7567031383514404 0.6390852928161621 
1.944744348526001 3.01354718208313 0.25011739134788513 2.763429641723633 0.597947895526886 
1.8612065315246582 3.0070881843566895 0.2467426061630249 2.760345458984375 0.5901896357536316 
1.7923624515533447 3.012406826019287 0.2491723597049713 2.7632341384887695 0.5954700112342834 
1.8139501810073853 3.0059094429016113 0.24531158804893494 2.7605977058410645 0.5863050222396851 
1.8274407386779785 3.0029489994049072 0.24952217936515808 2.7534267902374268 0.5985466241836548 
1.7756973505020142 3.0072920322418213 0.24735574424266815 2.7599363327026367 0.5916475653648376 
1.7100491523742676 3.0066070556640625 0.23596692085266113 2.7706398963928223 0.5603972673416138 
1.8996481895446777 3.001403331756592 0.2478589117527008 2.753544330596924 0.5942482948303223 
1.8409000635147095 3.0094385147094727 0.24623900651931763 2.7631993293762207 0.5877309441566467 
1.8472343683242798 3.0010199546813965 0.2507910430431366 2.7502288818359375 0.6018792390823364 
1.8223379850387573 3.0004100799560547 0.24865561723709106 2.7517545223236084 0.595918595790863 
1.979151725769043 3.0043704509735107 0.25220125913619995 2.752169132232666 0.6052312850952148 
1.7666752338409424 3.0005016326904297 0.24281437695026398 2.7576873302459717 0.5799505114555359 
1.798032522201538 2.9951255321502686 0.23795217275619507 2.7571732997894287 0.5680872201919556 
1.849660873413086 2.9912493228912354 0.24649673700332642 2.7447526454925537 0.5919748544692993 
1.834167242050171 2.996999740600586 0.2414930760860443 2.755506753921509 0.5770328044891357 
1.811352014541626 3.007965087890625 0.24550695717334747 2.762458086013794 0.5854935646057129 
1.8169105052947998 2.9969794750213623 0.23944693803787231 2.7575325965881348 0.5712941884994507 
1.7468523979187012 2.999284029006958 0.23850242793560028 2.7607815265655518 0.5683667659759521 
1.7782354354858398 3.0033011436462402 0.24532786011695862 2.7579731941223145 0.5861889123916626 
1.8155767917633057 3.0012831687927246 0.24281224608421326 2.7584710121154785 0.5794065594673157 
1.8283414840698242 2.998866081237793 0.24111253023147583 2.757753610610962 0.5754193663597107 
1.7797484397888184 3.0012636184692383 0.2370654046535492 2.7641985416412354 0.5640542507171631 
1.8414604663848877 3.0029397010803223 0.24887581169605255 2.7540640830993652 0.5963020324707031 
1.8086891174316406 2.996119499206543 0.23410272598266602 2.762016773223877 0.5571550130844116 
1.7043319940567017 2.9972758293151855 0.23729410767555237 2.759981632232666 0.5656883120536804 
1.740797758102417 2.9914073944091797 0.23498567938804626 2.7564215660095215 0.5605615377426147 
1.742945671081543 2.996892213821411 0.23207031190395355 2.764821767807007 0.5513820648193359 
1.6384148597717285 2.9900875091552734 0.23346754908561707 2.756619930267334 0.5563788414001465 
1.6010485887527466 2.984785318374634 0.22419293224811554 2.760592460632324 0.5321122407913208 
1.7791991233825684 2.993925094604492 0.2382708340883255 2.7556543350219727 0.5687668323516846 
1.7828375101089478 2.9886293411254883 0.23572836816310883 2.7529008388519287 0.5629633665084839 
1.6385867595672607 2.993459701538086 0.22626376152038574 2.7671961784362793 0.5365316271781921 
1.6096956729888916 2.9934866428375244 0.22880350053310394 2.764683246612549 0.5430216789245605 
1.7509074211120605 2.996389150619507 0.22976812720298767 2.7666208744049072 0.5452552437782288 
1.682503342628479 2.9995458126068115 0.2334001362323761 2.766145706176758 0.5546290874481201 
1.700527548789978 2.989708423614502 0.2313520312309265 2.7583565711975098 0.5504322052001953 
1.7549700736999512 2.9932022094726562 0.2365005910396576 2.756701707839966 0.5640937089920044 
1.595928430557251 2.9789299964904785 0.22689570486545563 2.7520344257354736 0.5402340292930603 
1.7228041887283325 2.9895341396331787 0.22828105092048645 2.7612533569335938 0.5423551797866821 
1.7376986742019653 2.994729518890381 0.2337055504322052 2.761023759841919 0.5562869310379028 
1.717943787574768 2.9969124794006348 0.22681352496147156 2.7700986862182617 0.5374239683151245 
1.6408038139343262 3.00002384185791 0.22807961702346802 2.771944284439087 0.5401825904846191 
1.637827754020691 2.9943995475769043 0.2353382706642151 2.759061336517334 0.5611569881439209 
1.7367291450500488 2.9955811500549316 0.239576518535614 2.7560043334960938 0.5720810890197754 
1.6893311738967896 2.9947147369384766 0.2276037335395813 2.767110824584961 0.5401202440261841 
1.7091972827911377 2.995108127593994 0.2289063036441803 2.766201972961426 0.5433357954025269 
1.7798084020614624 2.994619131088257 0.23849689960479736 2.756122350692749 0.5688465237617493 
1.6985417604446411 2.987424850463867 0.2229638695716858 2.764460802078247 0.5288519263267517 
1.684235692024231 2.9936556816101074 0.2239193469285965 2.7697362899780273 0.5303487181663513 
1.7434580326080322 2.994905471801758 0.2241305112838745 2.7707748413085938 0.5313407182693481 
1.721613883972168 3.001751184463501 0.23014336824417114 2.7716078758239746 0.5457755327224731 
1.6317346096038818 3.0006816387176514 0.2195124626159668 2.7811694145202637 0.5178391933441162 
1.6711299419403076 2.9946722984313965 0.22392046451568604 2.770751476287842 0.5302692651748657 
1.499014973640442 3.003575563430786 0.21743184328079224 2.7861437797546387 0.5106765627861023 
1.670217514038086 3.0005125999450684 0.22327880561351776 2.777233839035034 0.5274227857589722 
1.5702383518218994 3.0098206996917725 0.2156544029712677 2.794166088104248 0.5056633949279785 
1.656959056854248 3.0034303665161133 0.2182140052318573 2.7852163314819336 0.5129456520080566 
1.6294784545898438 3.0009193420410156 0.21218477189540863 2.7887346744537354 0.4976293444633484 
1.563939094543457 3.0002174377441406 0.21345168352127075 2.7867655754089355 0.5006954669952393 
1.5785404443740845 3.016127109527588 0.22156213223934174 2.794564723968506 0.5202463865280151 
1.524949073791504 3.010899066925049 0.21296155452728271 2.7979378700256348 0.49790704250335693 
1.5961593389511108 3.010145664215088 0.21569788455963135 2.794447898864746 0.5053679943084717 
1.6721551418304443 3.022462844848633 0.21908853948116302 2.8033742904663086 0.512770414352417 
1.5592097043991089 3.015826463699341 0.21379582583904266 2.802030563354492 0.49938565492630005 
1.6090574264526367 3.0111823081970215 0.2161179780960083 2.7950644493103027 0.5062747001647949 
1.7580146789550781 3.018799304962158 0.22525298595428467 2.793546199798584 0.5297976732254028 
1.5842890739440918 3.0092527866363525 0.2119731903076172 2.7972798347473145 0.4956347346305847 
1.602866291999817 3.015310764312744 0.21620243787765503 2.7991085052490234 0.5059797763824463 
1.6412304639816284 3.016005277633667 0.21627941727638245 2.7997260093688965 0.5064945816993713 
1.4654117822647095 3.022040605545044 0.2083544135093689 2.8136861324310303 0.4841850996017456 
1.5584239959716797 3.0137100219726562 0.21407051384449005 2.7996397018432617 0.5009260773658752 
1.6005131006240845 3.0187864303588867 0.21757304668426514 2.801213502883911 0.5090580582618713 
1.5058608055114746 3.011317729949951 0.21042580902576447 2.800891876220703 0.49096032977104187 
1.5484741926193237 3.029507875442505 0.2097456455230713 2.8197624683380127 0.48744943737983704 
1.701004147529602 3.0114057064056396 0.2151232808828354 2.7962822914123535 0.5035483837127686 
1.5921000242233276 3.004322052001953 0.20955342054367065 2.7947685718536377 0.48953989148139954 
1.540545105934143 3.0058093070983887 0.21475520730018616 2.7910537719726562 0.5030097961425781 
1.5104329586029053 3.0154781341552734 0.21752817928791046 2.797950029373169 0.5084391236305237 
1.634975790977478 3.013176202774048 0.2219354212284088 2.791240692138672 0.5212451815605164 
1.6160365343093872 3.0104188919067383 0.22232714295387268 2.7880918979644775 0.5226076245307922 
1.7030037641525269 3.0066845417022705 0.2206656038761139 2.7860188484191895 0.5180377960205078 
1.5493056774139404 3.004476547241211 0.21392956376075745 2.7905471324920654 0.5006394386291504 
1.5788180828094482 3.0138182640075684 0.21504586935043335 2.7987723350524902 0.5024389028549194 
1.6396949291229248 3.001176357269287 0.22107921540737152 2.780097246170044 0.5193958282470703 
1.7144474983215332 3.0032191276550293 0.22533001005649567 2.7778892517089844 0.5309419631958008 
1.5934829711914062 2.9904518127441406 0.2172003984451294 2.7732512950897217 0.5111491084098816 
1.6233489513397217 3.014406204223633 0.22372835874557495 2.790677547454834 0.5247594714164734 
1.6768887042999268 2.9950013160705566 0.21362602710723877 2.7813754081726074 0.50129234790802 
1.5565783977508545 3.000699758529663 0.21406881511211395 2.7866311073303223 0.5017334222793579 
1.5641019344329834 2.9948296546936035 0.21781224012374878 2.777017593383789 0.5122721791267395 
1.662771224975586 3.0029516220092773 0.21929559111595154 2.783656120300293 0.5148297548294067 
1.6018450260162354 2.994474411010742 0.21611899137496948 2.778355360031128 0.5079933404922485 
1.5483198165893555 2.9971797466278076 0.2150796800851822 2.782099962234497 0.50471431016922 
1.6069133281707764 2.9975826740264893 0.22263690829277039 2.7749457359313965 0.5249235033988953 
1.443124532699585 2.9999499320983887 0.21078787744045258 2.7891619205474854 0.4925585389137268 
1.495943307876587 2.989262104034424 0.2075180858373642 2.7817440032958984 0.4854796230792999 
1.5379339456558228 2.995567798614502 0.2174181193113327 2.7781496047973633 0.5109314918518066 
1.5196082592010498 2.9907970428466797 0.22143685817718506 2.769360065460205 0.5217480659484863 
1.5360093116760254 2.995171546936035 0.2167816460132599 2.7783899307250977 0.5095347166061401 
1.5289480686187744 2.9932174682617188 0.21162626147270203 2.7815914154052734 0.4958091974258423 
1.6038777828216553 3.008208751678467 0.21113626658916473 2.797072649002075 0.4928254187107086 
1.4581013917922974 2.9812381267547607 0.21531344950199127 2.7659246921539307 0.5069127082824707 
1.6497710943222046 2.98079252243042 0.22253328561782837 2.7582592964172363 0.5261203646659851 
1.4910683631896973 2.9977078437805176 0.2128448635339737 2.784862995147705 0.49842357635498047 
1.6045899391174316 2.988529682159424 0.21625924110412598 2.7722702026367188 0.5082850456237793 
1.4827134609222412 2.9958877563476562 0.21222153306007385 2.7836661338806152 0.4966117739677429 
1.512427806854248 2.996690273284912 0.21287798881530762 2.7838122844696045 0.49830320477485657 
1.5378599166870117 2.9842958450317383 0.2149815559387207 2.7693142890930176 0.5050419569015503 
1.6444919109344482 2.992067813873291 0.21442632377147675 2.777641773223877 0.5031949281692505 
1.6559950113296509 2.9894192218780518 0.22107717394828796 2.7683420181274414 0.5198574066162109 
1.564294695854187 2.9826111793518066 0.21824026107788086 2.764370918273926 0.5137274265289307 
1.5677138566970825 2.97198486328125 0.21402668952941895 2.757958173751831 0.5037423968315125 
1.5858560800552368 2.9876577854156494 0.2120419144630432 2.775615692138672 0.4969165623188019 
1.5799065828323364 2.9941790103912354 0.21555273234844208 2.7786262035369873 0.5048585534095764 
1.6134400367736816 3.0022778511047363 0.21573516726493835 2.7865426540374756 0.5047479271888733 
1.6013436317443848 2.9936394691467285 0.21842864155769348 2.7752108573913574 0.5132700204849243 
1.5676414966583252 2.9877519607543945 0.22132731974124908 2.7664246559143066 0.5213636755943298 
1.5826623439788818 2.986764907836914 0.21362033486366272 2.773144245147705 0.5009656548500061 
1.640208125114441 2.9784364700317383 0.21955204010009766 2.7588844299316406 0.5175715088844299 
1.5314221382141113 2.991281032562256 0.2099117934703827 2.781369209289551 0.49086320400238037 
1.5746421813964844 2.998485803604126 0.21145954728126526 2.7870264053344727 0.49421432614326477 
1.538161039352417 3.007488250732422 0.22133135795593262 2.78615665435791 0.5190613269805908 
1.4729125499725342 2.9702682495117188 0.20964904129505157 2.7606191635131836 0.4922076463699341 
1.5627152919769287 3.0019145011901855 0.21879707276821136 2.7831175327301025 0.5132759213447571 
1.6272132396697998 2.9923384189605713 0.2160961776971817 2.7762420177459717 0.5077422261238098 
1.5809104442596436 2.9805657863616943 0.21347737312316895 2.7670884132385254 0.5017874240875244 
1.52325439453125 2.97322154045105 0.2168254554271698 2.7563960552215576 0.5112920999526978 
1.5537729263305664 2.97101092338562 0.21827980875968933 2.7527310848236084 0.5151325464248657 
1.6775319576263428 2.9875776767730713 0.2224978804588318 2.765079975128174 0.5247266292572021 
1.548893690109253 2.9934325218200684 0.21043145656585693 2.783000946044922 0.49202990531921387 
1.6186432838439941 2.983825445175171 0.21426817774772644 2.769556999206543 0.5034193992614746 
1.4767719507217407 2.9748764038085938 0.2089264690876007 2.7659499645233154 0.4894261658191681 
1.5501608848571777 2.972790241241455 0.21682222187519073 2.7559680938720703 0.5106515288352966 
1.4979684352874756 2.9904260635375977 0.21298931539058685 2.7774367332458496 0.49900078773498535 
1.5297049283981323 2.9776692390441895 0.21545016765594482 2.762218952178955 0.5064738392829895 
1.5819660425186157 2.9941933155059814 0.21336832642555237 2.780824899673462 0.4992061257362366 
1.427510380744934 2.9908502101898193 0.20962630212306976 2.781223773956299 0.48966485261917114 
1.4889334440231323 2.984344482421875 0.21682612597942352 2.7675185203552246 0.5095153450965881 
1.465037226676941 2.9823520183563232 0.21309761703014374 2.769254446029663 0.5001527667045593 
1.5904202461242676 2.982572078704834 0.21658113598823547 2.765990734100342 0.5093284845352173 
1.6353318691253662 2.987248420715332 0.22034654021263123 2.766901731491089 0.5186411142349243 
1.6223044395446777 2.9712395668029785 0.21941602230072021 2.751823663711548 0.5177935361862183 
1.5357942581176758 2.96939754486084 0.2092854082584381 2.7601120471954346 0.49107345938682556 
1.516558051109314 2.9718711376190186 0.21291565895080566 2.758955478668213 0.5005497336387634 
1.568598985671997 2.9674806594848633 0.2170702964067459 2.7504100799560547 0.5116094350814819 
1.515322208404541 2.9813613891601562 0.21902617812156677 2.7623353004455566 0.5155702829360962 
1.479794979095459 2.9681200981140137 0.21631547808647156 2.7518043518066406 0.5098572969436646 
1.6212587356567383 2.964780807495117 0.22328120470046997 2.741499423980713 0.528632402420044 
1.555305004119873 2.974189281463623 0.21867087483406067 2.7555184364318848 0.5162365436553955 
1.58272123336792 2.959296464920044 0.21747133135795593 2.7418251037597656 0.5139577984809875 
1.5686304569244385 2.9722347259521484 0.2163100242614746 2.755924701690674 0.5093840956687927 
1.666433334350586 2.9724929332733154 0.2174728512763977 2.7550201416015625 0.5120493173599243 
1.8015642166137695 2.9852795600891113 0.22035884857177734 2.764920711517334 0.5184710025787354 
1.5699371099472046 2.978685140609741 0.2152012288570404 2.763484001159668 0.5050679445266724 
1.462209701538086 2.9937071800231934 0.21608087420463562 2.7776262760162354 0.5060100555419922 
1.5563615560531616 2.976633071899414 0.21767234802246094 2.758960723876953 0.5118709802627563 
1.7363553047180176 2.987772226333618 0.22887367010116577 2.7588984966278076 0.541549801826477 
1.6646933555603027 2.990283727645874 0.2202850729227066 2.769998550415039 0.517819881439209 
1.5964891910552979 2.9737071990966797 0.2180819809436798 2.7556252479553223 0.5131272673606873 
1.501802682876587 3.0069985389709473 0.21515727043151855 2.7918412685394287 0.5021883845329285 
1.7166101932525635 2.9841208457946777 0.224741593003273 2.7593793869018555 0.5295355319976807 
1.5826294422149658 2.969991683959961 0.21503490209579468 2.7549567222595215 0.5052952170372009 
1.6352055072784424 2.9966468811035156 0.22323031723499298 2.773416519165039 0.5242956876754761 
1.5710947513580322 2.997148036956787 0.21671462059020996 2.780433416366577 0.5069199204444885 
1.5260792970657349 2.9889719486236572 0.220473974943161 2.768497943878174 0.5177825093269348 
1.676628828048706 2.985356092453003 0.21904700994491577 2.7663090229034424 0.5140735507011414 
1.578974723815918 3.0019965171813965 0.22087179124355316 2.7811248302459717 0.5168660283088684 
1.6717109680175781 3.0043461322784424 0.2232285737991333 2.7811176776885986 0.5238118171691895 
1.7099385261535645 3.0130443572998047 0.22324076294898987 2.7898035049438477 0.5229167342185974 
1.5465197563171387 3.0018699169158936 0.22382140159606934 2.778048515319824 0.5250017642974854 
1.5699691772460938 2.9785022735595703 0.2172975242137909 2.761204719543457 0.5098246335983276 
1.6830593347549438 2.9902796745300293 0.23384007811546326 2.756439685821533 0.5527446269989014 
1.5792510509490967 2.9947011470794678 0.2196110337972641 2.775090217590332 0.5144946575164795 
1.6961402893066406 2.992009162902832 0.22747454047203064 2.7645347118377686 0.5359402894973755 
1.67662513256073 2.9866890907287598 0.22661636769771576 2.760072708129883 0.5338711738586426 
1.721319556236267 2.9751596450805664 0.22655430436134338 2.748605728149414 0.5347664952278137 
1.656869649887085 2.9690327644348145 0.23466122150421143 2.7343716621398926 0.5573168992996216 
1.811519742012024 2.987097978591919 0.23037460446357727 2.756723403930664 0.5437262058258057 
1.6395145654678345 2.9713940620422363 0.2261650562286377 2.7452292442321777 0.5339241027832031 
1.5379958152770996 2.959918975830078 0.22368425130844116 2.736234664916992 0.5288997888565063 
1.7841980457305908 2.973532199859619 0.23043610155582428 2.743095874786377 0.5456578731536865 
1.665511131286621 2.9604992866516113 0.22407418489456177 2.7364251613616943 0.5293110013008118 
1.608762502670288 2.9716124534606934 0.22742953896522522 2.74418306350708 0.5373937487602234 
1.835890293121338 2.9921767711639404 0.2392817884683609 2.752894878387451 0.5668424367904663 
1.69633948802948 2.967970371246338 0.2294560819864273 2.7385144233703613 0.5432358980178833 
1.7127277851104736 2.978365421295166 0.22585509717464447 2.7525105476379395 0.5324529409408569 
1.724331021308899 2.993467330932617 0.23530235886573792 2.758164882659912 0.5562618970870972 
1.6748669147491455 2.9917659759521484 0.22709783911705017 2.7646679878234863 0.5349498391151428 
1.6357581615447998 2.9756460189819336 0.22473254799842834 2.750913619995117 0.5301241278648376 
1.6305537223815918 2.993440628051758 0.22650542855262756 2.766935348510742 0.5330721139907837 
1.5465168952941895 2.9797048568725586 0.2269802987575531 2.7527241706848145 0.5360109806060791 
1.7186039686203003 2.9912636280059814 0.22353611886501312 2.7677273750305176 0.5257768034934998 
1.5839563608169556 3.0064258575439453 0.22225657105445862 2.7841691970825195 0.5206708908081055 
1.6639922857284546 2.983153820037842 0.22730866074562073 2.755845308303833 0.5361121296882629 
1.5344351530075073 2.9939703941345215 0.23128961026668549 2.762681007385254 0.5459614992141724 
1.7474803924560547 2.98268461227417 0.2230076789855957 2.759676933288574 0.5248486399650574 
1.5924510955810547 2.994558811187744 0.22385480999946594 2.7707042694091797 0.5258097648620605 
1.6016778945922852 2.988516330718994 0.22146624326705933 2.76705002784729 0.5195713043212891 
1.662495732307434 3.005128860473633 0.22912713885307312 2.7760019302368164 0.5387517213821411 
1.690004825592041 2.9924750328063965 0.2258968949317932 2.766578197479248 0.530906081199646 
1.7381916046142578 3.0060441493988037 0.23082247376441956 2.775221824645996 0.5426965951919556 
1.8401881456375122 2.9894189834594727 0.24069790542125702 2.748720645904541 0.5713857412338257 
1.7441036701202393 2.9781055450439453 0.2372872531414032 2.740818500518799 0.5634748935699463 
1.6970678567886353 2.993044376373291 0.2366061955690384 2.7564382553100586 0.5597273111343384 
1.762847661972046 2.9940357208251953 0.23409613966941833 2.759939193725586 0.5532224178314209 
1.8303108215332031 2.973691940307617 0.23869451880455017 2.734997272491455 0.5677715539932251 
1.84312105178833 2.9763710498809814 0.23189005255699158 2.744480848312378 0.5492151975631714 
1.5872565507888794 2.96602201461792 0.235204815864563 2.7308173179626465 0.5590915679931641 
1.708350658416748 2.970451831817627 0.22969503700733185 2.7407565116882324 0.5439356565475464 
1.6114991903305054 2.958712577819824 0.23085317015647888 2.7278594970703125 0.5483149290084839 
1.743346095085144 2.9867682456970215 0.23764708638191223 2.7491211891174316 0.5634770393371582 
1.6647734642028809 2.9792137145996094 0.2354528307914734 2.7437610626220703 0.5582457184791565 
1.664170742034912 2.977217197418213 0.22881262004375458 2.7484047412872314 0.540763258934021 
1.725555181503296 2.991110324859619 0.23161736130714417 2.759493112564087 0.5465644598007202 
1.638770341873169 2.9781861305236816 0.22972142696380615 2.748464822769165 0.5427297353744507 
1.6686012744903564 2.9823150634765625 0.23193547129631042 2.7503795623779297 0.548174262046814 
1.7061896324157715 2.9751243591308594 0.23226073384284973 2.742863655090332 0.550429105758667 
1.73331618309021 2.9768853187561035 0.23144906759262085 2.745436191558838 0.5480383634567261 
1.7042466402053833 2.970128059387207 0.2261318415403366 2.7439961433410645 0.5339922904968262 
1.6037366390228271 2.982288360595703 0.22654396295547485 2.755744218826294 0.5341702103614807 
1.5898569822311401 2.963686943054199 0.22715556621551514 2.7365314960479736 0.5376919507980347 
1.7737528085708618 2.983222007751465 0.2282836139202118 2.7549386024475098 0.5386149287223816 
1.6141464710235596 2.98335337638855 0.2258303463459015 2.7575230598449707 0.5316133499145508 
1.6680641174316406 2.9818153381347656 0.22481104731559753 2.7570042610168457 0.5289815664291382 
1.7511851787567139 2.9782838821411133 0.22491851449012756 2.7533655166625977 0.5301682949066162 
1.6499660015106201 2.9683165550231934 0.2223101705312729 2.7460062503814697 0.5242335796356201 
1.6160612106323242 2.9895617961883545 0.22319898009300232 2.7663626670837402 0.5243496894836426 
1.5604221820831299 2.9664673805236816 0.22328324615955353 2.7431840896606445 0.5268826484680176 
1.5592803955078125 2.966628074645996 0.22344404458999634 2.7431840896606445 0.5277523994445801 
1.7403391599655151 2.9760169982910156 0.2239660918712616 2.7520508766174316 0.528060257434845 
1.6722663640975952 2.985473155975342 0.22187495231628418 2.7635982036590576 0.5215169191360474 
1.7151657342910767 2.9923737049102783 0.22579830884933472 2.766575336456299 0.531089723110199 
1.6825411319732666 2.970076560974121 0.2193128615617752 2.7507636547088623 0.5158799886703491 
1.5523121356964111 2.959421157836914 0.2172425389289856 2.742178440093994 0.5112274289131165 
1.6138232946395874 2.9816017150878906 0.22034212946891785 2.7612593173980713 0.5177505016326904 
1.416825294494629 2.9602575302124023 0.2156376838684082 2.744619846343994 0.5073451995849609 
1.6726417541503906 2.987177848815918 0.22072546184062958 2.7664523124694824 0.5178128480911255 
1.5335681438446045 2.989628314971924 0.21822711825370789 2.7714014053344727 0.5111137628555298 
1.5711504220962524 2.9666807651519775 0.22263793647289276 2.7440426349639893 0.5250171422958374 
1.6196582317352295 2.980672836303711 0.21898764371871948 2.7616851329803467 0.5139797925949097 
1.654883623123169 3.0076165199279785 0.21983487904071808 2.7877817153930664 0.5136854648590088 
1.5043597221374512 2.988957405090332 0.218356192111969 2.770601272583008 0.5117473006248474 
1.6830077171325684 2.982221841812134 0.21787089109420776 2.7643508911132812 0.5109507441520691 
1.6071771383285522 2.9552836418151855 0.22498193383216858 2.730301856994629 0.5325645208358765 
1.6715476512908936 2.969165802001953 0.2222454845905304 2.746920347213745 0.5237901210784912 
1.5794703960418701 2.9668798446655273 0.21967461705207825 2.7472054958343506 0.5173226594924927 
1.561015009880066 2.9706521034240723 0.2192549705505371 2.751397132873535 0.5162228941917419 
1.6067979335784912 2.986624002456665 0.2224329113960266 2.764191150665283 0.5230038166046143 
1.5225615501403809 2.987610340118408 0.22082671523094177 2.7667834758758545 0.5183402299880981 
1.829040765762329 2.9972662925720215 0.22422286868095398 2.773043155670166 0.526733934879303 
1.600447654724121 2.9566211700439453 0.22352886199951172 2.7330923080444336 0.5285284519195557 
1.787251591682434 2.983704090118408 0.22515466809272766 2.758549451828003 0.5298384428024292 
1.5868818759918213 2.980029582977295 0.2248062640428543 2.755223274230957 0.5293661952018738 
1.705542802810669 2.9705348014831543 0.2245425283908844 2.7459921836853027 0.5298423171043396 
1.611212968826294 2.9716649055480957 0.22272989153862 2.7489349842071533 0.5245876312255859 
1.6270256042480469 2.9847755432128906 0.2277979850769043 2.7569775581359863 0.5372351408004761 
1.5616964101791382 2.9844563007354736 0.22887074947357178 2.7555856704711914 0.5399034023284912 
1.519309163093567 2.969088554382324 0.22665174305438995 2.7424368858337402 0.5347830653190613 
1.5933239459991455 2.972120761871338 0.2305784374475479 2.741542339324951 0.5452955961227417 
1.758359432220459 2.987628936767578 0.23639613389968872 2.751232624053955 0.5592153072357178 
1.7078198194503784 2.9866769313812256 0.23164063692092896 2.7550363540649414 0.5465664863586426 
1.809898018836975 2.9919519424438477 0.23982225358486176 2.752129554748535 0.5678857564926147 
1.7167580127716064 2.9703221321105957 0.23966705799102783 2.730654716491699 0.5690433382987976 
1.7928736209869385 2.9945249557495117 0.24006645381450653 2.754458427429199 0.5671454668045044 
1.7579960823059082 2.980440616607666 0.24651193618774414 2.733928680419922 0.5863951444625854 
1.7808657884597778 2.9820311069488525 0.2514486610889435 2.7305827140808105 0.5995360612869263 
1.7442824840545654 2.9842991828918457 0.24917680025100708 2.7351222038269043 0.5933717489242554 
1.827347993850708 2.9787189960479736 0.245598703622818 2.7331202030181885 0.5845540761947632 
1.8417305946350098 2.9656107425689697 0.24880973994731903 2.7168009281158447 0.5951354503631592 
1.8168795108795166 2.979027032852173 0.2483416199684143 2.730685234069824 0.5917757749557495 
1.913975477218628 2.971912145614624 0.2579939663410187 2.7139182090759277 0.6200013756752014 
1.9307975769042969 2.9708902835845947 0.2463066279888153 2.724583625793457 0.5864535570144653 
1.9408050775527954 2.9495537281036377 0.24487587809562683 2.7046780586242676 0.585517942905426 
1.855525255203247 2.980909824371338 0.24953660368919373 2.7313733100891113 0.5946881175041199 
1.8442366123199463 2.966681480407715 0.24197602272033691 2.724705457687378 0.5759207010269165 
1.6939387321472168 2.9765625 0.23910418152809143 2.7374582290649414 0.5672628879547119 
1.607412338256836 2.9609475135803223 0.23912698030471802 2.721820592880249 0.5680198073387146 
1.6937410831451416 2.9723496437072754 0.2451118528842926 2.727238178253174 0.5836166143417358 
1.6794430017471313 2.9747707843780518 0.23978795111179352 2.734982967376709 0.5678122043609619 
1.8145263195037842 2.9718804359436035 0.23799045383930206 2.7338900566101074 0.5636258721351624 
1.855414867401123 2.9771265983581543 0.24441787600517273 2.732708692550659 0.5814813375473022 
1.903773546218872 3.0053207874298096 0.23799669742584229 2.767324209213257 0.5612647533416748 
1.7363592386245728 2.9856438636779785 0.23773470520973206 2.7479090690612793 0.5618659257888794 
1.6383916139602661 2.9630095958709717 0.23815682530403137 2.724853038787842 0.5655441880226135 
1.723846435546875 2.9996085166931152 0.23859603703022003 2.761012554168701 0.5637356042861938 
1.8601913452148438 3.013308525085449 0.24956583976745605 2.763742685317993 0.592094361782074 
1.9614499807357788 2.985513687133789 0.24002230167388916 2.7454915046691895 0.5693923234939575 
1.6417937278747559 2.9601778984069824 0.2384965717792511 2.721681594848633 0.5666763186454773 
1.811263084411621 2.9749510288238525 0.2393132448196411 2.735637664794922 0.5677735805511475 
1.98008131980896 3.001086950302124 0.24321827292442322 2.757868766784668 0.5758413076400757 
1.7894690036773682 2.966737747192383 0.23609013855457306 2.7306480407714844 0.5603611469268799 
1.7972816228866577 3.004664421081543 0.240388885140419 2.764275550842285 0.5681591033935547 
1.736352801322937 3.005742073059082 0.2375081181526184 2.7682340145111084 0.5601920485496521 
1.7257329225540161 2.9955344200134277 0.23895061016082764 2.7565841674804688 0.5650514960289001 
1.8118822574615479 3.0100178718566895 0.24374069273471832 2.766277313232422 0.5764285326004028 
1.7383062839508057 2.994722843170166 0.23439548909664154 2.7603273391723633 0.5525896549224854 
1.6892660856246948 2.9851839542388916 0.2355799376964569 2.7496039867401123 0.5571733117103577 
1.7211683988571167 2.9919028282165527 0.2396060824394226 2.7522966861724854 0.5671218633651733 
1.777820110321045 2.997204542160034 0.2403477281332016 2.756856679916382 0.5694495439529419 
1.8424392938613892 2.999213218688965 0.24028784036636353 2.758925437927246 0.5681347846984863 
1.887230634689331 2.9938788414001465 0.24311798810958862 2.750761032104492 0.5777681469917297 
1.8108584880828857 2.9816904067993164 0.2362453043460846 2.7454452514648438 0.5599280595779419 
1.7288239002227783 2.9654011726379395 0.23845793306827545 2.7269434928894043 0.5678848624229431 
1.7605257034301758 2.9517459869384766 0.23266801238059998 2.7190780639648438 0.5530667304992676 
1.8677349090576172 2.9769632816314697 0.23696300387382507 2.7400002479553223 0.5628178119659424 
1.6947568655014038 2.9527463912963867 0.22930097579956055 2.7234458923339844 0.5444234609603882 
1.7406593561172485 2.9679365158081055 0.22992831468582153 2.7380082607269287 0.5446329712867737 
1.73781156539917 2.9957942962646484 0.23134389519691467 2.7644503116607666 0.5456845164299011 
1.7210912704467773 2.9617249965667725 0.2237175703048706 2.7380075454711914 0.5290979146957397 
1.6891814470291138 2.978410482406616 0.22827927768230438 2.750131130218506 0.5393193960189819 
1.6706633567810059 2.9677529335021973 0.22725269198417664 2.7405002117156982 0.5372775793075562 
1.7390460968017578 3.007988691329956 0.227838933467865 2.7801496982574463 0.5345289707183838 
1.7466151714324951 3.009518623352051 0.22689604759216309 2.782622814178467 0.5317091941833496 
1.6877050399780273 2.9969120025634766 0.22431527078151703 2.772596597671509 0.5260297656059265 
1.662734031677246 2.999917507171631 0.2255515456199646 2.7743659019470215 0.5292233228683472 
1.6778626441955566 3.005657434463501 0.22726380825042725 2.778393268585205 0.5325179100036621 
1.6464779376983643 3.0049595832824707 0.22506940364837646 2.7798900604248047 0.5271247029304504 
1.6826107501983643 3.0047945976257324 0.22747790813446045 2.7773168087005615 0.5335202217102051 
1.7451438903808594 2.9848990440368652 0.2308773398399353 2.7540218830108643 0.5442411303520203 
1.851426362991333 3.0021915435791016 0.24139219522476196 2.7607994079589844 0.5716330409049988 
1.6784861087799072 2.9902541637420654 0.23001009225845337 2.7602438926696777 0.5417342185974121 
1.717726469039917 2.992579936981201 0.2358362078666687 2.7567434310913086 0.5577791333198547 
1.700420618057251 2.98986554145813 0.24094258248806 2.7489233016967773 0.5715563893318176 
1.7043880224227905 2.9945716857910156 0.23219378292560577 2.7623777389526367 0.5469581484794617 
1.6709791421890259 3.0098328590393066 0.24044013023376465 2.769392490386963 0.5677427053451538 
1.754472017288208 3.0126094818115234 0.24193966388702393 2.77066969871521 0.5714496970176697 
1.7547775506973267 2.998790740966797 0.24204599857330322 2.756744384765625 0.5731706023216248 
1.6974163055419922 3.0085597038269043 0.24099484086036682 2.7675647735595703 0.5688892602920532 
1.8611232042312622 2.9974987506866455 0.2453681230545044 2.7521305084228516 0.5822939872741699 
1.958627462387085 3.0063297748565674 0.2473972737789154 2.758932590484619 0.5868944525718689 
1.7670162916183472 2.9907360076904297 0.2466057538986206 2.7441303730010986 0.5863242149353027 
1.782497525215149 3.0048649311065674 0.25093188881874084 2.7539329528808594 0.5963530540466309 
1.8893005847930908 2.9846279621124268 0.24772143363952637 2.7369065284729004 0.5904107093811035 
1.9303719997406006 2.96826171875 0.2500495910644531 2.718212604522705 0.5970401763916016 
1.9892771244049072 2.96492600440979 0.2496972382068634 2.715228796005249 0.5970636010169983 
1.8948087692260742 2.958733558654785 0.24679404497146606 2.7119393348693848 0.5900418758392334 
1.670857548713684 2.970759153366089 0.25014764070510864 2.720611572265625 0.5983097553253174 
1.8811447620391846 2.9905238151550293 0.25491002202033997 2.7356138229370117 0.6089521646499634 
1.9034301042556763 2.9606378078460693 0.24688132107257843 2.713756561279297 0.5892395973205566 
1.906637191772461 2.983213424682617 0.24741125106811523 2.735802412033081 0.5895238518714905 
1.8034918308258057 2.982306957244873 0.24754396080970764 2.7347631454467773 0.5894482731819153 
1.7791388034820557 2.9883275032043457 0.24131332337856293 2.747014045715332 0.5726810693740845 
1.7605479955673218 3.0096354484558105 0.24182254076004028 2.767812967300415 0.5715228915214539 
1.749241828918457 2.9540834426879883 0.23766839504241943 2.7164149284362793 0.5658726692199707 
1.7536818981170654 2.95862078666687 0.23578381538391113 2.722836971282959 0.5604913830757141 
1.8429350852966309 2.985832691192627 0.23823389410972595 2.747598648071289 0.5647156238555908 
1.660083532333374 2.9560792446136475 0.23341739177703857 2.7226619720458984 0.5540977716445923 
1.8868751525878906 2.9827256202697754 0.23074248433113098 2.751983165740967 0.5442718267440796 
1.648624062538147 2.977015256881714 0.23296764492988586 2.7440476417541504 0.5503106117248535 
1.7766146659851074 2.9970076084136963 0.23092877864837646 2.7660787105560303 0.5434365272521973 
1.812209129333496 2.976412057876587 0.22815898060798645 2.748253107070923 0.538542628288269 
1.7392351627349854 2.943437099456787 0.22862869501113892 2.714808225631714 0.5428779721260071 
1.6885665655136108 2.9904823303222656 0.23200973868370056 2.758472442626953 0.5475692749023438 
1.7105205059051514 2.999042510986328 0.2328454554080963 2.7661972045898438 0.5492537021636963 
1.7789316177368164 3.016819953918457 0.2290356159210205 2.7877845764160156 0.5373689532279968 
1.6605712175369263 3.012255907058716 0.22600442171096802 2.7862515449523926 0.5293259024620056 
1.6782634258270264 3.0097599029541016 0.22930651903152466 2.7804534435272217 0.5387588739395142 
1.7841243743896484 3.0009560585021973 0.23353825509548187 2.7674179077148438 0.5511218905448914 
1.7133042812347412 3.000948905944824 0.2349608689546585 2.7659878730773926 0.5545849800109863 
1.827980875968933 3.0216822624206543 0.23535805940628052 2.7863242626190186 0.5534318685531616 
1.838402271270752 3.006903886795044 0.23859141767024994 2.768312454223633 0.5634594559669495 
1.905052900314331 3.0047435760498047 0.2470988929271698 2.7576446533203125 0.5861577987670898 
1.864081859588623 3.002619981765747 0.24465902149677277 2.7579612731933594 0.5800110101699829 
1.891448974609375 3.018197774887085 0.2521173655986786 2.766080379486084 0.5985397696495056 
1.9822964668273926 3.0046257972717285 0.25226330757141113 2.7523622512817383 0.6003148555755615 
1.9353739023208618 3.022531032562256 0.24573975801467896 2.7767910957336426 0.5810781717300415 
1.9085149765014648 3.0131118297576904 0.2453327625989914 2.7677793502807617 0.5812259912490845 
1.8408390283584595 2.9908344745635986 0.24137525260448456 2.7494592666625977 0.5727042555809021 
1.8091235160827637 2.975234031677246 0.24012987315654755 2.7351043224334717 0.5702779293060303 
1.8296176195144653 2.982891798019409 0.2442198395729065 2.7386720180511475 0.5803276896476746 
1.8217179775238037 3.0057992935180664 0.24193765223026276 2.763861656188965 0.5725969076156616 
1.9456411600112915 3.0248122215270996 0.25142234563827515 2.7733898162841797 0.5955700874328613 
1.7860462665557861 2.9788930416107178 0.24505257606506348 2.733840227127075 0.582992434501648 
1.9277536869049072 3.0028464794158936 0.24364079535007477 2.7592058181762695 0.5771471261978149 
1.771923303604126 2.9801199436187744 0.241143137216568 2.7389769554138184 0.5725374221801758 
1.861531138420105 2.9868524074554443 0.24533727765083313 2.7415153980255127 0.5835376977920532 
1.8394243717193604 2.9769108295440674 0.24254825711250305 2.7343626022338867 0.577103853225708 
1.9467476606369019 2.9941763877868652 0.2519652247428894 2.742211103439331 0.6012184023857117 
1.848095417022705 2.9688057899475098 0.24094094336032867 2.727864980697632 0.5744759440422058 
1.7157669067382812 2.972623348236084 0.24387618899345398 2.7287468910217285 0.5812196731567383 
1.752068042755127 2.998014450073242 0.24277323484420776 2.7552411556243896 0.5753442049026489 
1.791132926940918 2.9703025817871094 0.24506187438964844 2.725240468978882 0.5836995244026184 
1.8868356943130493 2.9769091606140137 0.24891313910484314 2.7279958724975586 0.5941098928451538 
1.9192776679992676 2.974785327911377 0.2424105852842331 2.732375144958496 0.5765643119812012 
1.7585539817810059 3.0057835578918457 0.24640625715255737 2.7593772411346436 0.5838149189949036 
1.9377108812332153 3.0150654315948486 0.2487707883119583 2.7662947177886963 0.5894252061843872 
1.847769021987915 3.01021146774292 0.25437912344932556 2.7558324337005615 0.6047022342681885 
1.873776912689209 3.008054256439209 0.24838465452194214 2.759669780731201 0.5884314775466919 
1.8365182876586914 2.999967098236084 0.24453672766685486 2.755430221557617 0.579412579536438 
1.8574748039245605 2.99442195892334 0.2492392659187317 2.745182514190674 0.592502236366272 
1.8054959774017334 3.000248908996582 0.2476312220096588 2.752617835998535 0.5872272253036499 
1.907371163368225 2.9933245182037354 0.25247177481651306 2.7408528327941895 0.6012812256813049 
2.0760703086853027 3.0108087062835693 0.25698792934417725 2.7538208961486816 0.611595630645752 
1.8383969068527222 3.008241891860962 0.252896249294281 2.755345344543457 0.6001989841461182 
1.8559532165527344 2.998506546020508 0.25281503796577454 2.7456915378570557 0.6007651090621948 
2.00362491607666 3.011592388153076 0.2503684163093567 2.7612240314483643 0.5944538116455078 
1.9817012548446655 2.9946277141571045 0.25607290863990784 2.7385549545288086 0.6117206811904907 
1.9257278442382812 2.9970204830169678 0.24941372871398926 2.7476067543029785 0.5929193496704102 
2.026320457458496 3.0241353511810303 0.25615084171295166 2.767984390258789 0.6085671782493591 
1.9460127353668213 3.0164148807525635 0.25522634387016296 2.761188507080078 0.6069881319999695 
1.924376130104065 3.005706787109375 0.2526874840259552 2.753019332885742 0.601772665977478 
1.883841633796692 2.9925038814544678 0.2422621250152588 2.750241756439209 0.5753266215324402 
1.909445881843567 2.996176242828369 0.24301131069660187 2.7531650066375732 0.577290415763855 
1.8722679615020752 2.992003917694092 0.24448397755622864 2.7475199699401855 0.5815033912658691 
1.7850099802017212 3.0027365684509277 0.24035680294036865 2.7623801231384277 0.5689716339111328 
1.8154124021530151 3.0116078853607178 0.23931288719177246 2.772294759750366 0.5647463798522949 
1.8797707557678223 3.027600049972534 0.23782432079315186 2.7897756099700928 0.5595936179161072 
1.8251049518585205 3.028775215148926 0.23478740453720093 2.79398775100708 0.551240086555481 
1.7422614097595215 3.0272085666656494 0.23958873748779297 2.7876198291778564 0.5642125606536865 
1.7959403991699219 3.0201926231384277 0.24010413885116577 2.780088424682617 0.5667576789855957 
1.7706289291381836 3.010462760925293 0.24375246465206146 2.7667102813720703 0.5772880911827087 
1.8605060577392578 2.989612579345703 0.2391590178012848 2.750453472137451 0.5672110319137573 
1.8565735816955566 3.0027031898498535 0.24552404880523682 2.7571792602539062 0.5830831527709961 
1.863508939743042 2.9879798889160156 0.24374380707740784 2.7442359924316406 0.5792055130004883 
1.8639568090438843 2.9990010261535645 0.24669496715068817 2.7523059844970703 0.5861049890518188 
1.7436027526855469 2.972024917602539 0.24525387585163116 2.7267708778381348 0.5857841968536377 
1.7870444059371948 2.9993200302124023 0.25182801485061646 2.7474920749664307 0.5997236967086792 
1.9271302223205566 2.9930875301361084 0.2502632141113281 2.7428245544433594 0.5968478918075562 
1.9769949913024902 2.9853618144989014 0.244148850440979 2.741212844848633 0.5803916454315186 
1.9007619619369507 2.9859225749969482 0.2519395649433136 2.733983039855957 0.6015518307685852 
1.8183019161224365 2.9887807369232178 0.25093507766723633 2.7378456592559814 0.596809983253479 
1.9978413581848145 2.9903135299682617 0.2600935101509094 2.730219841003418 0.6225125193595886 
2.0528383255004883 3.0106523036956787 0.2568758428096771 2.7537765502929688 0.6118332743644714 
1.8527990579605103 2.993018865585327 0.2547718286514282 2.7382471561431885 0.6067811250686646 
1.8738363981246948 2.9867348670959473 0.2568213939666748 2.7299137115478516 0.6138021349906921 
1.9403244256973267 2.9846034049987793 0.2566238343715668 2.7279791831970215 0.6132630109786987 
1.9158533811569214 2.985198974609375 0.25514644384384155 2.7300527095794678 0.6098130345344543 
2.038309097290039 2.982668399810791 0.2583634853363037 2.7243049144744873 0.6183878779411316 
1.9480303525924683 2.985870361328125 0.2561340928077698 2.729736089706421 0.6119195222854614 
1.9158964157104492 3.002603530883789 0.24964240193367004 2.7529611587524414 0.5933213233947754 
1.8224632740020752 2.988074779510498 0.24812351167201996 2.7399511337280273 0.5899580121040344 
1.929760456085205 2.9869742393493652 0.248270183801651 2.738703966140747 0.5898734331130981 
1.9893360137939453 3.0056865215301514 0.2499620020389557 2.7557246685028076 0.5942208766937256 
1.7444120645523071 2.971698760986328 0.24563796818256378 2.7260608673095703 0.5850697755813599 
1.771838665008545 2.9811887741088867 0.24215653538703918 2.73903226852417 0.5743519067764282 
1.7290163040161133 2.9849929809570312 0.2376159429550171 2.747377395629883 0.5623757839202881 
1.7755184173583984 2.9959263801574707 0.24246683716773987 2.7534596920013428 0.5749967694282532 
1.8218777179718018 2.9587411880493164 0.23541663587093353 2.7233245372772217 0.5584827065467834 
1.9581443071365356 2.9845447540283203 0.24309435486793518 2.741450548171997 0.5773487091064453 
1.835275650024414 2.988964557647705 0.23831063508987427 2.7506542205810547 0.5645034909248352 
1.8386385440826416 2.969564199447632 0.23356886208057404 2.735995292663574 0.5538134574890137 
1.7338861227035522 2.979188919067383 0.23548558354377747 2.7437033653259277 0.5580023527145386 
1.8895940780639648 3.013489246368408 0.23681595921516418 2.7766733169555664 0.5580261945724487 
1.7320128679275513 3.0003373622894287 0.23479022085666656 2.765547275543213 0.5541011095046997 
1.8551130294799805 3.006373643875122 0.23791909217834473 2.7684545516967773 0.5611854791641235 
1.815364122390747 2.9715256690979004 0.2308204472064972 2.7407052516937256 0.5465149879455566 
1.8233940601348877 3.00667405128479 0.23299041390419006 2.773683786392212 0.5483107566833496 
1.9296947717666626 2.9966299533843994 0.24198821187019348 2.7546420097351074 0.573370099067688 
1.7745896577835083 2.991610050201416 0.2375073879957199 2.7541027069091797 0.561029314994812 
1.952256679534912 3.014064311981201 0.24102622270584106 2.773037910461426 0.5688191056251526 
1.783691167831421 3.017237663269043 0.24094869196414948 2.7762889862060547 0.5684549808502197 
1.7517352104187012 3.0255236625671387 0.24012823402881622 2.785395383834839 0.5654377937316895 
1.8062121868133545 3.0041823387145996 0.24200332164764404 2.762179136276245 0.5720928907394409 
1.7243268489837646 3.0049691200256348 0.23857703804969788 2.7663919925689697 0.5629606246948242 
1.92771315574646 3.016545057296753 0.241797536611557 2.774747610092163 0.5708969831466675 
1.899219274520874 3.0175931453704834 0.24665823578834534 2.770934820175171 0.5829499959945679 
1.8193261623382568 3.0127716064453125 0.24324384331703186 2.7695279121398926 0.5742547512054443 
1.9431604146957397 3.0303049087524414 0.24917006492614746 2.781134605407715 0.5885933041572571 
1.8867496252059937 3.0124263763427734 0.24314653873443604 2.769279956817627 0.5742194056510925 
1.8322479724884033 3.0043230056762695 0.24748072028160095 2.7568421363830566 0.5863097310066223 
1.9538673162460327 3.016815185546875 0.24553310871124268 2.7712819576263428 0.5805444717407227 
1.9698983430862427 2.995870590209961 0.24790072441101074 2.747969627380371 0.5890274047851562 
1.9481947422027588 3.0144500732421875 0.24638448655605316 2.7680654525756836 0.583024263381958 
1.9672530889511108 2.9972281455993652 0.25158607959747314 2.7456421852111816 0.5992933511734009 
2.0387496948242188 3.0010643005371094 0.2592887580394745 2.7417755126953125 0.6200448274612427 
1.9920871257781982 2.9790704250335693 0.24866808950901031 2.7304024696350098 0.5933311581611633 
2.048030138015747 2.986320972442627 0.2545119822025299 2.731809139251709 0.609858512878418 
1.8887379169464111 2.9785208702087402 0.24284352362155914 2.7356770038604736 0.5781264305114746 
1.9359538555145264 3.0015859603881836 0.24646878242492676 2.7551169395446777 0.5861408114433289 
1.9620232582092285 2.99621844291687 0.25181248784065247 2.744405746459961 0.6007722616195679 
1.8432371616363525 3.016350746154785 0.24575772881507874 2.7705931663513184 0.5819302797317505 
1.8181893825531006 2.996875286102295 0.2489584982395172 2.7479166984558105 0.5935661196708679 
1.8093647956848145 3.011147975921631 0.24798235297203064 2.7631657123565674 0.5888408422470093 
2.054811477661133 3.0111141204833984 0.2546709477901459 2.7564430236816406 0.6065148115158081 
1.7989954948425293 3.017828941345215 0.2480880618095398 2.7697408199310303 0.5872875452041626 
1.8951947689056396 3.0298573970794678 0.2559164762496948 2.7739410400390625 0.6079986095428467 
1.9429795742034912 3.0222742557525635 0.24547898769378662 2.7767953872680664 0.5804774761199951 
1.8824001550674438 3.016278028488159 0.24560771882534027 2.7706704139709473 0.5813416838645935 
1.894474744796753 3.0124599933624268 0.24780887365341187 2.764651298522949 0.5871554613113403 
1.966416358947754 3.0227956771850586 0.24991551041603088 2.7728800773620605 0.5920318365097046 
1.913785696029663 3.015970468521118 0.2519357204437256 2.7640347480773926 0.5973551273345947 
2.034695625305176 3.0189945697784424 0.25738245248794556 2.7616121768951416 0.6119482517242432 
2.045928955078125 3.0157344341278076 0.2643550634384155 2.7513792514801025 0.6312597990036011 
1.9911342859268188 2.9964256286621094 0.2626301050186157 2.733795642852783 0.6299036741256714 
2.0442330837249756 2.986920118331909 0.26749083399772644 2.7194294929504395 0.6441904306411743 
2.002312183380127 2.9782166481018066 0.2664274573326111 2.71178936958313 0.6422836780548096 
2.190190315246582 2.9827685356140137 0.26943475008010864 2.7133336067199707 0.650253176689148 
1.9103842973709106 3.0070948600769043 0.2625155448913574 2.744579315185547 0.6278122067451477 
1.9020476341247559 3.0029196739196777 0.26020872592926025 2.742711067199707 0.6217184066772461 
1.8941826820373535 2.991962432861328 0.25938478112220764 2.7325778007507324 0.6206399202346802 
1.9873231649398804 2.997987985610962 0.26568061113357544 2.7323074340820312 0.6375163793563843 
1.9821112155914307 3.005499839782715 0.2637484073638916 2.7417514324188232 0.6309382915496826 
2.0142524242401123 3.0247180461883545 0.26854532957077026 2.7561726570129395 0.6422601342201233 
1.9045398235321045 3.0227456092834473 0.26407700777053833 2.7586684226989746 0.6305673718452454 
1.9651951789855957 3.0065231323242188 0.2665117383003235 2.740011692047119 0.6388248205184937 
1.9845060110092163 3.000363349914551 0.2602919936180115 2.7400712966918945 0.6221514940261841 
2.0829806327819824 3.0082759857177734 0.27557337284088135 2.7327024936676025 0.6636382341384888 
2.0771358013153076 2.9976234436035156 0.2642776370048523 2.7333455085754395 0.634178876876831 
2.156447410583496 2.9865479469299316 0.265666663646698 2.720881462097168 0.6393585801124573 
1.999783992767334 2.97269344329834 0.2676253318786621 2.7050681114196777 0.646908164024353 
1.9910521507263184 2.9918317794799805 0.2748006582260132 2.7170310020446777 0.663615882396698 
2.0888729095458984 3.003046751022339 0.26591092348098755 2.737135887145996 0.638424277305603 
2.027454376220703 3.016798734664917 0.26751166582107544 2.7492871284484863 0.6397024393081665 
2.080620765686035 2.992081642150879 0.2644931972026825 2.727588415145874 0.6351323127746582 
2.0413899421691895 3.0045788288116455 0.2647854685783386 2.739793300628662 0.6354997158050537 
1.948864221572876 3.0088088512420654 0.2646705210208893 2.74413800239563 0.6342781782150269 
1.917316198348999 3.0036540031433105 0.2598869204521179 2.743767023086548 0.6218600869178772 
1.9057551622390747 3.019240617752075 0.2505950927734375 2.7686455249786377 0.5942597389221191 
1.8564716577529907 3.004521131515503 0.24850183725357056 2.7560195922851562 0.5896552205085754 
1.8438599109649658 3.0138962268829346 0.2504093050956726 2.763486862182617 0.5944724082946777 
2.0019919872283936 3.0151915550231934 0.2599465847015381 2.755244731903076 0.620505690574646 
1.853583812713623 2.9906363487243652 0.25041359663009644 2.740222930908203 0.5960432887077332 
1.8319847583770752 3.0066542625427246 0.25252899527549744 2.7541251182556152 0.6007603406906128 
1.9471590518951416 2.9902474880218506 0.2593410015106201 2.7309064865112305 0.6202477216720581 
2.0813729763031006 3.0165419578552246 0.2599638104438782 2.756578207015991 0.6198186874389648 
1.860767126083374 2.9996836185455322 0.25246137380599976 2.7472219467163086 0.6012930274009705 
1.898925542831421 2.971870183944702 0.2517111003398895 2.7201590538024902 0.6017699241638184 
1.953713297843933 3.010221004486084 0.2559967041015625 2.7542240619659424 0.6098105907440186 
1.967991828918457 3.0041980743408203 0.2593127489089966 2.7448854446411133 0.6199436187744141 
2.0026907920837402 2.9882757663726807 0.25936800241470337 2.728907823562622 0.621666431427002 
1.865312099456787 2.999451160430908 0.25445806980133057 2.744992971420288 0.6059412956237793 
1.9464653730392456 2.9986817836761475 0.2596108317375183 2.7390708923339844 0.62030029296875 
2.066927194595337 2.9961960315704346 0.26541775465011597 2.730778694152832 0.6366876363754272 
2.103217840194702 2.9729294776916504 0.2599138915538788 2.713015556335449 0.6246145963668823 
2.0775957107543945 2.9777917861938477 0.2611035108566284 2.7166881561279297 0.6269922256469727 
1.9187817573547363 2.9844322204589844 0.25650978088378906 2.7279224395751953 0.6132290959358215 
1.9023454189300537 2.9857587814331055 0.2567562460899353 2.7290024757385254 0.6144278049468994 
2.014333486557007 3.0038459300994873 0.2571437656879425 2.746701955795288 0.6131501197814941 
1.9318983554840088 3.018583297729492 0.25296682119369507 2.7656164169311523 0.6004965305328369 
1.8785676956176758 3.015352249145508 0.2452249825000763 2.770127296447754 0.5803160667419434 
1.8553200960159302 3.030242919921875 0.25088751316070557 2.779355525970459 0.5937772989273071 
1.8651292324066162 2.9998221397399902 0.25054264068603516 2.749279737472534 0.595840573310852 
1.9623650312423706 3.0195727348327637 0.24431279301643372 2.7752599716186523 0.5774170160293579 
1.962237000465393 3.0184743404388428 0.25216567516326904 2.7663087844848633 0.5983685255050659 
1.8707486391067505 3.018723726272583 0.2515200972557068 2.7672035694122314 0.5962002277374268 
1.8639616966247559 2.9987871646881104 0.2446088343858719 2.754178285598755 0.579180896282196 
1.823850154876709 3.0138986110687256 0.2502474784851074 2.763650894165039 0.592815637588501 
1.9170703887939453 3.0163135528564453 0.24721506237983704 2.7690982818603516 0.5845539569854736 
2.0094990730285645 3.0066018104553223 0.2625217139720917 2.744080066680908 0.6268235445022583 
2.1404061317443848 3.032519578933716 0.264483779668808 2.768035888671875 0.6306700110435486 
2.0539584159851074 3.0021634101867676 0.2529178559780121 2.7492454051971436 0.6032270193099976 
1.986706018447876 3.0160064697265625 0.26279598474502563 2.7532105445861816 0.628197968006134 
2.0897209644317627 2.996203899383545 0.26053959131240845 2.7356643676757812 0.6248360872268677 
1.840216040611267 2.9808311462402344 0.2635802626609802 2.7172508239746094 0.6337620615959167 
2.0521841049194336 2.9921913146972656 0.2656792998313904 2.7265121936798096 0.6385509371757507 
1.915257453918457 2.973881483078003 0.26251494884490967 2.711366653442383 0.6318358778953552 
1.9482700824737549 2.995821714401245 0.261645644903183 2.73417592048645 0.6268823146820068 
2.1154704093933105 2.983916997909546 0.2666420638561249 2.7172751426696777 0.6422441005706787 
1.985180377960205 2.9715094566345215 0.24491026997566223 2.7265992164611816 0.5851073861122131 
1.7635958194732666 2.9549026489257812 0.2566896975040436 2.6982131004333496 0.6178265810012817 
1.9666645526885986 2.999455451965332 0.2552626132965088 2.744192600250244 0.6090817451477051 
2.069511890411377 3.0086231231689453 0.24538664519786835 2.7632365226745605 0.5809754729270935 
1.7919814586639404 3.032043218612671 0.24445781111717224 2.7875852584838867 0.5759729146957397 
1.8865926265716553 3.0197360515594482 0.2384243607521057 2.7813117504119873 0.5614792108535767 
1.8906809091567993 3.0207600593566895 0.24091091752052307 2.779849052429199 0.5686872601509094 
1.7575736045837402 3.0283021926879883 0.24342921376228333 2.7848730087280273 0.5744389891624451 
1.8011802434921265 3.0057504177093506 0.24458985030651093 2.7611606121063232 0.5801286101341248 
1.8196163177490234 3.0162034034729004 0.2529178857803345 2.7632856369018555 0.6004607677459717 
1.8448421955108643 2.9980382919311523 0.25562095642089844 2.742417335510254 0.6096184253692627 
1.9275909662246704 3.0097227096557617 0.25701791048049927 2.7527048587799072 0.6114212274551392 
2.088192939758301 2.996823787689209 0.2657143473625183 2.731109619140625 0.6376537084579468 
2.08612060546875 3.002808094024658 0.2831493020057678 2.719658613204956 0.6845253109931946 
2.1307568550109863 3.011784076690674 0.2818906903266907 2.729893207550049 0.6807516813278198 
2.2195537090301514 2.988391876220703 0.28001725673675537 2.7083747386932373 0.6780117750167847 
2.327601909637451 2.998457908630371 0.27775198221206665 2.72070574760437 0.6709715127944946 
2.020197629928589 2.980039358139038 0.2788771986961365 2.701162338256836 0.6750384569168091 
2.2611889839172363 3.007225275039673 0.27455925941467285 2.732666015625 0.6605027914047241 
1.8496007919311523 2.982262372970581 0.26843348145484924 2.7138290405273438 0.6478965282440186 
2.046818256378174 2.977951765060425 0.25876516103744507 2.719186544418335 0.6210167407989502 
2.0613346099853516 2.9902071952819824 0.26662832498550415 2.723578929901123 0.6411473751068115 
1.8865588903427124 2.99076771736145 0.25245025753974915 2.7383174896240234 0.6013286113739014 
1.9190468788146973 3.0031394958496094 0.2539820969104767 2.749157428741455 0.6039774417877197 
1.8668874502182007 3.002537965774536 0.24842947721481323 2.754108428955078 0.5900101065635681 
1.9689888954162598 3.0049550533294678 0.24881845712661743 2.756136655807495 0.5903044939041138 
1.9737579822540283 3.0187954902648926 0.2590218484401703 2.7597737312316895 0.6168344020843506 
1.9145100116729736 3.008486747741699 0.24615143239498138 2.7623353004455566 0.5831597447395325 
1.9670329093933105 3.006669282913208 0.25020426511764526 2.756465196609497 0.5944200158119202 
1.8580718040466309 3.0074243545532227 0.2441188395023346 2.763305425643921 0.5781300663948059 
1.89864182472229 3.0007479190826416 0.25748443603515625 2.7432637214660645 0.6142995357513428 
1.8862583637237549 3.0131711959838867 0.25279170274734497 2.7603797912597656 0.6000856161117554 
1.8248765468597412 3.018685817718506 0.25255662202835083 2.7661290168762207 0.5988430976867676 
2.0689826011657715 3.0199358463287354 0.2642749845981598 2.7556610107421875 0.6300528049468994 
2.0440235137939453 3.006640911102295 0.26027294993400574 2.746367931365967 0.6202727556228638 
2.0843443870544434 3.018315553665161 0.2654446065425873 2.752871036529541 0.6344742178916931 
2.048462152481079 2.994663953781128 0.26866477727890015 2.725999116897583 0.6442891359329224 
2.151191234588623 3.005049467086792 0.28629034757614136 2.718759059906006 0.6922774314880371 
2.1237399578094482 2.9802238941192627 0.28239667415618896 2.6978273391723633 0.6851383447647095 
2.192844867706299 3.0069165229797363 0.28463366627693176 2.722282648086548 0.688474178314209 
2.1747255325317383 2.9877521991729736 0.27057480812072754 2.717177629470825 0.6517170667648315 
2.160888195037842 3.0161242485046387 0.2813115417957306 2.7348124980926514 0.6780579686164856 
2.0102310180664062 3.0021097660064697 0.2672073543071747 2.7349023818969727 0.6406105160713196 
2.127530813217163 3.0097930431365967 0.26453784108161926 2.7452552318573 0.6330631375312805 
2.2273638248443604 3.006955623626709 0.2657550573348999 2.7412004470825195 0.6358727812767029 
2.061656951904297 3.0202908515930176 0.2565474808216095 2.7637431621551514 0.6099526882171631 
2.131866455078125 3.035393714904785 0.26439526677131653 2.770998239517212 0.6300634145736694 
1.9794251918792725 3.016439437866211 0.24686476588249207 2.7695746421813965 0.5847777128219604 
2.0853257179260254 3.0335543155670166 0.26111462712287903 2.77243971824646 0.6219662427902222 
1.8081740140914917 3.0235910415649414 0.24379786849021912 2.7797930240631104 0.5763465762138367 
1.9541852474212646 3.0400304794311523 0.2523987591266632 2.7876317501068115 0.5973089933395386 
1.9958317279815674 3.031179189682007 0.2514205276966095 2.7797586917877197 0.5954351425170898 
1.9882876873016357 3.0277013778686523 0.2525455951690674 2.775155544281006 0.5987737774848938 
1.9029804468154907 3.0460739135742188 0.2553994655609131 2.7906746864318848 0.6043674945831299 
1.8573837280273438 3.024413585662842 0.25575777888298035 2.768655776977539 0.6074552536010742 
2.0077385902404785 3.026625633239746 0.25246354937553406 2.7741620540618896 0.5989723205566406 
1.8930532932281494 3.011874198913574 0.25756216049194336 2.754312038421631 0.6132645606994629 
2.1394312381744385 3.026521682739258 0.27301687002182007 2.753504753112793 0.6536816358566284 
2.1050968170166016 3.00980544090271 0.27733418345451355 2.732470989227295 0.6676439046859741 
2.0370659828186035 2.9978322982788086 0.2810983955860138 2.716733932495117 0.6799747943878174 
2.1252455711364746 2.984830856323242 0.2783091068267822 2.706521511077881 0.6732587218284607 
2.197988986968994 2.986208915710449 0.2726360261440277 2.7135727405548096 0.657264232635498 
2.0218145847320557 3.0045549869537354 0.2759235203266144 2.7286314964294434 0.6646285653114319 
1.9539363384246826 2.983555793762207 0.27701514959335327 2.706540584564209 0.6701620221138 
2.0289955139160156 3.0086073875427246 0.27565521001815796 2.732952117919922 0.6633334755897522 
1.9960213899612427 2.982646942138672 0.2622882127761841 2.7203586101531982 0.6289541721343994 
2.159411907196045 3.0087194442749023 0.2826687693595886 2.726050853729248 0.6825248003005981 
2.0152788162231445 2.9813179969787598 0.26285383105278015 2.7184643745422363 0.6306110620498657 
2.1661219596862793 2.9820046424865723 0.27441760897636414 2.7075867652893066 0.6621856689453125 
2.044854164123535 3.0052714347839355 0.2618178725242615 2.7434535026550293 0.6256234645843506 
2.0524325370788574 2.995601177215576 0.2608559727668762 2.7347452640533447 0.6244382858276367 
2.1179864406585693 3.005044460296631 0.27839234471321106 2.726651906967163 0.6704521179199219 
2.1333014965057373 3.0050086975097656 0.26556363701820374 2.7394447326660156 0.6356756687164307 
2.056861400604248 3.024656295776367 0.2666490077972412 2.758007287979126 0.637077271938324 
2.094191074371338 3.0086989402770996 0.25902605056762695 2.7496731281280518 0.6179539561271667 
1.937889814376831 3.0193212032318115 0.2601226568222046 2.7591986656188965 0.6196248531341553 
2.0280115604400635 3.0227553844451904 0.2651223838329315 2.7576332092285156 0.6336202621459961 
1.8857288360595703 3.0077407360076904 0.25231438875198364 2.7554264068603516 0.6002027988433838 
1.9100914001464844 3.019735097885132 0.25892317295074463 2.7608120441436768 0.6161095499992371 
2.153740882873535 3.023535966873169 0.2591487169265747 2.7643871307373047 0.6170457601547241 
2.114184856414795 3.012664318084717 0.2740892767906189 2.738574981689453 0.6595315933227539 
2.0156009197235107 3.0109424591064453 0.2696256637573242 2.7413170337677 0.6464447379112244 
2.0801615715026855 3.0139896869659424 0.2762828469276428 2.7377068996429443 0.664479672908783 
1.9585700035095215 3.0226945877075195 0.26273295283317566 2.7599616050720215 0.6260590553283691 
2.0435144901275635 3.01084041595459 0.2692333459854126 2.7416069507598877 0.6452217698097229 
2.055370807647705 2.991638422012329 0.2680095434188843 2.7236289978027344 0.6449298858642578 
2.081174850463867 3.01499605178833 0.27289366722106934 2.74210262298584 0.6548858880996704 
2.310285806655884 3.005314588546753 0.280264675617218 2.7250499725341797 0.6761165857315063 
2.1616804599761963 3.02689528465271 0.26901406049728394 2.7578811645507812 0.6427338123321533 
2.1188719272613525 3.01997709274292 0.27190712094306946 2.748070240020752 0.65074622631073 
2.093937873840332 3.0163493156433105 0.2673649489879608 2.7489843368530273 0.6391028761863708 
2.0113868713378906 3.0120768547058105 0.26882386207580566 2.743252754211426 0.6440916061401367 
2.111477851867676 3.0074286460876465 0.27592092752456665 2.7315077781677246 0.663934588432312 
2.010451078414917 3.0128238201141357 0.2664859890937805 2.746337890625 0.6377170085906982 
2.0106749534606934 3.0115230083465576 0.2560287117958069 2.7554943561553955 0.6094754934310913 
2.1718602180480957 3.0187129974365234 0.2820524573326111 2.7366604804992676 0.6797971725463867 
1.9001810550689697 3.0192112922668457 0.2569517493247986 2.7622594833374023 0.6112310886383057 
2.03751802444458 3.0233874320983887 0.2644725739955902 2.7589149475097656 0.6317116618156433 
2.0058388710021973 3.0027148723602295 0.2556903064250946 2.7470247745513916 0.6100380420684814 
2.0693507194519043 2.9977166652679443 0.25414788722991943 2.7435686588287354 0.6067967414855957 
2.0113110542297363 3.0038795471191406 0.26607656478881836 2.7378029823303223 0.6383301019668579 
1.96701180934906 3.0230236053466797 0.2637437582015991 2.759279727935791 0.6295995712280273 
2.0661659240722656 3.0099337100982666 0.2674179673194885 2.7425155639648438 0.6414771676063538 
2.005645990371704 2.988076686859131 0.25957274436950684 2.728503942489624 0.6229948997497559 
2.0289323329925537 2.9925687313079834 0.26514574885368347 2.7274231910705566 0.6377218961715698 
1.9815753698349 3.023582935333252 0.26407313346862793 2.759510040283203 0.6301000714302063 
2.217254877090454 3.0473344326019287 0.280065655708313 2.767268657684326 0.6711891889572144 
1.9237287044525146 3.0252842903137207 0.2541385591030121 2.7711453437805176 0.6026099920272827 
1.9192864894866943 3.030026435852051 0.26318055391311646 2.766845703125 0.6263158321380615 
2.0677735805511475 3.0454869270324707 0.25517675280570984 2.7903101444244385 0.6036264896392822 
2.1140124797821045 3.0490684509277344 0.25677263736724854 2.7922959327697754 0.6075887084007263 
2.0696358680725098 3.025017738342285 0.2794395089149475 2.7455782890319824 0.6715219020843506 
2.1049270629882812 3.0357747077941895 0.27720773220062256 2.7585670948028564 0.6645714044570923 
2.10563325881958 3.026273250579834 0.2847568988800049 2.741516590118408 0.6866915225982666 
2.1088716983795166 3.011338233947754 0.2826973497867584 2.728640556335449 0.683162271976471 
2.2628188133239746 3.0279898643493652 0.2916219234466553 2.73636794090271 0.7062455415725708 
2.2931509017944336 3.0234169960021973 0.2850375175476074 2.73837947845459 0.6876062154769897 
2.0720620155334473 3.0201945304870605 0.2709878087043762 2.74920654296875 0.6494913101196289 
2.025038719177246 3.0105504989624023 0.26106834411621094 2.7494823932647705 0.6231226921081543 
2.3234119415283203 3.0250139236450195 0.27759259939193726 2.7474212646484375 0.6671262979507446 
1.8818527460098267 2.9975593090057373 0.2626117467880249 2.734947443008423 0.6287057399749756 
2.1968441009521484 3.0368905067443848 0.266371488571167 2.770519256591797 0.6357421875 
1.9980833530426025 3.0180606842041016 0.2576245665550232 2.7604362964630127 0.6134958863258362 
2.090275764465332 3.022853374481201 0.27776485681533813 2.745088577270508 0.6672893762588501 
2.080044984817505 3.032134771347046 0.27315306663513184 2.758981704711914 0.6539772152900696 
2.129636287689209 3.035019874572754 0.2747507691383362 2.7602691650390625 0.6578649282455444 
2.245103597640991 3.0267891883850098 0.2872777581214905 2.739511489868164 0.6941964626312256 
2.067603588104248 3.0288703441619873 0.2716565430164337 2.757213830947876 0.6500647068023682 
1.9809637069702148 3.011117935180664 0.26632580161094666 2.7447919845581055 0.6373721361160278 
2.1380670070648193 3.019676685333252 0.2685656249523163 2.7511110305786133 0.6436554193496704 
2.290739059448242 3.0233426094055176 0.27896416187286377 2.7443788051605225 0.671933114528656 
2.1924376487731934 3.0305745601654053 0.28402867913246155 2.7465457916259766 0.684087872505188 
2.102241039276123 3.03499174118042 0.27550479769706726 2.7594871520996094 0.6601741909980774 
2.286381959915161 3.0397446155548096 0.28118816018104553 2.758556365966797 0.6751298904418945 
2.356337785720825 3.045670747756958 0.2792097330093384 2.76646089553833 0.6687718629837036 
2.0406763553619385 3.0409915447235107 0.257122278213501 2.7838690280914307 0.6093825697898865 
2.098128080368042 3.0268750190734863 0.267045795917511 2.75982928276062 0.6377465724945068 
2.043876886367798 3.003297805786133 0.2530648410320282 2.7502331733703613 0.603236973285675 
2.030879020690918 3.0261943340301514 0.2655916213989258 2.7606024742126465 0.6348360776901245 
1.9648677110671997 3.0217807292938232 0.25754880905151367 2.7642316818237305 0.6130280494689941 
2.066472291946411 3.0247726440429688 0.2568811774253845 2.7678911685943604 0.6099791526794434 
2.188459873199463 3.042311191558838 0.2659100890159607 2.7764012813568115 0.6327522993087769 
2.1978349685668945 3.0359225273132324 0.275345116853714 2.76057767868042 0.6587744355201721 
2.2026872634887695 3.034336566925049 0.2827398478984833 2.7515969276428223 0.6805185079574585 
1.9839752912521362 3.016613006591797 0.2676977813243866 2.748914957046509 0.642082929611206 
2.2197866439819336 3.0284628868103027 0.2764202356338501 2.752042531967163 0.663833737373352 
1.9762470722198486 3.022341251373291 0.2838208079338074 2.738520383834839 0.6840749979019165 
2.29708194732666 3.019366979598999 0.2928714454174042 2.7264957427978516 0.7103065252304077 
2.1397807598114014 3.0068840980529785 0.28085511922836304 2.7260289192199707 0.6788808107376099 
2.390460252761841 3.012974262237549 0.2876586318016052 2.725315809249878 0.6970834732055664 
2.1407110691070557 3.0010275840759277 0.2803749740123749 2.7206525802612305 0.6780195236206055 
2.0732359886169434 3.002096176147461 0.27002114057540894 2.732074737548828 0.6500879526138306 
2.0758605003356934 3.0173792839050293 0.26574116945266724 2.751638174057007 0.635392427444458 
2.126944065093994 3.024601936340332 0.266402006149292 2.75819993019104 0.6355077624320984 
2.084885358810425 3.0330982208251953 0.2640198767185211 2.769078254699707 0.6285814046859741 
2.106590747833252 3.046719551086426 0.26732683181762695 2.779392719268799 0.6355971693992615 
1.8869810104370117 3.0340819358825684 0.27272894978523254 2.7613532543182373 0.6520867347717285 
2.1782712936401367 3.04176664352417 0.2756539583206177 2.766112804412842 0.6593899726867676 
1.9506863355636597 3.0072226524353027 0.2694132328033447 2.737809658050537 0.6464657783508301 
2.22072172164917 3.0205702781677246 0.2861020863056183 2.7344679832458496 0.6910715699195862 
2.190553903579712 3.0155651569366455 0.2835713326931 2.7319936752319336 0.6856163740158081 
2.3792226314544678 3.026581048965454 0.2934383451938629 2.733142614364624 0.7112846374511719 
2.365926742553711 3.0214474201202393 0.28895413875579834 2.7324934005737305 0.6989846229553223 
2.2282400131225586 3.0368881225585938 0.30432072281837463 2.732567310333252 0.7400561571121216 
2.026402473449707 3.015727996826172 0.2712972164154053 2.7444310188293457 0.6510335803031921 
2.106490135192871 3.0253305435180664 0.28804177045822144 2.7372889518737793 0.695892333984375 
2.1106626987457275 3.0263891220092773 0.27466312050819397 2.7517261505126953 0.658900260925293 
2.0117311477661133 3.007815361022949 0.2724810540676117 2.7353341579437256 0.6546121835708618 
2.043086290359497 3.0282094478607178 0.269528865814209 2.758680582046509 0.6439674496650696 
2.0350184440612793 3.019404888153076 0.2773735523223877 2.7420310974121094 0.6667258739471436 
2.0330309867858887 3.0065088272094727 0.273733526468277 2.7327752113342285 0.65814208984375 
2.367720127105713 3.037970542907715 0.2903614640235901 2.7476091384887695 0.7007344961166382 
2.015279769897461 3.0086021423339844 0.27596601843833923 2.7326362133026123 0.6640036106109619 
2.097476005554199 3.024672746658325 0.2823435664176941 2.7423291206359863 0.6803172826766968 
2.16837739944458 3.023735761642456 0.2824954688549042 2.7412400245666504 0.6802248954772949 
1.997551679611206 2.9977002143859863 0.2697479724884033 2.727952241897583 0.6476103067398071 
2.1202220916748047 3.000075101852417 0.27321112155914307 2.7268638610839844 0.6570838689804077 
2.204562187194824 3.0171713829040527 0.28147417306900024 2.7356972694396973 0.6781367063522339 
2.1026532649993896 3.0052309036254883 0.2792295813560486 2.726001262664795 0.6728098392486572 
1.991343379020691 2.998080015182495 0.27617162466049194 2.7219083309173584 0.6651325225830078 
1.970402717590332 3.0084762573242188 0.2732212543487549 2.735255002975464 0.6563127040863037 
2.200834035873413 3.02432918548584 0.2850991487503052 2.739230155944824 0.6877195239067078 
2.300004005432129 3.003605842590332 0.2923396825790405 2.711266279220581 0.7093613147735596 
2.1987252235412598 3.0198798179626465 0.2800021469593048 2.739877700805664 0.6731031537055969 
2.2246665954589844 3.0105271339416504 0.2929491102695465 2.7175779342651367 0.7097945809364319 
2.287787437438965 3.0023810863494873 0.2837449908256531 2.7186362743377686 0.6857821941375732 
2.2413792610168457 3.0263233184814453 0.27482908964157104 2.7514941692352295 0.6585259437561035 
2.16978120803833 3.02897310256958 0.27373260259628296 2.7552404403686523 0.6550732851028442 
2.123046398162842 3.029090404510498 0.2757880985736847 2.753302574157715 0.6607601642608643 
1.9471986293792725 3.0328216552734375 0.2686089873313904 2.7642126083374023 0.6411131024360657 
1.952885627746582 3.032641887664795 0.26323869824409485 2.7694034576416016 0.6263017058372498 
2.058014154434204 3.0177831649780273 0.271425724029541 2.7463576793670654 0.6500713229179382 
1.8662726879119873 3.0162642002105713 0.2598372995853424 2.7564268112182617 0.6185919046401978 
1.970066785812378 3.016247272491455 0.26909056305885315 2.747156858444214 0.6438336372375488 
2.054370403289795 3.0032427310943604 0.265570729970932 2.7376720905303955 0.6355592012405396 
2.1236419677734375 3.026949644088745 0.2798307538032532 2.7471189498901367 0.6725519299507141 
2.20059871673584 3.0092411041259766 0.28616419434547424 2.7230770587921143 0.6934521794319153 
2.301377773284912 3.0053603649139404 0.2960113286972046 2.7093491554260254 0.7204568386077881 
2.152078151702881 3.0183191299438477 0.2916765511035919 2.7266428470611572 0.706189751625061 
2.359175205230713 3.0129475593566895 0.29646036028862 2.716487169265747 0.7208020687103271 
2.208278179168701 3.031005382537842 0.2973577082157135 2.733647584915161 0.7207351922988892 
2.191012144088745 3.0062978267669678 0.29115796089172363 2.715139865875244 0.7064912915229797 
2.159210205078125 3.013138771057129 0.2941974997520447 2.7189416885375977 0.7139599323272705 
1.9859474897384644 2.9924674034118652 0.2822575569152832 2.710209846496582 0.6835856437683105 
2.208571434020996 3.026503562927246 0.29156574606895447 2.734938144683838 0.7052683234214783 
2.073275566101074 3.0114049911499023 0.27836471796035767 2.7330403327941895 0.6703290343284607 
2.10068941116333 3.010957956314087 0.28214409947395325 2.728814125061035 0.6798871755599976 
2.043916702270508 2.995945930480957 0.27492615580558777 2.721019744873047 0.662750244140625 
2.0511770248413086 2.9986605644226074 0.27682048082351685 2.7218403816223145 0.6680946350097656 
2.186375141143799 2.9970269203186035 0.29268547892570496 2.704341411590576 0.7118088006973267 
2.124396324157715 3.001213788986206 0.2740386426448822 2.727174997329712 0.6598966121673584 
2.0854129791259766 2.9897570610046387 0.2787964940071106 2.710960626602173 0.6735773682594299 
2.108119487762451 3.004009246826172 0.27260419726371765 2.731405258178711 0.6542775630950928 
2.1259756088256836 3.005600690841675 0.2734512984752655 2.732149600982666 0.6563704609870911 
2.1810877323150635 3.020519733428955 0.2828134298324585 2.737706184387207 0.6812145709991455 
2.228165626525879 3.0236682891845703 0.28548386693000793 2.7381844520568848 0.6880398392677307 
2.0743486881256104 3.014988899230957 0.27597326040267944 2.739015579223633 0.662887692451477 
2.1521248817443848 3.0253474712371826 0.27530360221862793 2.7500438690185547 0.6600757837295532 
2.028036594390869 3.0237250328063965 0.2737491726875305 2.7499756813049316 0.6553901433944702 
2.3064770698547363 3.0198447704315186 0.2966092824935913 2.723235607147217 0.7191829085350037 
2.200300693511963 3.0190117359161377 0.2828129231929779 2.736198902130127 0.6811461448669434 
2.2480008602142334 3.03480863571167 0.2929188013076782 2.7418899536132812 0.7077496647834778 
2.035249710083008 3.0180416107177734 0.28492221236228943 2.733119487762451 0.6860224008560181 
2.337296724319458 3.027747869491577 0.29643774032592773 2.7313101291656494 0.7169701457023621 
2.1157712936401367 3.008523464202881 0.29663965106010437 2.711884021759033 0.7196005582809448 
2.201383352279663 3.0162508487701416 0.2974376082420349 2.718813419342041 0.719933271408081 
2.057539463043213 3.012155055999756 0.2841939330101013 2.7279610633850098 0.6849642992019653 
2.230177879333496 2.9958252906799316 0.2853080630302429 2.710517168045044 0.6898861527442932 
2.0633130073547363 2.9885878562927246 0.2746882438659668 2.7138993740081787 0.6615874767303467 
2.2346253395080566 3.01570987701416 0.28334325551986694 2.7323665618896484 0.6827441453933716 
2.3584632873535156 3.01312255859375 0.29887330532073975 2.7142491340637207 0.7259880304336548 
2.2020130157470703 3.01706862449646 0.286884069442749 2.730184555053711 0.6924201250076294 
2.076786994934082 2.9936025142669678 0.27374428510665894 2.719858169555664 0.658186674118042 
2.1273751258850098 3.017909526824951 0.280900239944458 2.737009286880493 0.6751061081886292 
2.1131443977355957 3.025956630706787 0.28015002608299255 2.7458066940307617 0.672375500202179 
2.103348731994629 3.024526596069336 0.2807900905609131 2.743736743927002 0.674776554107666 
2.1599621772766113 3.0157582759857178 0.2778761386871338 2.737882137298584 0.6670935153961182 
2.204835891723633 3.0186285972595215 0.2805246114730835 2.7381038665771484 0.6743767857551575 
2.101090908050537 3.0077970027923584 0.29298073053359985 2.7148163318634033 0.7103182673454285 
2.154984474182129 3.012910842895508 0.2760549783706665 2.736855983734131 0.6631406545639038 
2.094067096710205 3.0176539421081543 0.2781817615032196 2.739471912384033 0.6684633493423462 
2.136896848678589 3.010970115661621 0.28764769434928894 2.7233223915100098 0.6956303119659424 
2.342090606689453 3.0050339698791504 0.2861092686653137 2.7189247608184814 0.6922386884689331 
2.1578431129455566 3.0282533168792725 0.28822678327560425 2.7400264739990234 0.6951042413711548 
2.237046241760254 3.0344700813293457 0.28802093863487244 2.7464492321014404 0.6940145492553711 
2.096639394760132 3.004014492034912 0.276986688375473 2.7270278930664062 0.6666492223739624 
2.0602052211761475 3.019774913787842 0.27727630734443665 2.7424983978271484 0.6663001775741577 
2.183892011642456 3.041355609893799 0.29227468371391296 2.7490811347961426 0.7051587104797363 
2.2174062728881836 3.026369094848633 0.28662726283073425 2.7397420406341553 0.6913455128669739 
2.249645471572876 3.025371551513672 0.2901087999343872 2.735262870788574 0.7011376619338989 
2.2300877571105957 3.0077571868896484 0.27163419127464294 2.7361228466033936 0.6520268321037292 
2.2116403579711914 3.020387887954712 0.30363473296165466 2.7167532444000244 0.7398049831390381 
2.009129762649536 2.9928297996520996 0.280465304851532 2.712364435195923 0.6791074275970459 
2.2964987754821777 3.0120673179626465 0.29164689779281616 2.7204205989837646 0.7067217826843262 
2.2415428161621094 3.02836012840271 0.28530943393707275 2.7430505752563477 0.6871761679649353 
2.2823596000671387 3.031464099884033 0.2942339777946472 2.737229824066162 0.7112829685211182 
2.2469711303710938 3.0364274978637695 0.2927132546901703 2.7437143325805664 0.7069326639175415 
2.1695547103881836 3.0216546058654785 0.28637969493865967 2.7352752685546875 0.6914914846420288 
2.1963791847229004 3.026412010192871 0.28114092350006104 2.7452712059020996 0.6766654253005981 
2.167128086090088 3.03701114654541 0.2760631740093231 2.7609479427337646 0.6611247062683105 
2.2430379390716553 3.0325520038604736 0.2861677408218384 2.746384382247925 0.6895846724510193 
2.2394216060638428 3.034052848815918 0.28360581398010254 2.7504470348358154 0.6824640035629272 
2.1813697814941406 3.028118133544922 0.2905517816543579 2.7375664710998535 0.7023265361785889 
2.2225866317749023 3.0186939239501953 0.27657008171081543 2.74212384223938 0.6654759645462036 
2.2023568153381348 3.0059633255004883 0.2735533118247986 2.732409954071045 0.6579323410987854 
2.0518112182617188 3.027428150177002 0.28374582529067993 2.743682384490967 0.6837221384048462 
2.359715700149536 3.0365214347839355 0.2734098434448242 2.7631118297576904 0.6544393301010132 
2.0389015674591064 3.0377161502838135 0.25884681940078735 2.778869152069092 0.614274263381958 
2.023780107498169 3.04386305809021 0.2770814001560211 2.7667815685272217 0.6626921892166138 
2.142835855484009 3.042398452758789 0.2703920602798462 2.7720062732696533 0.6446412205696106 
2.206815719604492 3.0445165634155273 0.277591347694397 2.76692533493042 0.663649320602417 
2.1674928665161133 3.048025608062744 0.2874729335308075 2.7605528831481934 0.6903501749038696 
2.0950369834899902 3.0382132530212402 0.27015209197998047 2.768061399459839 0.6446473002433777 
2.3337175846099854 3.042208433151245 0.285207599401474 2.7570009231567383 0.6846728324890137 
2.3254313468933105 3.0379793643951416 0.29291194677352905 2.745067596435547 0.7068538069725037 
2.299778938293457 3.0410594940185547 0.30984658002853394 2.731213092803955 0.7531859874725342 
2.1970536708831787 3.0331716537475586 0.29550784826278687 2.737663745880127 0.7142729759216309 
2.239825487136841 3.0269248485565186 0.2909180223941803 2.736006736755371 0.7027720808982849 
2.2798047065734863 3.033440351486206 0.2993396520614624 2.734100818634033 0.7263228297233582 
2.0305216312408447 3.001500368118286 0.27977198362350464 2.7217283248901367 0.674550473690033 
2.3584060668945312 3.02799654006958 0.31266316771507263 2.7153334617614746 0.7649394273757935 
2.264242649078369 2.9835152626037598 0.3024654984474182 2.6810498237609863 0.7419284582138062 
2.4064888954162598 2.99635910987854 0.3030231297016144 2.693336009979248 0.7416087985038757 
2.2879180908203125 3.0055904388427734 0.30083703994750977 2.7047533988952637 0.7345516681671143 
2.195969820022583 2.996854305267334 0.3058391213417053 2.6910147666931152 0.7488409280776978 
2.419034957885742 3.0110087394714355 0.2959412634372711 2.7150673866271973 0.7194597721099854 
2.225599765777588 3.025601863861084 0.2875220775604248 2.7380800247192383 0.6945152282714844 
2.2448248863220215 3.0200247764587402 0.27520644664764404 2.7448182106018066 0.6606234312057495 
2.143524169921875 3.0076284408569336 0.273252010345459 2.7343764305114746 0.6553410291671753 
2.1958861351013184 3.0440969467163086 0.28472310304641724 2.759373664855957 0.6823564767837524 
2.1806716918945312 3.046295404434204 0.28611111640930176 2.7601845264434814 0.6863083839416504 
2.000263214111328 3.0228006839752197 0.26529091596603394 2.757509708404541 0.6322296261787415 
2.2340688705444336 3.0284976959228516 0.29160523414611816 2.7368924617767334 0.7040905356407166 
2.2231078147888184 3.0398287773132324 0.28513312339782715 2.754695415496826 0.6857192516326904 
1.9254883527755737 2.992305278778076 0.25643375515937805 2.7358713150024414 0.6119940280914307 
2.171696186065674 3.019625663757324 0.27415210008621216 2.7454733848571777 0.6581199169158936 
2.4274439811706543 3.0422041416168213 0.2961999177932739 2.746004104614258 0.7162982225418091 
2.4284307956695557 3.03647518157959 0.29377633333206177 2.7426986694335938 0.7102790474891663 
1.9750723838806152 3.0168838500976562 0.2620656490325928 2.7548179626464844 0.6250447034835815 
2.05421781539917 3.0314853191375732 0.26903191208839417 2.762453556060791 0.6416816711425781 
2.2377874851226807 3.044179916381836 0.29475241899490356 2.749427318572998 0.7109813094139099 
2.1599013805389404 3.0468971729278564 0.2836655378341675 2.7632315158843994 0.6803163290023804 
1.888615608215332 3.0314908027648926 0.2613871693611145 2.770103931427002 0.620847225189209 
2.1945011615753174 3.0516300201416016 0.2943880558013916 2.757242202758789 0.7093195915222168 
2.136033058166504 3.0462660789489746 0.29537123441696167 2.7508950233459473 0.712591290473938 
2.257155418395996 3.0437417030334473 0.28255337476730347 2.761188507080078 0.6779656410217285 
2.1979479789733887 3.046804904937744 0.28796133399009705 2.7588436603546143 0.6923990249633789 
2.178809404373169 3.037705183029175 0.3125717043876648 2.7251334190368652 0.7620017528533936 
2.292525053024292 3.0233421325683594 0.30252525210380554 2.7208170890808105 0.737021267414093 
2.096923828125 2.996694803237915 0.2989426255226135 2.6977522373199463 0.7304658889770508 
2.2007107734680176 2.9829373359680176 0.2978481650352478 2.685089349746704 0.7284181118011475 
2.490095853805542 3.012986660003662 0.32488101720809937 2.688105583190918 0.801215648651123 
2.261383056640625 3.006126880645752 0.3181889057159424 2.6879379749298096 0.7817206382751465 
2.2874128818511963 3.0160446166992188 0.30064740777015686 2.715397357940674 0.731285572052002 
2.148526191711426 2.9925856590270996 0.29335257411003113 2.6992335319519043 0.7137019038200378 
2.4228787422180176 2.9916281700134277 0.2966328263282776 2.694995164871216 0.7231530547142029 
2.2544469833374023 2.993332862854004 0.28997138142585754 2.7033612728118896 0.7032201290130615 
2.170316696166992 2.995570659637451 0.29112184047698975 2.704448938369751 0.7065080404281616 
2.0669212341308594 3.002290725708008 0.27808696031570435 2.724203586578369 0.6692746877670288 
2.1351919174194336 3.0137405395507812 0.2807239294052124 2.7330167293548584 0.6753189563751221 
1.8904088735580444 2.998073101043701 0.26466843485832214 2.7334046363830566 0.632609486579895 
2.1525940895080566 3.0421366691589355 0.27851784229278564 2.7636189460754395 0.6660807132720947 
2.0361294746398926 3.019345760345459 0.27258536219596863 2.746760368347168 0.6524747610092163 
2.3571410179138184 3.0429091453552246 0.28677016496658325 2.7561392784118652 0.6890754699707031 
2.0456676483154297 3.029141664505005 0.2767788767814636 2.7523629665374756 0.6630478501319885 
2.2321386337280273 3.0409159660339355 0.28226810693740845 2.758647918701172 0.6762893795967102 
2.132746458053589 3.0192089080810547 0.28513389825820923 2.734074831008911 0.6871445178985596 
1.990785837173462 3.0079193115234375 0.269908607006073 2.738010883331299 0.6463088393211365 
2.3077282905578613 3.031667947769165 0.3007270395755768 2.730940818786621 0.7292020320892334 
1.9979817867279053 3.0090982913970947 0.2747529149055481 2.7343454360961914 0.6594953536987305 
2.3772833347320557 3.035938262939453 0.28990551829338074 2.74603271484375 0.6983518600463867 
2.12003231048584 3.0319671630859375 0.2951142191886902 2.7368531227111816 0.7135290503501892 
2.4280478954315186 3.028684139251709 0.3168596029281616 2.711824417114258 0.7750859260559082 
2.344992160797119 3.0387091636657715 0.3125166893005371 2.7261924743652344 0.7617133259773254 
2.1337599754333496 2.994399070739746 0.28728386759757996 2.7071151733398438 0.6961370706558228 
2.4125537872314453 3.0318245887756348 0.32591694593429565 2.7059075832366943 0.801493763923645 
2.1520519256591797 3.011538505554199 0.30159059166908264 2.7099478244781494 0.734461784362793 
2.201082706451416 2.9740688800811768 0.2818719148635864 2.692196846008301 0.6833019852638245 
2.3812079429626465 3.0189008712768555 0.32435354590415955 2.694547176361084 0.7982984781265259 
2.3661513328552246 2.9961838722229004 0.3037218749523163 2.6924619674682617 0.7422722578048706 
2.534945487976074 3.011180877685547 0.3057261109352112 2.7054545879364014 0.746042013168335 
2.417985677719116 2.998401403427124 0.297969788312912 2.7004318237304688 0.7253689169883728 
2.137791872024536 3.0177834033966064 0.2852039635181427 2.732579469680786 0.6872116327285767 
2.2643580436706543 3.0254764556884766 0.29549431800842285 2.7299818992614746 0.7157027721405029 
2.1872472763061523 3.0458669662475586 0.285026490688324 2.76084041595459 0.6842879056930542 
2.1878135204315186 3.0405616760253906 0.27947109937667847 2.7610907554626465 0.6695621013641357 
1.9202872514724731 3.034008264541626 0.27982664108276367 2.7541816234588623 0.6703457832336426 
2.0615956783294678 3.0381925106048584 0.26581674814224243 2.7723755836486816 0.6326781511306763 
2.253176689147949 3.0267484188079834 0.2674335837364197 2.759315013885498 0.6386014223098755 
2.259077548980713 3.025545120239258 0.2886759042739868 2.7368693351745605 0.6970751285552979 
2.124419689178467 3.040072441101074 0.28808891773223877 2.751983642578125 0.6932237148284912 
2.218888998031616 3.0293798446655273 0.2806891202926636 2.7486908435821533 0.6740528345108032 
2.528589963912964 3.0501232147216797 0.3237416744232178 2.726381778717041 0.7923455238342285 
2.1967124938964844 3.020028591156006 0.2909852862358093 2.7290432453155518 0.7038936614990234 
2.3842921257019043 3.042962074279785 0.3100346624851227 2.7329275608062744 0.7544825673103333 
2.2732350826263428 3.0177392959594727 0.28762611746788025 2.7301130294799805 0.6951422691345215 
2.40858793258667 3.035109043121338 0.2968054413795471 2.7383036613464355 0.7185701131820679 
2.3176944255828857 3.0222675800323486 0.29630833864212036 2.725959300994873 0.718727171421051 
1.9907429218292236 3.0246846675872803 0.2774698734283447 2.7472147941589355 0.6655747294425964 
2.2227606773376465 3.0429465770721436 0.30763256549835205 2.735313892364502 0.747183084487915 
2.305629014968872 3.024749279022217 0.29258430004119873 2.7321650981903076 0.7071194648742676 
2.2557785511016846 3.0433998107910156 0.2906304597854614 2.7527694702148438 0.6996033191680908 
2.379638433456421 3.041264057159424 0.309877872467041 2.731386184692383 0.7535746097564697 
2.3211252689361572 3.0394725799560547 0.30268394947052 2.736788749694824 0.7333756685256958 
2.2245864868164062 3.03310489654541 0.31355223059654236 2.719552755355835 0.7652896642684937 
2.395042896270752 3.039391040802002 0.31351423263549805 2.725876808166504 0.7639099359512329 
2.369994640350342 3.043318271636963 0.30676358938217163 2.7365546226501465 0.7455982565879822 
2.239016532897949 3.030679702758789 0.3023432493209839 2.7283363342285156 0.7345262765884399 
2.4426791667938232 3.026975393295288 0.30551019310951233 2.7214651107788086 0.7433922290802002 
2.312803268432617 3.0257818698883057 0.29536712169647217 2.730414628982544 0.7150764465332031 
2.2691946029663086 3.0275826454162598 0.28229832649230957 2.7452845573425293 0.6789180040359497 
2.2666001319885254 3.0308308601379395 0.3032713830471039 2.7275595664978027 0.7369046807289124 
2.2954959869384766 3.0361900329589844 0.2991141080856323 2.7370758056640625 0.7246243953704834 
2.2327208518981934 3.0422117710113525 0.2961655259132385 2.7460460662841797 0.7156392931938171 
2.076012134552002 3.039219379425049 0.2835955321788788 2.7556235790252686 0.6811308860778809 
2.089852809906006 3.0277960300445557 0.2762935161590576 2.751502513885498 0.6621187925338745 
2.2539870738983154 3.0265614986419678 0.28795120120048523 2.73861026763916 0.694748044013977 
2.3160672187805176 3.0272679328918457 0.30650994181632996 2.7207579612731934 0.7453569173812866 
2.289856433868408 3.0352230072021484 0.2994121313095093 2.7358107566833496 0.725348711013794 
2.2215664386749268 3.024620532989502 0.3013073205947876 2.723313331604004 0.7315921783447266 
2.2791614532470703 3.042201519012451 0.31278809905052185 2.7294135093688965 0.761894941329956 
2.3706579208374023 3.0334692001342773 0.30139458179473877 2.732074499130249 0.7313401699066162 
2.3912384510040283 3.029209852218628 0.300362229347229 2.7288475036621094 0.7284966111183167 
2.2991130352020264 3.0301761627197266 0.3109458386898041 2.7192301750183105 0.7576546669006348 
2.3536412715911865 3.034780263900757 0.3144828677177429 2.720297336578369 0.7679376602172852 
2.2509617805480957 3.022231101989746 0.29118573665618896 2.7310452461242676 0.7036263942718506 
2.3091092109680176 3.039252519607544 0.29633334279060364 2.7429192066192627 0.7159087061882019 
2.2484588623046875 3.0226058959960938 0.30474019050598145 2.7178657054901123 0.7411347031593323 
2.270493984222412 3.017190933227539 0.29513615369796753 2.722054958343506 0.7150065302848816 
2.114459753036499 2.99932599067688 0.29158931970596313 2.7077364921569824 0.7069538235664368 
2.1996755599975586 3.0108189582824707 0.2790071368217468 2.731812000274658 0.6707696914672852 
2.3400726318359375 3.0235421657562256 0.30601245164871216 2.717529535293579 0.7446131110191345 
2.2867093086242676 3.02266263961792 0.29720306396484375 2.725459575653076 0.7191286087036133 
2.179633140563965 3.0192060470581055 0.29167449474334717 2.7275314331054688 0.7044714689254761 
2.269627332687378 3.030522108078003 0.29923486709594727 2.7312870025634766 0.7246572375297546 
2.320239543914795 3.0275774002075195 0.2951691746711731 2.732408046722412 0.7138170003890991 
2.1593103408813477 3.0284366607666016 0.28214842081069946 2.7462878227233887 0.677499532699585 
2.368116855621338 3.047572135925293 0.3114551901817322 2.736116886138916 0.756118655204773 
2.079495429992676 3.0274858474731445 0.2901860773563385 2.737299919128418 0.6999515295028687 
2.223742723464966 3.0392255783081055 0.2881786525249481 2.751046895980835 0.69385826587677 
2.544569492340088 3.0308594703674316 0.29755765199661255 2.7333016395568848 0.7218862771987915 
2.335160255432129 3.032352924346924 0.29484641551971436 2.737506866455078 0.7135987281799316 
2.108283281326294 2.996816873550415 0.2773732841014862 2.7194435596466064 0.6682684421539307 
2.3152291774749756 3.0225062370300293 0.29824239015579224 2.724263906478882 0.7240252494812012 
2.2162132263183594 3.024561643600464 0.2831278443336487 2.741433620452881 0.6813876628875732 
2.2759652137756348 3.0175905227661133 0.30187124013900757 2.715719223022461 0.7332731485366821 
2.2556519508361816 3.030073642730713 0.29597553610801697 2.734098434448242 0.7155071496963501 
2.2302939891815186 3.0352137088775635 0.3036491870880127 2.73156476020813 0.7371672987937927 
2.34310245513916 3.029850959777832 0.2856377363204956 2.744213104248047 0.6879303455352783 
2.1530027389526367 3.0334830284118652 0.28978651762008667 2.743696689605713 0.6979758739471436 
2.242025852203369 3.0466761589050293 0.30004215240478516 2.746634006500244 0.7251973152160645 
2.2110791206359863 3.0312111377716064 0.2842597961425781 2.7469513416290283 0.682466983795166 
2.1294779777526855 3.0375661849975586 0.28529030084609985 2.7522757053375244 0.6846884489059448 
2.2109129428863525 3.0283310413360596 0.2937445640563965 2.734586715698242 0.7092562913894653 
2.275787115097046 3.0259132385253906 0.28527510166168213 2.740638256072998 0.6861403584480286 
2.302316188812256 3.036607027053833 0.2916591167449951 2.744947910308838 0.7032099366188049 
2.1430211067199707 3.0206356048583984 0.2723156213760376 2.7483203411102295 0.6510969400405884 
2.217874050140381 3.03780198097229 0.2917245626449585 2.746077299118042 0.7028207778930664 
2.285268783569336 3.025907516479492 0.2907882034778595 2.735119342803955 0.7011433839797974 
2.358048915863037 3.0408740043640137 0.295829713344574 2.745044469833374 0.7139184474945068 
2.189478874206543 3.0359840393066406 0.2957909405231476 2.7401928901672363 0.7142237424850464 
2.2604217529296875 3.0412209033966064 0.2949337363243103 2.7462873458862305 0.7113394737243652 
2.1456446647644043 3.0257019996643066 0.28762921690940857 2.7380728721618652 0.6933913230895996 
2.371526002883911 3.0447797775268555 0.3158932328224182 2.728886604309082 0.7704778909683228 
2.332688570022583 3.0449392795562744 0.3056907653808594 2.739248514175415 0.742070198059082 
2.4640636444091797 3.0413856506347656 0.31559398770332336 2.7257914543151855 0.7706091403961182 
2.375011444091797 3.0164620876312256 0.31597399711608887 2.7004880905151367 0.7752176523208618 
2.383923053741455 3.0243778228759766 0.2979195713996887 2.7264583110809326 0.7235116362571716 
2.28067684173584 3.0370936393737793 0.31738442182540894 2.7197091579437256 0.776148796081543 
2.7042734622955322 3.0539891719818115 0.33212655782699585 2.72186279296875 0.8156846761703491 
2.413931369781494 3.045397996902466 0.31495803594589233 2.7304399013519287 0.7677851915359497 
2.3247158527374268 3.0495591163635254 0.3197590708732605 2.729800224304199 0.780489981174469 
2.4318761825561523 3.041638135910034 0.29920274019241333 2.7424354553222656 0.7233266830444336 
2.4470996856689453 3.0460519790649414 0.30277082324028015 2.743281126022339 0.7333915829658508 
2.273754119873047 3.0356271266937256 0.2875821590423584 2.748044967651367 0.6922755837440491 
2.3711235523223877 3.0511035919189453 0.30479705333709717 2.7463064193725586 0.7385120391845703 
2.2139604091644287 3.036538600921631 0.2990584671497345 2.7374799251556396 0.7236167192459106 
2.301575183868408 3.0525412559509277 0.30155470967292786 2.7509868144989014 0.7291892766952515 
2.4410784244537354 3.0362324714660645 0.3183612823486328 2.7178711891174316 0.7779210805892944 
2.2213988304138184 3.037432909011841 0.30197685956954956 2.7354559898376465 0.7311599254608154 
2.325406789779663 3.045152187347412 0.3034570813179016 2.7416951656341553 0.7349390983581543 
2.3346683979034424 3.0306429862976074 0.30362239480018616 2.727020740509033 0.7363091111183167 
2.2880606651306152 3.02781343460083 0.30106279253959656 2.7267510890960693 0.7299496531486511 
2.314884662628174 3.0287585258483887 0.31361669301986694 2.715141773223877 0.7657327651977539 
2.545252799987793 3.02431058883667 0.31305402517318726 2.711256504058838 0.7647435665130615 
2.398463010787964 3.028770923614502 0.31628406047821045 2.712486743927002 0.7728587985038757 
2.3473024368286133 3.013481616973877 0.30695104598999023 2.7065303325653076 0.7494010925292969 
2.351712703704834 3.0240602493286133 0.293945848941803 2.730114459991455 0.7108005285263062 
2.3343505859375 3.0357918739318848 0.32471269369125366 2.7110791206359863 0.7967054843902588 
2.4595701694488525 3.039823532104492 0.32142922282218933 2.7183942794799805 0.7861737012863159 
2.359414577484131 3.0438618659973145 0.3143603503704071 2.729501724243164 0.7655423283576965 
2.1967110633850098 3.037442207336426 0.2915113568305969 2.7459306716918945 0.7027242183685303 
2.3134584426879883 3.040564775466919 0.3021734356880188 2.738391399383545 0.7320389151573181 
2.1768980026245117 3.0231575965881348 0.28315845131874084 2.7399990558624268 0.6809273958206177 
1.9710814952850342 3.030984878540039 0.2917472720146179 2.7392375469207764 0.7038710117340088 
2.201657772064209 3.047375202178955 0.2907400131225586 2.7566354274749756 0.6993350982666016 
2.2740182876586914 3.0464751720428467 0.2942899465560913 2.752185106277466 0.7084763646125793 
2.261009931564331 3.041792392730713 0.2960239052772522 2.7457685470581055 0.7145956158638 
2.1147561073303223 3.0115909576416016 0.2857913374900818 2.725799560546875 0.689170241355896 
1.9898216724395752 3.0099565982818604 0.28129780292510986 2.72865891456604 0.6767808198928833 
2.1785473823547363 3.0221781730651855 0.2853778898715973 2.736800193786621 0.686963677406311 
2.181324005126953 3.0193443298339844 0.2996115982532501 2.7197327613830566 0.7261440753936768 
2.498556137084961 3.0324573516845703 0.31840795278549194 2.7140493392944336 0.7774890661239624 
2.226090908050537 3.027817726135254 0.30904504656791687 2.7187726497650146 0.7519038915634155 
2.299733877182007 3.0159642696380615 0.3096333146095276 2.7063307762145996 0.7552359700202942 
2.257063388824463 3.014754295349121 0.3044513463973999 2.7103028297424316 0.741284966468811 
2.3202316761016846 3.0097386837005615 0.3040112853050232 2.7057273387908936 0.7401493191719055 
2.3643038272857666 3.017970561981201 0.30819109082221985 2.7097795009613037 0.750641405582428 
2.274834156036377 3.0204966068267822 0.3043002784252167 2.716196060180664 0.7398150563240051 
2.153332233428955 3.0188801288604736 0.3011638820171356 2.7177162170410156 0.730471134185791 
2.2233049869537354 3.022866725921631 0.3086816668510437 2.7141849994659424 0.7516276836395264 
2.1669678688049316 3.0106780529022217 0.3012544810771942 2.709423303604126 0.7315250039100647 
2.1074399948120117 3.0102267265319824 0.266822874546051 2.743403911590576 0.6371231079101562 
2.264780282974243 3.019991159439087 0.29077261686325073 2.7292187213897705 0.7011322379112244 
1.940067172050476 3.017828941345215 0.28671181201934814 2.731117010116577 0.6909955143928528 
2.322274923324585 3.034231662750244 0.3144020736217499 2.719829559326172 0.7664436101913452 
2.2528741359710693 3.0047972202301025 0.2967963218688965 2.708000659942627 0.7202633619308472 
2.2352657318115234 3.016140937805176 0.30495119094848633 2.7111899852752686 0.7419301271438599 
2.5124287605285645 3.0285496711730957 0.3176741600036621 2.7108755111694336 0.7765262126922607 
2.1915454864501953 3.017122268676758 0.3039775490760803 2.7131447792053223 0.7393561601638794 
2.652299642562866 3.0363759994506836 0.3297877907752991 2.70658802986145 0.8100661635398865 
2.4303863048553467 3.0077764987945557 0.3296571373939514 2.678119421005249 0.8131539225578308 
2.6701316833496094 3.031055450439453 0.3266463875770569 2.704409122467041 0.802349328994751 
2.4192209243774414 3.0245823860168457 0.3267805278301239 2.6978018283843994 0.8025038838386536 
2.396134853363037 3.0273571014404297 0.31117552518844604 2.716181755065918 0.7588679790496826 
2.4458699226379395 3.039994716644287 0.3117530047893524 2.7282416820526123 0.7586498856544495 
2.4184627532958984 3.0335001945495605 0.3135349154472351 2.7199654579162598 0.7642908096313477 
2.2818145751953125 3.0361523628234863 0.3028225898742676 2.7333297729492188 0.7333234548568726 
2.3933138847351074 3.0248522758483887 0.30207738280296326 2.7227749824523926 0.7327001094818115 
2.135747194290161 3.0224385261535645 0.2976478338241577 2.7247910499572754 0.720385730266571 
2.139256477355957 3.0308756828308105 0.29133594036102295 2.739539861679077 0.7024127840995789 
2.3403449058532715 3.0327274799346924 0.3014725148677826 2.731255054473877 0.7311919331550598 
2.2238035202026367 3.029421806335449 0.30069029331207275 2.728731632232666 0.7283974289894104 
2.514049768447876 3.0227174758911133 0.3012513220310211 2.721466064453125 0.7317935824394226 
2.297149658203125 3.01667857170105 0.3027680814266205 2.7139105796813965 0.7362031936645508 
2.274972915649414 3.0182621479034424 0.305329293012619 2.712932825088501 0.7439576387405396 
2.400501012802124 3.0090842247009277 0.2997691035270691 2.709315299987793 0.7294082641601562 
2.6324222087860107 3.0216898918151855 0.302436888217926 2.7192533016204834 0.7359490394592285 
2.2959489822387695 3.0107102394104004 0.301665723323822 2.7090444564819336 0.7351266145706177 
2.2504687309265137 3.0189781188964844 0.29307740926742554 2.725900650024414 0.7096315622329712 
2.208418369293213 3.0172362327575684 0.2936539351940155 2.7235822677612305 0.7108867168426514 
2.1993980407714844 3.019227981567383 0.2879563868045807 2.731271505355835 0.6947764158248901 
2.2462363243103027 3.049945116043091 0.29148077964782715 2.7584643363952637 0.7005901336669922 
2.215880870819092 3.0460517406463623 0.30324026942253113 2.742811441421509 0.7333248257637024 
2.290355682373047 3.0555989742279053 0.29250460863113403 2.763094425201416 0.70262610912323 
2.221195697784424 3.044344425201416 0.2908218502998352 2.7535226345062256 0.6990768909454346 
2.1857523918151855 3.0471274852752686 0.2828952372074127 2.7642321586608887 0.6768991351127625 
2.263805866241455 3.050027847290039 0.29542672634124756 2.754600763320923 0.7117681503295898 
2.343696117401123 3.043285846710205 0.29812103509902954 2.745164632797241 0.7200026512145996 
2.207594394683838 3.0360748767852783 0.29942095279693604 2.7366538047790527 0.7246155738830566 
2.36204195022583 3.0516161918640137 0.3152786195278168 2.736337661743164 0.7671957015991211 
2.350492000579834 3.0622737407684326 0.3089132308959961 2.7533605098724365 0.7479636669158936 
2.412564754486084 3.027874231338501 0.31062161922454834 2.717252731323242 0.756172776222229 
2.196483850479126 3.034287929534912 0.305706650018692 2.728580951690674 0.7423166036605835 
2.288536548614502 3.0109848976135254 0.2866063416004181 2.7243783473968506 0.69162917137146 
2.318988800048828 3.02502179145813 0.30125755071640015 2.723764419555664 0.7309808731079102 
2.2587852478027344 3.0343146324157715 0.31013667583465576 2.724177837371826 0.7546659708023071 
2.273193597793579 3.034055233001709 0.30366790294647217 2.7303872108459473 0.7365018129348755 
2.3290815353393555 3.028367519378662 0.306901216506958 2.721466064453125 0.7463217973709106 
2.262610912322998 3.0306849479675293 0.31052371859550476 2.720161199569702 0.7554298639297485 
2.1963558197021484 3.0313539505004883 0.2890762984752655 2.7422776222229004 0.6960493326187134 
2.067953586578369 3.0047154426574707 0.2870193123817444 2.717696189880371 0.6927599906921387 
2.4576101303100586 3.051159620285034 0.31232696771621704 2.738832473754883 0.7589461803436279 
2.4935970306396484 3.0466291904449463 0.3095279335975647 2.7371013164520264 0.7509890794754028 
2.479306936264038 3.049105167388916 0.3142238259315491 2.7348814010620117 0.7642781734466553 
2.5222973823547363 3.0492966175079346 0.3198084831237793 2.729487895965576 0.7798444032669067 
2.3833694458007812 3.0450398921966553 0.30902037024497986 2.7360196113586426 0.7500699758529663 
2.4001834392547607 3.0499799251556396 0.32621967792510986 2.7237601280212402 0.7979909181594849 
2.2335190773010254 3.022578716278076 0.3035808205604553 2.7189977169036865 0.7373138666152954 
2.440641164779663 3.0358476638793945 0.3191870152950287 2.716660976409912 0.7799426317214966 
2.2673635482788086 3.0269203186035156 0.3119196891784668 2.715000629425049 0.7610623836517334 
2.4042720794677734 3.0254111289978027 0.31167474389076233 2.7137365341186523 0.7603029608726501 
2.464378833770752 3.035123348236084 0.3153044283390045 2.7198190689086914 0.7698110342025757 
2.19631290435791 3.01821231842041 0.3093484938144684 2.7088637351989746 0.7544312477111816 
2.400702714920044 3.0298264026641846 0.3098672032356262 2.719959259033203 0.7545135021209717 
2.5804805755615234 3.0261340141296387 0.32117903232574463 2.7049551010131836 0.7870913743972778 
2.2934443950653076 3.019993782043457 0.3024942874908447 2.7174997329711914 0.7353149652481079 
2.403726577758789 3.0308399200439453 0.30365288257598877 2.727186918258667 0.736770749092102 
2.392732620239258 3.0274744033813477 0.3175264000892639 2.7099480628967285 0.7764028310775757 
2.482452154159546 3.0497188568115234 0.31400004029273987 2.7357187271118164 0.7638367414474487 
2.1949620246887207 3.0267772674560547 0.2910557687282562 2.7357215881347656 0.7016846537590027 
2.581015110015869 3.052562713623047 0.31453436613082886 2.7380285263061523 0.7643939256668091 
2.24983549118042 3.0326802730560303 0.3021823763847351 2.7304978370666504 0.731927752494812 
2.3238000869750977 3.054576873779297 0.29612523317337036 2.7584519386291504 0.7128905057907104 
2.158473491668701 3.039128303527832 0.3033885359764099 2.7357397079467773 0.7340261936187744 
2.2546749114990234 3.046825885772705 0.31707534193992615 2.729750633239746 0.7713136672973633 
2.282738208770752 3.049389362335205 0.3063831925392151 2.7430062294006348 0.7417476177215576 
2.405122995376587 3.0542922019958496 0.3077283799648285 2.7465639114379883 0.7447894811630249 
2.376927375793457 3.055603265762329 0.30364513397216797 2.751958131790161 0.7330003976821899 
2.411978244781494 3.039177417755127 0.3174932301044464 2.721683979034424 0.7739233374595642 
2.4427096843719482 3.0502190589904785 0.31412965059280396 2.7360894680023193 0.7637166976928711 
2.183696746826172 3.009096622467041 0.30717384815216064 2.701922655105591 0.7482600212097168 
2.4411439895629883 3.022754430770874 0.3177025318145752 2.705051898956299 0.7769757509231567 
2.35446834564209 3.032214879989624 0.31573349237442017 2.7164814472198486 0.7707135677337646 
2.5853464603424072 3.044692039489746 0.3150317072868347 2.7296605110168457 0.7673304080963135 
2.326536178588867 3.0389413833618164 0.304793119430542 2.7341482639312744 0.7385412454605103 
2.0233592987060547 3.0118908882141113 0.279892235994339 2.7319986820220947 0.6717724800109863 
2.3040904998779297 3.0431888103485107 0.311958372592926 2.7312304973602295 0.7582324743270874 
2.3403449058532715 3.0460269451141357 0.31217628717422485 2.7338504791259766 0.7586639523506165 
2.2853426933288574 3.0442609786987305 0.31387054920196533 2.7303903102874756 0.7626950144767761 
2.122488498687744 3.0125036239624023 0.27854108810424805 2.7339627742767334 0.6681209802627563 
2.444603204727173 3.0335073471069336 0.3126615285873413 2.7208456993103027 0.7606956362724304 
2.318140983581543 3.0505123138427734 0.30578160285949707 2.7447309494018555 0.7409334778785706 
2.220865488052368 3.0267210006713867 0.3015235364437103 2.7251973152160645 0.7309075593948364 
2.369842767715454 3.038257598876953 0.30388253927230835 2.734375 0.7369329333305359 
2.4266610145568848 3.0330886840820312 0.31573623418807983 2.7173523902893066 0.7711484432220459 
2.4040260314941406 3.01113224029541 0.31865981221199036 2.692472457885742 0.7822883129119873 
2.1713290214538574 2.9652912616729736 0.26819542050361633 2.6970958709716797 0.6452500224113464 
2.2330498695373535 3.018256902694702 0.322035014629364 2.6962218284606934 0.7894564867019653 
2.4544217586517334 3.0232062339782715 0.3125940263271332 2.7106125354766846 0.763204038143158 
2.1881842613220215 3.005385398864746 0.3075690269470215 2.6978163719177246 0.7509501576423645 
2.184048652648926 3.0154812335968018 0.3050587773323059 2.7104222774505615 0.7422934770584106 
2.305793285369873 3.007460355758667 0.28968968987464905 2.717770576477051 0.7000994682312012 
2.4718806743621826 3.0366201400756836 0.3217630982398987 2.7148568630218506 0.7876185774803162 
2.6618576049804688 3.049590587615967 0.3303626775741577 2.7192277908325195 0.8102062940597534 
2.139188766479492 3.0288243293762207 0.29145967960357666 2.7373647689819336 0.7029061317443848 
2.338749408721924 3.038364887237549 0.3170340061187744 2.7213311195373535 0.7733980417251587 
2.5487875938415527 3.0389797687530518 0.31214410066604614 2.7268357276916504 0.7593480944633484 
2.4381847381591797 3.0443849563598633 0.31331032514572144 2.731074333190918 0.762167751789093 
2.040182113647461 3.022648572921753 0.2915792465209961 2.731069326400757 0.7035525441169739 
2.426797866821289 3.0584604740142822 0.3221219480037689 2.7363383769989014 0.7851624488830566 
2.1552820205688477 3.042583703994751 0.3050209879875183 2.737562656402588 0.7383247017860413 
2.5158238410949707 3.0450446605682373 0.32235661149024963 2.7226881980895996 0.7874957323074341 
2.4665982723236084 3.0473175048828125 0.3046971261501312 2.7426204681396484 0.7378364205360413 
2.4309983253479004 3.0420026779174805 0.3155685067176819 2.7264342308044434 0.7684767842292786 
2.408883571624756 3.048673152923584 0.32048049569129944 2.7281928062438965 0.7814368009567261 
2.6323983669281006 3.0643985271453857 0.3338104486465454 2.730587959289551 0.8175402879714966 
2.1633005142211914 3.026893138885498 0.2989273965358734 2.7279655933380127 0.7231955528259277 
2.536102294921875 3.0513246059417725 0.32619017362594604 2.7251343727111816 0.798035740852356 
2.38362979888916 3.0417919158935547 0.3164096772670746 2.725382089614868 0.7709372639656067 
2.2873644828796387 3.0311431884765625 0.30806514620780945 2.7230782508850098 0.7486194372177124 
2.1342263221740723 3.016885995864868 0.2830236256122589 2.7338624000549316 0.6806894540786743 
2.3267416954040527 3.0293116569519043 0.30995774269104004 2.7193539142608643 0.7545708417892456 
2.368419885635376 3.0314950942993164 0.3196207284927368 2.711874485015869 0.7809298038482666 
2.485095500946045 3.0466294288635254 0.31737643480300903 2.729252815246582 0.7736194133758545 
2.51104474067688 3.0230329036712646 0.31162500381469727 2.7114078998565674 0.7598807215690613 
2.395326614379883 3.0398943424224854 0.32180118560791016 2.7180933952331543 0.7868386507034302 
2.311161518096924 3.0208661556243896 0.2992139160633087 2.721652030944824 0.7250567674636841 
2.0580921173095703 3.033430576324463 0.29899507761001587 2.734435558319092 0.7225356698036194 
2.081688404083252 3.042705535888672 0.29828837513923645 2.744417190551758 0.7205988168716431 
2.3490874767303467 3.0363059043884277 0.31438377499580383 2.721921920776367 0.7659841179847717 
2.308093547821045 3.0217833518981934 0.3142140507698059 2.707569122314453 0.7676407098770142 
2.358574867248535 3.0249862670898438 0.3035983145236969 2.7213878631591797 0.7378418445587158 
2.2799739837646484 3.024486541748047 0.3047013282775879 2.719785451889038 0.7399208545684814 
2.0818357467651367 3.01918888092041 0.2875211238861084 2.7316677570343018 0.6931990385055542 
2.170027732849121 3.0262556076049805 0.2894069254398346 2.7368485927581787 0.697700023651123 
2.5163938999176025 3.0242679119110107 0.3086208701133728 2.7156472206115723 0.7519665956497192 
2.582818031311035 3.0363564491271973 0.31737178564071655 2.718984603881836 0.7737227082252502 
2.2981200218200684 3.0252678394317627 0.3067196011543274 2.71854829788208 0.74517822265625 
2.399757146835327 3.0499439239501953 0.3074168264865875 2.7425270080566406 0.7440155744552612 
2.2013492584228516 3.023256778717041 0.2936958074569702 2.7295608520507812 0.7095542550086975 
2.265073537826538 3.045424699783325 0.2940981984138489 2.751326322555542 0.7082040309906006 
2.344425678253174 3.0369555950164795 0.30759763717651367 2.729358196258545 0.7463963627815247 
2.3768136501312256 3.048015594482422 0.3098800480365753 2.738135576248169 0.7514240741729736 
2.2345144748687744 3.0351696014404297 0.2850137948989868 2.7501559257507324 0.6846352815628052 
2.2991957664489746 3.0441701412200928 0.30522239208221436 2.738947868347168 0.7395922541618347 
2.422311782836914 3.0532002449035645 0.30990129709243774 2.7432987689971924 0.751832902431488 
2.3954310417175293 3.050802707672119 0.3183791935443878 2.732423782348633 0.7754448652267456 
2.3954052925109863 3.0445594787597656 0.31722530722618103 2.7273340225219727 0.77332603931427 
2.302212715148926 3.044424533843994 0.3083643317222595 2.73606014251709 0.7488564252853394 
2.315088987350464 3.0363306999206543 0.3039778172969818 2.7323529720306396 0.7371968030929565 
2.4042372703552246 3.0380866527557373 0.31027156114578247 2.7278151512145996 0.754627525806427 
2.33142352104187 3.0335121154785156 0.3199062943458557 2.7136058807373047 0.7819794416427612 
2.5418527126312256 3.049236297607422 0.329081267118454 2.7201550006866455 0.8064034581184387 
2.483208656311035 3.0320849418640137 0.3268847167491913 2.705200433731079 0.8025425672531128 
2.362774133682251 3.04060697555542 0.31668752431869507 2.72391939163208 0.7720018029212952 
2.4684948921203613 3.0330429077148438 0.32949399948120117 2.7035489082336426 0.8097547292709351 
2.6136059761047363 3.045147180557251 0.31873589754104614 2.7264113426208496 0.7771499752998352 
2.431475877761841 3.027266263961792 0.32664892077445984 2.7006173133850098 0.801671028137207 
2.569331169128418 3.052192211151123 0.33698633313179016 2.7152061462402344 0.8285081386566162 
2.2127928733825684 3.0352015495300293 0.3170061707496643 2.7181951999664307 0.7737452983856201 
2.509575843811035 3.0416479110717773 0.33067283034324646 2.710974931716919 0.812207043170929 
2.4442965984344482 3.0547094345092773 0.33280861377716064 2.7219009399414062 0.8164503574371338 
2.514374017715454 3.04256010055542 0.32718756794929504 2.7153725624084473 0.8016467094421387 
2.482161045074463 3.029141426086426 0.3053540885448456 2.723787307739258 0.7422813177108765 
2.2968223094940186 3.029571056365967 0.304776668548584 2.724794387817383 0.7404810190200806 
2.367246150970459 3.0276567935943604 0.305498331785202 2.722158432006836 0.742733359336853 
2.204425573348999 3.031282424926758 0.2973741292953491 2.733908176422119 0.7188518047332764 
2.3315987586975098 3.0214247703552246 0.3064117431640625 2.715013027191162 0.7447247505187988 
2.134669780731201 3.014221668243408 0.29372864961624146 2.7204933166503906 0.7103139162063599 
2.415290117263794 3.034684658050537 0.3034282922744751 2.7312560081481934 0.7358418703079224 
2.2899866104125977 3.035965919494629 0.29774248600006104 2.7382233142852783 0.719363808631897 
2.434896469116211 3.043443202972412 0.301455557346344 2.741987705230713 0.7285808324813843 
2.1727936267852783 3.0317399501800537 0.3013284206390381 2.7304117679595947 0.7292987108230591 
2.2833027839660645 3.0494370460510254 0.30776575207710266 2.741671085357666 0.7456554174423218 
2.4527156352996826 3.054567575454712 0.30756738781929016 2.746999979019165 0.7446487545967102 
2.4484567642211914 3.05442214012146 0.30950915813446045 2.74491286277771 0.7499399185180664 
2.2503244876861572 3.0563323497772217 0.3030100166797638 2.7533223628997803 0.7316759824752808 
2.1639647483825684 3.047154664993286 0.3057662844657898 2.7413885593414307 0.7398982048034668 
2.307251214981079 3.0356976985931396 0.3138139545917511 2.721883773803711 0.7639400362968445 
2.468726396560669 3.0453577041625977 0.3242824077606201 2.7210752964019775 0.7929253578186035 
2.375000476837158 3.0599942207336426 0.32885023951530457 2.7311439514160156 0.8038883805274963 
2.5800018310546875 3.0598666667938232 0.32572728395462036 2.7341394424438477 0.7951295375823975 
2.5820798873901367 3.05887508392334 0.33101096749305725 2.7278640270233154 0.8106268644332886 
2.4886674880981445 3.0382187366485596 0.3121202886104584 2.7260985374450684 0.7596890926361084 
2.4220376014709473 3.055952548980713 0.32845181226730347 2.7275006771087646 0.8030717372894287 
2.5250277519226074 3.03049898147583 0.3189672827720642 2.7115318775177 0.7790031433105469 
2.5012898445129395 3.0474014282226562 0.3216280937194824 2.7257730960845947 0.7858509421348572 
2.524803400039673 3.0600502490997314 0.33203190565109253 2.7280185222625732 0.8134410977363586 
2.399797201156616 3.0453848838806152 0.325634628534317 2.71975040435791 0.7970728874206543 
2.231459379196167 3.012925624847412 0.3128381669521332 2.700087308883667 0.7647379636764526 
2.5124034881591797 3.0282740592956543 0.3076944649219513 2.7205793857574463 0.7480734586715698 
2.3441267013549805 3.028419256210327 0.3193029463291168 2.709115982055664 0.7808003425598145 
2.122659206390381 3.0231986045837402 0.2956283688545227 2.7275705337524414 0.7146294116973877 
2.552525758743286 3.0371434688568115 0.3138197660446167 2.7233238220214844 0.7642709016799927 
2.221991777420044 3.035914897918701 0.3188996911048889 2.717015266418457 0.7787047624588013 
2.4177017211914062 3.0452322959899902 0.31472229957580566 2.7305097579956055 0.7659462690353394 
2.3171334266662598 3.0158026218414307 0.2961340546607971 2.719668388366699 0.7173194289207458 
2.1544814109802246 3.018246650695801 0.29422488808631897 2.7240214347839355 0.7116187810897827 
2.11885142326355 3.0168561935424805 0.2946254014968872 2.7222306728363037 0.711775541305542 
2.2573044300079346 3.0265719890594482 0.3058665692806244 2.720705270767212 0.7426340579986572 
2.414266586303711 3.0296950340270996 0.3176635503768921 2.712031602859497 0.7748643159866333 
2.159761428833008 3.0309910774230957 0.31387487053871155 2.717116355895996 0.7646994590759277 
2.527613401412964 3.0219016075134277 0.3103066682815552 2.711595058441162 0.7556466460227966 
2.4222612380981445 3.019880771636963 0.31656238436698914 2.7033183574676514 0.7740110158920288 
2.5574636459350586 3.033592700958252 0.3182668685913086 2.7153258323669434 0.7769039273262024 
2.2651166915893555 3.0370888710021973 0.30248942971229553 2.7345993518829346 0.7326590418815613 
2.2520322799682617 3.027193069458008 0.30451706051826477 2.7226758003234863 0.7392717599868774 
2.371938705444336 3.033428192138672 0.31782615184783936 2.715601921081543 0.7763639688491821 
2.4620344638824463 3.0506954193115234 0.3179381787776947 2.732757568359375 0.7743951678276062 
2.325378894805908 3.0368924140930176 0.31108152866363525 2.7258107662200928 0.7566156983375549 
2.2507030963897705 3.0209431648254395 0.3023099899291992 2.7186331748962402 0.7335420250892639 
2.391533136367798 3.0361146926879883 0.30935564637184143 2.7267589569091797 0.7520370483398438 
2.29634428024292 3.0346388816833496 0.3247891068458557 2.7098495960235596 0.7944875955581665 
2.5779149532318115 3.05906343460083 0.3314204812049866 2.7276430130004883 0.8114776611328125 
2.457092761993408 3.0426430702209473 0.3199106454849243 2.7227325439453125 0.7807859182357788 
2.276479482650757 3.0379369258880615 0.3260948657989502 2.7118420600891113 0.7992476224899292 
2.323326587677002 3.0320398807525635 0.3140872120857239 2.7179527282714844 0.765586793422699 
2.139845371246338 3.0016391277313232 0.3149457573890686 2.6866931915283203 0.7709214091300964 
2.4862349033355713 3.0210280418395996 0.3190475106239319 2.7019805908203125 0.7808905839920044 
2.404050350189209 3.0255112648010254 0.3101252317428589 2.715386390686035 0.7550828456878662 
2.359506845474243 3.0260045528411865 0.30251893401145935 2.7234854698181152 0.733727216720581 
2.1767020225524902 3.002885341644287 0.29380369186401367 2.7090816497802734 0.7110625505447388 
2.3817968368530273 3.0116066932678223 0.3019145727157593 2.7096920013427734 0.7326235771179199 
2.157114028930664 3.0153684616088867 0.30375349521636963 2.7116150856018066 0.7373294830322266 
2.2758305072784424 3.0170469284057617 0.2943463623523712 2.722700595855713 0.7116273045539856 
2.5348896980285645 3.028512477874756 0.3203825354576111 2.7081298828125 0.7826312780380249 
2.441434621810913 3.019181728363037 0.31812524795532227 2.7010562419891357 0.7778248190879822 
2.2336041927337646 3.014407157897949 0.31665992736816406 2.697747230529785 0.7742912173271179 
2.371145486831665 3.0249226093292236 0.31570786237716675 2.709214687347412 0.7711735963821411 
2.5064916610717773 3.0386290550231934 0.3208758234977722 2.7177534103393555 0.7843430042266846 
2.4998607635498047 3.0274107456207275 0.29977771639823914 2.727632999420166 0.7259568572044373 
2.4713938236236572 3.0437307357788086 0.32399216294288635 2.719738721847534 0.7916514873504639 
2.3021769523620605 3.0304839611053467 0.3198106288909912 2.7106733322143555 0.7821807861328125 
2.4437179565429688 3.0345988273620605 0.3065062165260315 2.728092908859253 0.7437056303024292 
2.46449875831604 3.0385327339172363 0.30899977684020996 2.7295329570770264 0.7510747313499451 
2.1641669273376465 3.0363926887512207 0.3121139407157898 2.724278688430786 0.7600157260894775 
2.1814422607421875 3.0256078243255615 0.2946489155292511 2.730958938598633 0.7118948698043823 
2.2666664123535156 3.0256407260894775 0.2918589413166046 2.7337818145751953 0.7036570906639099 
2.3507628440856934 3.0378565788269043 0.31142234802246094 2.7264339923858643 0.7572410106658936 
2.428624153137207 3.038120746612549 0.29962873458862305 2.738492012023926 0.7243986129760742 
2.447547435760498 3.057725429534912 0.3157513737678528 2.741973876953125 0.7677514553070068 
2.291728973388672 3.0381970405578613 0.29251042008399963 2.7456865310668945 0.704435408115387 
2.2780346870422363 3.0394253730773926 0.31684911251068115 2.722576379776001 0.7718523144721985 
2.5454282760620117 3.0633487701416016 0.3191790282726288 2.7441697120666504 0.7765657901763916 
2.2440643310546875 3.030898332595825 0.2985420823097229 2.732356071472168 0.7217698097229004 
2.2567315101623535 3.0415563583374023 0.30651870369911194 2.7350378036499023 0.7425133585929871 
2.335271120071411 3.0447137355804443 0.31222251057624817 2.7324914932250977 0.7584820985794067 
2.2729549407958984 3.026916980743408 0.30318331718444824 2.72373366355896 0.735170841217041 
2.601343870162964 3.0555176734924316 0.32502004504203796 2.730497360229492 0.7937536835670471 
2.3595635890960693 3.026718854904175 0.31043726205825806 2.7162814140319824 0.7556660175323486 
2.471532106399536 3.0425894260406494 0.3283836543560028 2.714205741882324 0.8048962354660034 
2.56973934173584 3.043670177459717 0.3203350305557251 2.723334789276123 0.7813477516174316 
2.293673038482666 3.0461769104003906 0.32284149527549744 2.7233352661132812 0.788658618927002 
2.443510055541992 3.0493903160095215 0.3296680450439453 2.719722270965576 0.807687520980835 
2.5999796390533447 3.0610055923461914 0.3373979926109314 2.7236075401306152 0.8282512426376343 
2.3724303245544434 3.037275791168213 0.31498581171035767 2.722289800643921 0.7675091624259949 
2.2801413536071777 3.026402473449707 0.3182987570762634 2.708103656768799 0.77772057056427 
2.4776668548583984 3.040189266204834 0.31903862953186035 2.7211506366729736 0.7782394289970398 
2.490274429321289 3.056591510772705 0.3304937779903412 2.726097583770752 0.8092693090438843 
2.550400495529175 3.051609516143799 0.32652395963668823 2.725085735321045 0.7984278202056885 
2.3869659900665283 3.047574281692505 0.3130381405353546 2.7345361709594727 0.7611100673675537 
2.4332680702209473 3.0477826595306396 0.31898707151412964 2.7287955284118652 0.777921736240387 
2.324558734893799 3.049748420715332 0.31572240591049194 2.7340259552001953 0.768646776676178 
2.4478588104248047 3.0461487770080566 0.3174939453601837 2.7286550998687744 0.7742658257484436 
2.2155189514160156 3.034201145172119 0.29640504717826843 2.7377960681915283 0.7158393263816833 
2.3681726455688477 3.038708448410034 0.3115386366844177 2.727169990539551 0.7581082582473755 
2.2124903202056885 3.039888381958008 0.3106187582015991 2.729269504547119 0.7549526691436768 
2.3285281658172607 3.029045820236206 0.306274950504303 2.722770929336548 0.7439513802528381 
2.664008617401123 3.064021587371826 0.3196096420288086 2.7444119453430176 0.7775340676307678 
2.257794141769409 3.0388853549957275 0.30248820781707764 2.7363972663879395 0.7322304844856262 
2.2331390380859375 3.0406956672668457 0.298094779253006 2.742600917816162 0.719822347164154 
2.4074482917785645 3.0407731533050537 0.3163238763809204 2.7244491577148438 0.7715463042259216 
2.1798715591430664 3.0270752906799316 0.30423933267593384 2.7228360176086426 0.7379889488220215 
2.3241755962371826 3.0461461544036865 0.32079145312309265 2.7253546714782715 0.7824673652648926 
2.30428409576416 3.0570688247680664 0.3065444827079773 2.7505245208740234 0.7414902448654175 
2.403744697570801 3.0438666343688965 0.3211972713470459 2.7226696014404297 0.7840506434440613 
2.364557981491089 3.0240638256073 0.3252521753311157 2.6988117694854736 0.7978401184082031 
2.390725612640381 3.0364208221435547 0.3269702196121216 2.7094507217407227 0.8014923930168152 
2.171212673187256 3.0101888179779053 0.3257386088371277 2.684450149536133 0.8009051084518433 
2.3531692028045654 3.0299510955810547 0.3298656940460205 2.700085401535034 0.8110173940658569 
2.4718339443206787 3.010899066925049 0.3188175559043884 2.6920814514160156 0.7818803191184998 
2.7218017578125 3.0312013626098633 0.32881441712379456 2.7023870944976807 0.8084064722061157 
2.21270751953125 3.0010275840759277 0.31851595640182495 2.682511806488037 0.7816775441169739 
2.4740712642669678 3.012340545654297 0.31518974900245667 2.697150707244873 0.7703812122344971 
2.115082025527954 3.005169630050659 0.31925487518310547 2.685914993286133 0.7832278609275818 
2.230307102203369 2.99765682220459 0.3200111985206604 2.677645683288574 0.7859078645706177 
2.615088701248169 3.0228219032287598 0.31601041555404663 2.7068114280700684 0.7722669243812561 
2.4410400390625 3.0090458393096924 0.3148345947265625 2.69421124458313 0.7702861428260803 
2.3245019912719727 3.020315170288086 0.3233416676521301 2.6969733238220215 0.7927638292312622 
2.274585723876953 3.015623092651367 0.31004858016967773 2.7055747509002686 0.7558249235153198 
2.4612855911254883 3.0117669105529785 0.30686765909194946 2.7048990726470947 0.74650639295578 
2.1560654640197754 3.007857322692871 0.308579683303833 2.699277877807617 0.7518671154975891 
2.2808949947357178 3.015714645385742 0.28202903270721436 2.7336854934692383 0.6772974729537964 
2.178027629852295 3.0209383964538574 0.2997099757194519 2.72122859954834 0.7254983186721802 
2.446364402770996 3.0465714931488037 0.30991604924201965 2.7366552352905273 0.7512496709823608 
2.414501190185547 3.037205219268799 0.313266396522522 2.7239389419555664 0.7619200348854065 
2.366546154022217 3.0390872955322266 0.31812554597854614 2.720961570739746 0.7753758430480957 
2.3833513259887695 3.0289242267608643 0.30949825048446655 2.719425916671753 0.7522771954536438 
2.235727071762085 3.0159153938293457 0.3119804263114929 2.703935146331787 0.7604364156723022 
2.4486982822418213 3.0384678840637207 0.3236094117164612 2.7148585319519043 0.7914136648178101 
2.326772689819336 3.0350608825683594 0.31459128856658936 2.7204694747924805 0.7651858329772949 
2.335616111755371 3.038757801055908 0.3254518210887909 2.713306188583374 0.796576976776123 
2.3480052947998047 3.0350260734558105 0.3191985487937927 2.715827465057373 0.7781833410263062 
2.4448752403259277 3.0467793941497803 0.33038634061813354 2.716393232345581 0.8094086647033691 
2.20070743560791 3.0420331954956055 0.32746315002441406 2.7145698070526123 0.8013455271720886 
2.362075090408325 3.018240451812744 0.31916218996047974 2.699078321456909 0.7806704044342041 
2.4230127334594727 3.0277907848358154 0.33046266436576843 2.6973280906677246 0.8117877244949341 
2.3268284797668457 3.0066943168640137 0.3148244619369507 2.6918697357177734 0.770162045955658 
2.155606746673584 2.996316909790039 0.3047686815261841 2.6915483474731445 0.7421149015426636 
2.4832396507263184 3.034034252166748 0.319622278213501 2.714411973953247 0.7806514501571655 
2.313058853149414 2.992532730102539 0.31467458605766296 2.6778578758239746 0.7704249620437622 
2.3613717555999756 3.0319135189056396 0.3232225775718689 2.708690643310547 0.7914948463439941 
2.5179357528686523 3.037029266357422 0.3172112703323364 2.719818115234375 0.7741581201553345 
2.2186923027038574 3.023021697998047 0.31112563610076904 2.7118959426879883 0.7576972246170044 
2.2227702140808105 3.009596109390259 0.30452242493629456 2.705073595046997 0.7399700880050659 
2.258052349090576 3.009836196899414 0.30664220452308655 2.7031939029693604 0.7460784912109375 
2.3537344932556152 3.0132436752319336 0.3013207018375397 2.7119228839874268 0.7306748628616333 
2.413968563079834 3.0461485385894775 0.3130999505519867 2.733048439025879 0.7606521844863892 
2.3678016662597656 3.0237808227539062 0.3119775056838989 2.711803436279297 0.7598576545715332 
2.5172863006591797 3.029125690460205 0.30867820978164673 2.720447301864624 0.7498304843902588 
2.327636957168579 3.018394708633423 0.3127649426460266 2.705629825592041 0.7623385787010193 
2.4857730865478516 3.028620719909668 0.303047776222229 2.7255730628967285 0.7347071170806885 
2.334197998046875 3.0482981204986572 0.3119910955429077 2.736307144165039 0.7573334574699402 
2.341526508331299 3.0385854244232178 0.3013233244419098 2.73726224899292 0.7286276817321777 
2.3913867473602295 3.030480146408081 0.31245356798171997 2.718026638031006 0.7602279186248779 
2.4737868309020996 3.0486807823181152 0.3257603347301483 2.7229206562042236 0.7962480187416077 
2.4419240951538086 3.052678108215332 0.3208274841308594 2.7318506240844727 0.7823154926300049 
2.500438928604126 3.0530025959014893 0.3123266100883484 2.740675926208496 0.7580019235610962 
2.3184287548065186 3.0402109622955322 0.3213876485824585 2.718823194503784 0.7851758599281311 
2.390486717224121 3.0573153495788574 0.31949537992477417 2.7378201484680176 0.778070330619812 
2.5516796112060547 3.0610835552215576 0.3294551968574524 2.731628179550171 0.8055265545845032 
2.257415294647217 3.0484962463378906 0.3145782947540283 2.733917713165283 0.7649549245834351 
2.6734423637390137 3.064047336578369 0.3268393874168396 2.737208127975464 0.798045814037323 
2.415187358856201 3.0539677143096924 0.3189273178577423 2.7350404262542725 0.7772417068481445 
2.3612616062164307 3.050459861755371 0.3130634129047394 2.737396240234375 0.7607338428497314 
2.5204577445983887 3.047377109527588 0.3194791376590729 2.727897882461548 0.7791780233383179 
2.2154464721679688 3.034898519515991 0.3013319969177246 2.7335665225982666 0.7294542193412781 
2.4777050018310547 3.0550317764282227 0.3070105016231537 2.748021364212036 0.7428721189498901 
2.596670627593994 3.0487992763519287 0.3164074122905731 2.732391834259033 0.7706947326660156 
2.422071695327759 3.0478334426879883 0.3253234028816223 2.7225100994110107 0.7950102090835571 
2.6727795600891113 3.047974109649658 0.32473742961883545 2.723236560821533 0.7936811447143555 
2.4162557125091553 3.049884796142578 0.3134682774543762 2.7364163398742676 0.7615500688552856 
2.5801055431365967 3.0417566299438477 0.3227075934410095 2.7190489768981934 0.7888950109481812 
2.5730772018432617 3.039111614227295 0.32835453748703003 2.710757255554199 0.8052992820739746 
2.4682984352111816 3.04404616355896 0.3296280801296234 2.7144181728363037 0.8077818751335144 
2.5663533210754395 3.0523695945739746 0.3308104872703552 2.7215590476989746 0.8098980188369751 
2.4685535430908203 3.0377678871154785 0.3222159743309021 2.7155518531799316 0.7874627113342285 
2.6143155097961426 3.0420126914978027 0.3220646381378174 2.7199482917785645 0.7870218753814697 
2.3704521656036377 3.028081178665161 0.3028761148452759 2.725205183029175 0.7341204881668091 
2.4704508781433105 3.0369749069213867 0.3237394094467163 2.713235378265381 0.7914252281188965 
2.4768760204315186 3.0274038314819336 0.30690300464630127 2.720500946044922 0.745617151260376 
2.4267406463623047 3.043405532836914 0.3104137182235718 2.7329916954040527 0.753430962562561 
2.3302955627441406 3.046855926513672 0.31199344992637634 2.7348623275756836 0.7576271295547485 
2.359426498413086 3.053028106689453 0.3074468970298767 2.7455811500549316 0.7444127798080444 
2.322291374206543 3.0412139892578125 0.30727335810661316 2.733940601348877 0.7448978424072266 
2.3047759532928467 3.0521411895751953 0.3193017840385437 2.732839345932007 0.7776585817337036 
2.473376750946045 3.065748691558838 0.3220648169517517 2.7436840534210205 0.7834607362747192 
2.3314242362976074 3.0591938495635986 0.31966692209243774 2.7395269870758057 0.7771937251091003 
2.519415855407715 3.0575766563415527 0.32222914695739746 2.7353477478027344 0.784410834312439 
2.3945975303649902 3.06359601020813 0.32790395617485046 2.735692024230957 0.800072968006134 
2.3615856170654297 3.049955129623413 0.31742846965789795 2.7325265407562256 0.7719698548316956 
2.4793660640716553 3.067903518676758 0.32606375217437744 2.741839647293091 0.7945520877838135 
2.2945380210876465 3.038735866546631 0.29359170794487 2.7451438903808594 0.706572413444519 
2.397730827331543 3.0567667484283447 0.3278701603412628 2.7288966178894043 0.8002855777740479 
2.4049549102783203 3.05111026763916 0.3236387372016907 2.7274715900421143 0.7892642021179199 
2.5532655715942383 3.0606460571289062 0.33051618933677673 2.7301294803619385 0.8080031871795654 
2.4744672775268555 3.0560929775238037 0.33517223596572876 2.7209208011627197 0.8215553760528564 
2.5084047317504883 3.0523743629455566 0.3386486768722534 2.7137255668640137 0.8323001265525818 
2.403390407562256 3.0272293090820312 0.30909258127212524 2.718136787414551 0.7516512870788574 
2.3774447441101074 3.0237884521484375 0.30455005168914795 2.719238519668579 0.7391214370727539 
2.4149742126464844 3.0442843437194824 0.33130109310150146 2.7129833698272705 0.8130911588668823 
2.4044175148010254 3.0239040851593018 0.3247259259223938 2.6991782188415527 0.7959481477737427 
2.462751626968384 3.030064105987549 0.3351408839225769 2.694923162460327 0.8255975246429443 
2.375399351119995 3.02121901512146 0.3237897455692291 2.6974291801452637 0.7939572334289551 
2.240971088409424 3.0126607418060303 0.3089912235736847 2.703669548034668 0.7532733082771301 
2.6640520095825195 3.0320498943328857 0.3233335614204407 2.70871639251709 0.7926567792892456 
2.5109915733337402 3.028902769088745 0.32703039050102234 2.7018723487854004 0.8027104139328003 
2.1786344051361084 3.0165157318115234 0.30785471200942993 2.708660840988159 0.7486348748207092 
2.351092576980591 3.0106072425842285 0.302374005317688 2.70823335647583 0.7342978119850159 
2.3619039058685303 3.024942398071289 0.31663617491722107 2.708306312561035 0.7732217311859131 
2.2729415893554688 3.0139551162719727 0.3121033012866974 2.7018518447875977 0.7617705464363098 
2.327021598815918 3.0270957946777344 0.3079846501350403 2.719111204147339 0.7481908798217773 
2.128561496734619 3.017620325088501 0.3048548698425293 2.7127654552459717 0.7402187585830688 
2.4341771602630615 3.048377513885498 0.3158162534236908 2.7325611114501953 0.7678635120391846 
2.305633544921875 3.040248394012451 0.3138962388038635 2.7263522148132324 0.7634186744689941 
2.5164740085601807 3.0589447021484375 0.3235679864883423 2.7353765964508057 0.7882128953933716 
2.509370803833008 3.0470032691955566 0.3238644003868103 2.7231388092041016 0.7903159856796265 
2.2171404361724854 3.0372860431671143 0.3077585697174072 2.729527473449707 0.7465277910232544 
2.515775680541992 3.0499706268310547 0.32332390546798706 2.726646900177002 0.7885939478874207 
2.4732565879821777 3.0485522747039795 0.32659024000167847 2.7219619750976562 0.7980917692184448 
2.36440372467041 3.026528835296631 0.32774296402931213 2.6987857818603516 0.8033484816551208 
2.3871445655822754 3.0289855003356934 0.3303878605365753 2.6985974311828613 0.8117316961288452 
2.4363934993743896 3.0237393379211426 0.32664209604263306 2.6970973014831543 0.8017139434814453 
2.522386312484741 3.036900043487549 0.33118394017219543 2.705716371536255 0.8129055500030518 
2.4224696159362793 3.0216939449310303 0.32304251194000244 2.6986513137817383 0.7913863658905029 
2.5222480297088623 3.0382919311523438 0.32725048065185547 2.7110414505004883 0.8016290664672852 
2.556163787841797 3.040595531463623 0.3322443962097168 2.7083511352539062 0.8152478933334351 
2.550637722015381 3.01875638961792 0.3147425651550293 2.7040138244628906 0.7672429084777832 
2.373568534851074 3.031898021697998 0.3195359408855438 2.712362289428711 0.7805734276771545 
2.331643581390381 2.997251510620117 0.3029860854148865 2.694265365600586 0.7367368936538696 
2.3235950469970703 3.0393118858337402 0.3099856972694397 2.7293262481689453 0.7529252767562866 
2.1833369731903076 3.0302867889404297 0.2986621856689453 2.7316246032714844 0.7218883633613586 
2.378857135772705 3.0401787757873535 0.3045607805252075 2.7356181144714355 0.7374407052993774 
2.505295753479004 3.055692672729492 0.3193749487400055 2.7363176345825195 0.777593731880188 
2.3889410495758057 3.041517734527588 0.3160572350025177 2.7254605293273926 0.7691227197647095 
2.2005441188812256 3.025714874267578 0.3111807107925415 2.714533805847168 0.7572454810142517 
2.4356422424316406 3.03346848487854 0.3118175268173218 2.721651077270508 0.7587313055992126 
2.438974618911743 3.031399965286255 0.318397581577301 2.7130024433135986 0.7771888971328735 
2.4306654930114746 3.042430877685547 0.32420289516448975 2.7182278633117676 0.791694164276123 
2.3521571159362793 3.0294384956359863 0.3162585496902466 2.7131800651550293 0.7713490128517151 
2.528397798538208 3.049186944961548 0.32653605937957764 2.7226510047912598 0.798183023929596 
2.47890043258667 3.050935983657837 0.31975072622299194 2.7311851978302 0.7791887521743774 
2.4599411487579346 3.0451388359069824 0.31754159927368164 2.727597236633301 0.7737375497817993 
2.519484043121338 3.03787899017334 0.32253748178482056 2.715341567993164 0.7886799573898315 
2.3993124961853027 3.0441641807556152 0.30913054943084717 2.7350335121154785 0.749681830406189 
2.417280912399292 3.0362818241119385 0.3193932771682739 2.716888427734375 0.7796275615692139 
2.5318450927734375 3.0580601692199707 0.32823729515075684 2.729822874069214 0.8019160032272339 
2.2264602184295654 3.040989875793457 0.3140006363391876 2.726989269256592 0.7634671926498413 
2.548755407333374 3.0651001930236816 0.3355746865272522 2.729525566101074 0.821686863899231 
2.381032943725586 3.0503931045532227 0.3153548240661621 2.7350382804870605 0.765792965888977 
2.5331172943115234 3.0609676837921143 0.33634182810783386 2.724625825881958 0.8248068690299988 
2.5628063678741455 3.0467801094055176 0.3321593105792999 2.714620590209961 0.8137118816375732 
2.378655433654785 3.037385940551758 0.32409220933914185 2.7132937908172607 0.7918902039527893 
2.5621237754821777 3.047321319580078 0.3369762897491455 2.7103447914123535 0.827621579170227 
2.730949640274048 3.064401626586914 0.3383195102214813 2.7260820865631104 0.830137312412262 
2.405064582824707 3.033492088317871 0.320183128118515 2.7133090496063232 0.7822166681289673 
2.497649669647217 3.0489675998687744 0.3303404450416565 2.718627452850342 0.8093017339706421 
2.4794654846191406 3.030921459197998 0.31100475788116455 2.719916343688965 0.7566710710525513 
2.250110626220703 3.0427980422973633 0.3229106068611145 2.7198874950408936 0.7886364459991455 
2.2717392444610596 3.02469539642334 0.31524795293807983 2.7094473838806152 0.7689762711524963 
2.319105625152588 3.0363261699676514 0.30078357458114624 2.7355427742004395 0.7275727987289429 
2.4968247413635254 3.033442497253418 0.3072742819786072 2.726167917251587 0.7448947429656982 
2.514413595199585 3.0281472206115723 0.31441861391067505 2.713728904724121 0.765703558921814 
2.401113748550415 3.0444118976593018 0.30278074741363525 2.741631269454956 0.7318009734153748 
2.403297185897827 3.054500102996826 0.31508052349090576 2.739419460296631 0.7652328014373779 
2.413252830505371 3.0508437156677246 0.31448549032211304 2.736358165740967 0.7641003727912903 
2.5511279106140137 3.0353541374206543 0.3176252245903015 2.717729091644287 0.7748047113418579 
2.4321420192718506 3.0465943813323975 0.3264015316963196 2.7201929092407227 0.7982602119445801 
2.4245574474334717 3.0357322692871094 0.3215370774269104 2.7141952514648438 0.785880446434021 
2.672240972518921 3.051527500152588 0.3266848921775818 2.7248425483703613 0.7993201017379761 
2.524570941925049 3.0314841270446777 0.32099634408950806 2.7104878425598145 0.7856210470199585 
2.4063363075256348 3.0381886959075928 0.3271717429161072 2.71101713180542 0.8019940853118896 
2.430582046508789 3.0531883239746094 0.3219306170940399 2.731257915496826 0.7849507331848145 
2.3574061393737793 3.0413684844970703 0.32335764169692993 2.718010902404785 0.7907677292823792 
2.4940855503082275 3.0571441650390625 0.3286629021167755 2.7284812927246094 0.8035298585891724 
2.3853416442871094 3.0465617179870605 0.3153427541255951 2.7312190532684326 0.7672437429428101 
2.336902618408203 3.0503361225128174 0.32119661569595337 2.7291393280029297 0.7829598784446716 
2.415832996368408 3.056962728500366 0.32480388879776 2.732158660888672 0.7926973104476929 
2.451826572418213 3.0654826164245605 0.321166068315506 2.744316816329956 0.7814593315124512 
2.1933658123016357 3.041496753692627 0.31499001383781433 2.7265067100524902 0.7670691609382629 
2.4396989345550537 3.0539352893829346 0.3146548271179199 2.7392804622650146 0.764307975769043 
2.3240091800689697 3.0386130809783936 0.31942218542099 2.719190835952759 0.778998851776123 
2.3918638229370117 3.052327871322632 0.3219633400440216 2.7303643226623535 0.7849113941192627 
2.3749709129333496 3.0559043884277344 0.3163769245147705 2.7395272254943848 0.7685286402702332 
2.3127565383911133 3.050051689147949 0.30893445014953613 2.741117238998413 0.7488576173782349 
2.1164917945861816 3.0345206260681152 0.3039577901363373 2.730562686920166 0.7365119457244873 
2.561842679977417 3.0350441932678223 0.3278772234916687 2.707166910171509 0.8042763471603394 
2.5339646339416504 3.0420494079589844 0.32693061232566833 2.715118646621704 0.8004892468452454 
2.6106417179107666 3.0402088165283203 0.3165637254714966 2.7236452102661133 0.7715880274772644 
2.462738037109375 3.0270514488220215 0.32246851921081543 2.704582929611206 0.7889635562896729 
2.2266552448272705 3.012404441833496 0.3181335926055908 2.6942708492279053 0.7781087160110474 
2.4418985843658447 3.0346808433532715 0.33645927906036377 2.6982219219207764 0.8281072974205017 
2.5791268348693848 3.0457983016967773 0.33920183777809143 2.7065963745117188 0.8344142436981201 
2.246507406234741 3.0174994468688965 0.3161781430244446 2.701321601867676 0.7722122669219971 
2.633291006088257 3.0457704067230225 0.3315013647079468 2.7142691612243652 0.8133520483970642 
2.2942676544189453 3.025581121444702 0.3291548788547516 2.6964263916015625 0.8087483048439026 
2.408590793609619 3.034334421157837 0.3320051431655884 2.702329158782959 0.8154232501983643 
2.422452449798584 3.012209892272949 0.3209421634674072 2.691267728805542 0.7867981195449829 
2.14408540725708 3.013420581817627 0.32130590081214905 2.6921145915985107 0.7875642776489258 
2.358689069747925 3.0189356803894043 0.3228800296783447 2.6960558891296387 0.791763186454773 
2.5374808311462402 3.0358004570007324 0.3250267505645752 2.7107737064361572 0.795924186706543 
2.5879178047180176 3.0370357036590576 0.32192152738571167 2.715114116668701 0.7870690822601318 
2.5032644271850586 3.024670124053955 0.32130324840545654 2.703367233276367 0.7862280607223511 
2.5715079307556152 3.0357866287231445 0.3227633833885193 2.7130234241485596 0.7887202501296997 
2.374328136444092 3.027188539505005 0.3016471862792969 2.725541591644287 0.7308461666107178 
2.339657783508301 3.0338330268859863 0.31568288803100586 2.7181501388549805 0.7694475054740906 
2.399674415588379 3.0319623947143555 0.3140494227409363 2.7179129123687744 0.7653837203979492 
2.430518627166748 3.028334379196167 0.3100120425224304 2.718322277069092 0.754211962223053 
2.3391923904418945 3.047067165374756 0.3153389096260071 2.7317285537719727 0.7674993276596069 
2.3564531803131104 3.053246021270752 0.3105526864528656 2.7426934242248535 0.7523972988128662 
2.3501534461975098 3.0518226623535156 0.31706124544143677 2.7347617149353027 0.7715295553207397 
2.4026031494140625 3.0509188175201416 0.32098817825317383 2.7299306392669678 0.7821516990661621 
2.1165878772735596 3.050942897796631 0.306973934173584 2.743968963623047 0.7427312731742859 
2.429500102996826 3.0516600608825684 0.32132023572921753 2.730340003967285 0.7832038998603821 
2.496413469314575 3.036026954650879 0.32042479515075684 2.715602159500122 0.7815808057785034 
2.3992414474487305 3.05440092086792 0.3254721462726593 2.728929042816162 0.7941064834594727 
2.4970622062683105 3.0394558906555176 0.3322685956954956 2.7071871757507324 0.8154855966567993 
2.3874635696411133 3.0483620166778564 0.3248182237148285 2.723543882369995 0.7943466305732727 
2.3675944805145264 3.0363574028015137 0.33125072717666626 2.705106496810913 0.8139742016792297 
2.402095317840576 3.033782482147217 0.33389705419540405 2.699885368347168 0.8218708634376526 
2.310291290283203 3.0375938415527344 0.3252324163913727 2.7123613357543945 0.7962801456451416 
2.424835205078125 3.0021488666534424 0.3253940939903259 2.6767547130584717 0.8004526495933533 
2.3514413833618164 3.02386212348938 0.3199472725391388 2.7039146423339844 0.7820087671279907 
2.4138400554656982 3.0145580768585205 0.320940226316452 2.693617820739746 0.7858307361602783 
2.5922012329101562 3.0387673377990723 0.3337346613407135 2.7050328254699707 0.8200039267539978 
2.451308250427246 3.033240795135498 0.3303978145122528 2.7028427124023438 0.8107222318649292 
2.5263583660125732 3.0270156860351562 0.3256242275238037 2.7013916969299316 0.7976293563842773 
2.4161548614501953 3.0317375659942627 0.3191380202770233 2.712599515914917 0.7795710563659668 
2.622572660446167 3.041602611541748 0.32460343837738037 2.716999053955078 0.7940572500228882 
2.256406307220459 3.0366814136505127 0.3224107623100281 2.71427059173584 0.7874942421913147 
2.420158863067627 3.0486323833465576 0.32516273856163025 2.7234694957733154 0.7944263815879822 
2.2478256225585938 3.039917469024658 0.3151535987854004 2.7247636318206787 0.7671496868133545 
2.1695454120635986 3.0138063430786133 0.29700514674186707 2.716801166534424 0.7190916538238525 
2.453986883163452 3.0504074096679688 0.3172072470188141 2.7332000732421875 0.7717267870903015 
2.3480966091156006 3.0389626026153564 0.31642934679985046 2.7225334644317627 0.7712818384170532 
2.2549705505371094 3.0253376960754395 0.31171607971191406 2.7136216163635254 0.7588722705841064 
2.493649482727051 3.040712833404541 0.3261197507381439 2.7145931720733643 0.7986770868301392 
2.6540770530700684 3.045649290084839 0.32880303263664246 2.716846227645874 0.8058284521102905 
2.3779706954956055 3.0455422401428223 0.32587841153144836 2.719663619995117 0.7975454330444336 
2.531200647354126 3.0438578128814697 0.3299206793308258 2.7139368057250977 0.8090893626213074 
2.4302151203155518 3.0452523231506348 0.32952171564102173 2.7157304286956787 0.808195173740387 
2.3819313049316406 3.036501407623291 0.32802093029022217 2.7084805965423584 0.8047611117362976 
2.269214153289795 3.0219063758850098 0.31887686252593994 2.7030296325683594 0.7799610495567322 
2.3202364444732666 3.0329132080078125 0.3218684792518616 2.7110445499420166 0.7873308658599854 
2.4097681045532227 3.0386998653411865 0.32134491205215454 2.717355251312256 0.784710168838501 
2.4590909481048584 3.0398099422454834 0.3193185329437256 2.720491409301758 0.7791049480438232 
2.3032565116882324 3.024357318878174 0.30968356132507324 2.7146735191345215 0.7533230781555176 
2.351062059402466 3.027921676635742 0.3149627447128296 2.712958812713623 0.7678009271621704 
2.410784959793091 3.039060115814209 0.3158535361289978 2.7232065200805664 0.7684435844421387 
2.1558785438537598 3.028477430343628 0.30704212188720703 2.721435070037842 0.7447930574417114 
2.367459774017334 3.014857769012451 0.31419801712036133 2.70065975189209 0.7667059898376465 
2.5366454124450684 3.0319478511810303 0.3150651752948761 2.7168827056884766 0.7675474882125854 
2.5582528114318848 3.044086217880249 0.32984113693237305 2.714245080947876 0.8081051111221313 
2.401298761367798 3.048739433288574 0.31779974699020386 2.7309396266937256 0.7728722095489502 
2.3700995445251465 3.026996374130249 0.29729270935058594 2.729703664779663 0.7176107168197632 
2.6181697845458984 3.050251007080078 0.3377203047275543 2.7125306129455566 0.8300818800926208 
2.4507627487182617 3.0473756790161133 0.3314797282218933 2.715895891189575 0.8122541308403015 
2.5575451850891113 3.045907497406006 0.34283798933029175 2.7030694484710693 0.8458154797554016 
2.7265427112579346 3.0329067707061768 0.3308698534965515 2.7020368576049805 0.8124638795852661 
2.6795554161071777 3.04915714263916 0.3411032259464264 2.7080538272857666 0.8399516940116882 
2.3738515377044678 3.027317762374878 0.3213531970977783 2.7059645652770996 0.7861139178276062 
2.5166754722595215 3.0325231552124023 0.3370114266872406 2.695511817932129 0.8301540613174438 
2.5831007957458496 3.060865879058838 0.33934634923934937 2.7215194702148438 0.8332573175430298 
2.443596839904785 3.0569396018981934 0.3369213342666626 2.7200183868408203 0.8276124000549316 
2.7103147506713867 3.0684094429016113 0.3324156105518341 2.7359936237335205 0.8131126165390015 
2.474839448928833 3.061164140701294 0.32549726963043213 2.7356669902801514 0.7942793369293213 
2.3127617835998535 3.03582763671875 0.32314810156822205 2.712679386138916 0.7889766097068787 
2.330878734588623 3.0577948093414307 0.323891282081604 2.733903408050537 0.7897390127182007 
2.671860933303833 3.056661605834961 0.32483476400375366 2.7318272590637207 0.7921590805053711 
2.4835469722747803 3.0578994750976562 0.3205033540725708 2.737396240234375 0.7800251245498657 
2.5338547229766846 3.0361409187316895 0.31048694252967834 2.725654125213623 0.7542434334754944 
2.2883808612823486 3.0238401889801025 0.3013733923435211 2.7224669456481934 0.7304093837738037 
2.3756422996520996 3.0399553775787354 0.30559447407722473 2.734360933303833 0.7394761443138123 
2.184748649597168 3.0423789024353027 0.2967337667942047 2.745645046234131 0.7149223685264587 
2.4123384952545166 3.036308765411377 0.3075009882450104 2.7288074493408203 0.7457295656204224 
2.488567352294922 3.039428472518921 0.3134317696094513 2.725996494293213 0.7620964050292969 
2.5766611099243164 3.062562942504883 0.32254940271377563 2.740013599395752 0.7850399017333984 
2.3515005111694336 3.0416579246520996 0.3092884123325348 2.7323694229125977 0.7498804330825806 
2.4511375427246094 3.047682762145996 0.31685060262680054 2.730832099914551 0.7707172632217407 
2.1935551166534424 3.0408236980438232 0.3116559386253357 2.7291676998138428 0.7568219304084778 
2.166356325149536 3.045024871826172 0.3063994348049164 2.7386255264282227 0.7418172359466553 
2.4621472358703613 3.0508933067321777 0.32264822721481323 2.7282447814941406 0.7867684364318848 
2.5401153564453125 3.0517208576202393 0.3333114981651306 2.7184090614318848 0.8171325922012329 
2.2447903156280518 3.0390524864196777 0.31911033391952515 2.719942092895508 0.7778201103210449 
2.629340648651123 3.038835048675537 0.34745463728904724 2.691380023956299 0.8595766425132751 
2.622828960418701 3.048457145690918 0.3402920067310333 2.708165168762207 0.8375431895256042 
2.6589839458465576 3.035061836242676 0.34930911660194397 2.6857528686523438 0.8658447265625 
2.4028372764587402 3.035642623901367 0.34016501903533936 2.695477247238159 0.839197039604187 
2.947641611099243 3.0517985820770264 0.3541752099990845 2.6976232528686523 0.878146767616272 
2.6801466941833496 3.0360755920410156 0.3481755256652832 2.6879000663757324 0.8624662160873413 
2.6207263469696045 3.021259307861328 0.33347463607788086 2.6877846717834473 0.8215829133987427 
2.4045498371124268 3.027711868286133 0.33301442861557007 2.694697141647339 0.8191109895706177 
2.44541072845459 3.035210371017456 0.3247579336166382 2.7104523181915283 0.7945753335952759 
2.3078651428222656 3.0321013927459717 0.31753748655319214 2.7145638465881348 0.7740128040313721 
2.465684413909912 3.033278465270996 0.31210410594940186 2.7211742401123047 0.7591484785079956 
2.4002268314361572 3.039022922515869 0.3174387216567993 2.7215843200683594 0.7730549573898315 
2.488440990447998 3.0456576347351074 0.31340548396110535 2.7322521209716797 0.7611120343208313 
2.3501548767089844 3.046797275543213 0.30820906162261963 2.738588333129883 0.7457005977630615 
2.2962138652801514 3.0394444465637207 0.30273550748825073 2.736708879470825 0.732017993927002 
2.190157413482666 3.0445141792297363 0.30187416076660156 2.742640256881714 0.7288416624069214 
2.303481101989746 3.031010150909424 0.30658864974975586 2.724421739578247 0.7431520223617554 
2.419872760772705 3.0496106147766113 0.31759271025657654 2.732017993927002 0.7718774080276489 
2.3864142894744873 3.051906108856201 0.32805299758911133 2.7238528728485107 0.8018329739570618 
2.7568612098693848 3.065427303314209 0.335631787776947 2.729795455932617 0.8219799399375916 
2.622577667236328 3.04984188079834 0.33612218499183655 2.7137198448181152 0.824986457824707 
2.508852958679199 3.0497348308563232 0.3370232582092285 2.7127113342285156 0.8276337385177612 
2.437279224395752 3.044384002685547 0.33309048414230347 2.7112936973571777 0.817458987236023 
2.4463095664978027 3.0430679321289062 0.3306376338005066 2.712430238723755 0.8110541701316833 
2.515753746032715 3.059441566467285 0.32996824383735657 2.72947359085083 0.8068182468414307 
2.4862513542175293 3.035154104232788 0.32767364382743835 2.7074804306030273 0.8034957647323608 
2.6161820888519287 3.054608106613159 0.33411985635757446 2.7204880714416504 0.8195278644561768 
2.5854992866516113 3.0515999794006348 0.3283969759941101 2.72320294380188 0.8032689094543457 
2.524043321609497 3.0527970790863037 0.3244728446006775 2.7283241748809814 0.7914190888404846 
2.5938968658447266 3.060492753982544 0.33319520950317383 2.72729754447937 0.8162534832954407 
2.374237537384033 3.0327565670013428 0.3228341341018677 2.7099225521087646 0.7899504899978638 
2.50001859664917 3.062699556350708 0.316354364156723 2.746345043182373 0.767837405204773 
2.5732944011688232 3.0611648559570312 0.324126660823822 2.7370381355285645 0.7903444170951843 
2.5511631965637207 3.0639965534210205 0.328731894493103 2.735264778137207 0.8027215003967285 
2.379413604736328 3.057422399520874 0.323959082365036 2.7334632873535156 0.7899394035339355 
2.6394975185394287 3.0590052604675293 0.3276672959327698 2.7313380241394043 0.8003515005111694 
2.499152183532715 3.053710460662842 0.3178960978984833 2.735814332962036 0.7737109661102295 
2.311734676361084 3.0444648265838623 0.30769383907318115 2.7367708683013916 0.7452725768089294 
2.2354440689086914 3.044302463531494 0.29407402873039246 2.7502284049987793 0.7074575424194336 
2.4618451595306396 3.041348934173584 0.3224297761917114 2.718919277191162 0.7876360416412354 
2.395655632019043 3.051497220993042 0.32750797271728516 2.723989248275757 0.800296425819397 
2.5295305252075195 3.047795295715332 0.324415385723114 2.7233800888061523 0.7924741506576538 
2.530162811279297 3.0566482543945312 0.32464051246643066 2.7320077419281006 0.7920053005218506 
2.486814498901367 3.041171073913574 0.32286927103996277 2.718301773071289 0.7886202335357666 
2.4376373291015625 3.04982328414917 0.3352917432785034 2.714531183242798 0.8224791884422302 
2.5552282333374023 3.059725761413574 0.3348211944103241 2.7249045372009277 0.8206003308296204 
2.378829002380371 3.058971881866455 0.3139272928237915 2.745044708251953 0.7606854438781738 
2.4096150398254395 3.0534420013427734 0.3406834006309509 2.7127585411071777 0.837592601776123 
2.447007656097412 3.0420398712158203 0.3322121798992157 2.7098276615142822 0.8143333196640015 
2.5566024780273438 3.053985595703125 0.3344254493713379 2.719560146331787 0.819980263710022 
2.366304397583008 3.047574996948242 0.3256850242614746 2.7218899726867676 0.7958223819732666 
2.5731921195983887 3.066932201385498 0.33950114250183105 2.727430820465088 0.8328561782836914 
2.6218767166137695 3.066476345062256 0.3383919894695282 2.7280845642089844 0.8304519057273865 
2.4837899208068848 3.0419955253601074 0.33385366201400757 2.708142042160034 0.8197355270385742 
2.3852925300598145 3.0327229499816895 0.3128772974014282 2.7198455333709717 0.7620829343795776 
2.520576000213623 3.0555901527404785 0.3309352993965149 2.7246549129486084 0.8099057674407959 
2.2428200244903564 3.0338706970214844 0.31434041261672974 2.7195303440093994 0.7654987573623657 
2.302586793899536 3.03302001953125 0.32195979356765747 2.7110605239868164 0.7870113849639893 
2.473905563354492 3.02105712890625 0.325705885887146 2.6953511238098145 0.7984769344329834 
2.325171947479248 3.0189027786254883 0.31438490748405457 2.7045180797576904 0.7667470574378967 
2.3100457191467285 3.0286612510681152 0.3270244300365448 2.701636791229248 0.8021608591079712 
2.4206714630126953 3.0362539291381836 0.31296926736831665 2.7232847213745117 0.7612850666046143 
2.321502447128296 3.0257673263549805 0.3278530240058899 2.6979143619537354 0.8043807744979858 
2.3834290504455566 3.032492160797119 0.2986217737197876 2.733870267868042 0.7212442755699158 
2.3376107215881348 3.0306053161621094 0.3256215751171112 2.7049834728240967 0.797576904296875 
2.3723747730255127 3.012295722961426 0.32949408888816833 2.6828017234802246 0.8105776309967041 
2.429388999938965 3.012218952178955 0.33418941497802734 2.6780295372009277 0.8242507576942444 
2.7037434577941895 3.037796974182129 0.33691713213920593 2.7008800506591797 0.829521656036377 
2.6086716651916504 3.0296950340270996 0.33671820163726807 2.692976713180542 0.8293882012367249 
2.4470818042755127 3.020667791366577 0.3325020372867584 2.6881659030914307 0.8184809684753418 
2.5368549823760986 3.0377390384674072 0.3308798372745514 2.7068591117858887 0.8122934103012085 
2.479111671447754 3.034027099609375 0.3344764709472656 2.6995506286621094 0.8225188851356506 
2.4594788551330566 3.0390102863311768 0.3262158930301666 2.712794303894043 0.7987143993377686 
2.3494033813476562 3.0413546562194824 0.32518279552459717 2.7161717414855957 0.7950341701507568 
2.5569088459014893 3.0306992530822754 0.32094407081604004 2.7097551822662354 0.784230649471283 
2.3556394577026367 3.0404205322265625 0.30362245440483093 2.73679780960083 0.7340970039367676 
2.4424400329589844 3.060920476913452 0.3283534646034241 2.7325668334960938 0.8015761375427246 
2.43485164642334 3.057222366333008 0.32605496048927307 2.7311675548553467 0.7954688668251038 
2.336811065673828 3.0396718978881836 0.3119765520095825 2.7276952266693115 0.757530927658081 
2.503955841064453 3.068671703338623 0.3236840069293976 2.744987726211548 0.7879368662834167 
2.4014463424682617 3.0668528079986572 0.329376757144928 2.737475872039795 0.8043645024299622 
2.6071794033050537 3.0584919452667236 0.3294030427932739 2.72908878326416 0.8051401376724243 
2.4900712966918945 3.052548885345459 0.3208262622356415 2.731722831726074 0.7818859219551086 
2.506945848464966 3.047870635986328 0.33011236786842346 2.7177584171295166 0.808303952217102 
2.3764681816101074 3.0319371223449707 0.32810038328170776 2.703836679458618 0.8041988611221313 
2.642085075378418 3.0572023391723633 0.33275023102760315 2.724452018737793 0.8154902458190918 
2.502511501312256 3.0351171493530273 0.3275207579135895 2.7075963020324707 0.8021026253700256 
2.4186787605285645 3.0126500129699707 0.31673485040664673 2.6959152221679688 0.7744005918502808 
2.3949437141418457 3.0263028144836426 0.32903245091438293 2.697270393371582 0.8081660270690918 
2.3681445121765137 3.0400304794311523 0.33475637435913086 2.7052741050720215 0.8224358558654785 
2.7023873329162598 3.0424439907073975 0.32947051525115967 2.7129735946655273 0.8068915605545044 
2.430144786834717 3.0361921787261963 0.33151790499687195 2.704674243927002 0.8136446475982666 
2.631887435913086 3.0339603424072266 0.3350051939487457 2.6989550590515137 0.8236316442489624 
2.624084711074829 3.0542497634887695 0.33216381072998047 2.722085952758789 0.8126764297485352 
2.560810089111328 3.0453052520751953 0.335487425327301 2.709818124771118 0.8239011168479919 
2.4340856075286865 3.0344066619873047 0.3240569829940796 2.7103495597839355 0.792944073677063 
2.6434993743896484 3.0500855445861816 0.3209072947502136 2.7291784286499023 0.7823992967605591 
2.3418824672698975 3.044013261795044 0.31852465867996216 2.7254886627197266 0.7761014103889465 
2.5084450244903564 3.044891834259033 0.3199703097343445 2.724921464920044 0.7793832421302795 
2.376312017440796 3.045045852661133 0.318727970123291 2.726317882537842 0.7762241363525391 
2.4093234539031982 3.0567450523376465 0.3135814666748047 2.743163585662842 0.760435938835144 
2.4882192611694336 3.046149730682373 0.31367185711860657 2.732477903366089 0.7625183463096619 
2.593560218811035 3.0546951293945312 0.32868173718452454 2.726013422012329 0.8036186695098877 
2.661376953125 3.0597023963928223 0.3316637873649597 2.7280383110046387 0.8114001154899597 
2.379889965057373 3.0469512939453125 0.31140536069869995 2.7355456352233887 0.7556925415992737 
2.5941638946533203 3.0622870922088623 0.3184250593185425 2.7438621520996094 0.7734984755516052 
2.2647480964660645 3.0504872798919678 0.31975871324539185 2.7307286262512207 0.7782237529754639 
2.3692095279693604 3.0638976097106934 0.31942930817604065 2.7444682121276855 0.7758713960647583 
2.3361196517944336 3.048750400543213 0.3151674270629883 2.7335829734802246 0.7650830745697021 
2.553297996520996 3.0635604858398438 0.32750794291496277 2.736052989959717 0.7988341450691223 
2.4829306602478027 3.0588979721069336 0.3254309594631195 2.7334671020507812 0.7931451797485352 
2.7850804328918457 3.074321985244751 0.3328648805618286 2.741456985473633 0.8126893043518066 
2.3225133419036865 3.0418660640716553 0.318576455116272 2.723289728164673 0.7758939266204834 
2.6482579708099365 3.0598883628845215 0.33869999647140503 2.7211883068084717 0.8315121531486511 
2.5805866718292236 3.0657529830932617 0.33428916335105896 2.73146390914917 0.8185720443725586 
2.4666075706481934 3.067534923553467 0.320595383644104 2.746939182281494 0.7794570922851562 
2.5223779678344727 3.0511527061462402 0.32608526945114136 2.725067377090454 0.7964016795158386 
2.544060230255127 3.064239501953125 0.3382711410522461 2.7259681224823 0.8289251327514648 
2.618590831756592 3.069808006286621 0.3392023742198944 2.730605363845825 0.8319387435913086 
2.455084800720215 3.0671277046203613 0.33514946699142456 2.731978178024292 0.8206449747085571 
2.581416130065918 3.056793212890625 0.33673539757728577 2.720057725906372 0.8259634971618652 
2.61494779586792 3.065093994140625 0.3306043744087219 2.7344894409179688 0.8078875541687012 
2.469186305999756 3.055325508117676 0.33527445793151855 2.7200512886047363 0.8228719234466553 
2.417830467224121 3.0527212619781494 0.33298593759536743 2.7197353839874268 0.8165201544761658 
2.4220635890960693 3.052255630493164 0.3294978439807892 2.7227578163146973 0.8067211508750916 
2.247180700302124 3.0530853271484375 0.32318225502967834 2.729903221130371 0.7881315350532532 
2.4889140129089355 3.03645396232605 0.33136773109436035 2.7050859928131104 0.8139463663101196 
2.4567275047302246 3.0293989181518555 0.3301171660423279 2.699281692504883 0.8107182383537292 
2.289069175720215 3.0210204124450684 0.3117932081222534 2.7092270851135254 0.7594211101531982 
2.540342330932617 3.0509581565856934 0.3221314251422882 2.7288265228271484 0.7853195071220398 
2.3085741996765137 3.0210604667663574 0.3285163640975952 2.6925439834594727 0.8066376447677612 
2.630807638168335 3.0336740016937256 0.332075834274292 2.7015981674194336 0.8154599070549011 
2.660111665725708 3.0450730323791504 0.3346293568611145 2.7104439735412598 0.8211243152618408 
2.5028276443481445 3.0266425609588623 0.3220294415950775 2.704612970352173 0.7877271175384521 
2.460331439971924 3.0298962593078613 0.3316047787666321 2.698291301727295 0.8149365782737732 
2.3878798484802246 3.02780818939209 0.3307955265045166 2.6970126628875732 0.8126431703567505 
2.6106581687927246 3.027333974838257 0.3109462261199951 2.7163877487182617 0.756603479385376 
2.6404953002929688 3.0567739009857178 0.32896775007247925 2.727806329727173 0.8045947551727295 
2.598360300064087 3.0439910888671875 0.32450544834136963 2.7194857597351074 0.7931950092315674 
2.5483148097991943 3.048072338104248 0.3238685727119446 2.7242038249969482 0.7906196117401123 
2.231248617172241 3.03578782081604 0.2957366704940796 2.74005126953125 0.7132387161254883 
2.610466480255127 3.054302215576172 0.32351112365722656 2.7307910919189453 0.7881866097450256 
2.6274795532226562 3.0714879035949707 0.33307212591171265 2.7384157180786133 0.8139124512672424 
2.396979570388794 3.065807819366455 0.32914912700653076 2.736658811569214 0.8036363124847412 
2.4953062534332275 3.0538442134857178 0.33418992161750793 2.719654083251953 0.8193449974060059 
2.569479465484619 3.060441255569458 0.3274686634540558 2.7329726219177246 0.799784779548645 
2.5533714294433594 3.070408821105957 0.3325239419937134 2.737884759902954 0.8121243119239807 
2.242983341217041 3.051661491394043 0.3193894326686859 2.732272148132324 0.7771326899528503 
2.4170868396759033 3.061408042907715 0.329108327627182 2.7322998046875 0.803941011428833 
2.482106924057007 3.0570168495178223 0.33788350224494934 2.7191336154937744 0.8291670083999634 
2.668442487716675 3.0590686798095703 0.3442748188972473 2.7147939205169678 0.8473541736602783 
2.4915213584899902 3.0596818923950195 0.3418359160423279 2.717845916748047 0.8409091234207153 
2.787698984146118 3.0610949993133545 0.34393900632858276 2.717155933380127 0.8466987609863281 
2.573680877685547 3.045197010040283 0.3281420171260834 2.717054605484009 0.803139328956604 
2.2924835681915283 3.0261473655700684 0.3252919912338257 2.700855255126953 0.7967175245285034 
2.390354633331299 3.0465304851531982 0.33571329712867737 2.7108168601989746 0.8243182897567749 
2.4998252391815186 3.046743631362915 0.32892829179763794 2.717815399169922 0.8044425845146179 
2.5177016258239746 3.03619384765625 0.3327602744102478 2.7034335136413574 0.8170176148414612 
2.3480122089385986 3.0379762649536133 0.3266245722770691 2.7113516330718994 0.7992432117462158 
2.561699867248535 3.0572421550750732 0.3335677683353424 2.7236742973327637 0.8171438574790955 
2.286076545715332 3.0161285400390625 0.3155222535133362 2.700606346130371 0.7702354788780212 
2.5332744121551514 3.0501842498779297 0.3280438184738159 2.722140312194824 0.8027126789093018 
2.151386260986328 3.021529197692871 0.311813086271286 2.7097158432006836 0.7590055465698242 
2.4154958724975586 3.053036689758301 0.33050301671028137 2.722533702850342 0.8087788820266724 
2.491321086883545 3.0451180934906006 0.3304147720336914 2.7147035598754883 0.8096138834953308 
2.4755001068115234 3.0234129428863525 0.3209306597709656 2.702482223510742 0.7851865291595459 
2.351534366607666 3.026637077331543 0.32650625705718994 2.7001307010650635 0.8008179664611816 
2.625265598297119 3.045626640319824 0.32822003960609436 2.7174065113067627 0.8040419816970825 
2.515749454498291 3.043008804321289 0.3340960144996643 2.7089126110076904 0.8203744888305664 
2.166027069091797 3.016854763031006 0.3085844814777374 2.708270311355591 0.7498796582221985 
2.626256227493286 3.0338590145111084 0.3272227942943573 2.7066361904144287 0.8016073703765869 
2.5837528705596924 3.025134563446045 0.32964858412742615 2.695486068725586 0.8089849352836609 
2.541238307952881 3.0181593894958496 0.3240038752555847 2.694155693054199 0.7934865355491638 
2.47556734085083 3.0274486541748047 0.3284807801246643 2.698967933654785 0.8047620058059692 
2.376054525375366 3.035550832748413 0.3124586343765259 2.7230923175811768 0.7587841749191284 
2.3234386444091797 3.0365023612976074 0.3168465793132782 2.719655752182007 0.7718127965927124 
2.615769624710083 3.0300540924072266 0.32617539167404175 2.703878879547119 0.7989766597747803 
2.3799123764038086 3.0268595218658447 0.32301223278045654 2.7038474082946777 0.7897331118583679 
2.6135683059692383 3.040422201156616 0.32960712909698486 2.710815191268921 0.8072255849838257 
2.519821882247925 3.045839548110962 0.3308667838573456 2.714972496032715 0.8097269535064697 
2.5720605850219727 3.046731948852539 0.33432409167289734 2.7124080657958984 0.8198122978210449 
2.3077375888824463 3.04768705368042 0.3316892981529236 2.7159976959228516 0.8120831251144409 
2.3841686248779297 3.0438783168792725 0.3340475559234619 2.7098307609558105 0.819290280342102 
2.4988691806793213 3.0439181327819824 0.3274776339530945 2.7164406776428223 0.8002888560295105 
2.6732616424560547 3.0488619804382324 0.33364439010620117 2.7152175903320312 0.8182063698768616 
2.527613878250122 3.0372278690338135 0.31165820360183716 2.725569725036621 0.7569521069526672 
2.544893264770508 3.0455322265625 0.3339633643627167 2.711568832397461 0.819368302822113 
2.4213762283325195 3.045053482055664 0.33576053380966187 2.7092928886413574 0.8248094320297241 
2.3636059761047363 3.044689178466797 0.33791548013687134 2.7067737579345703 0.8305579423904419 
2.4163107872009277 3.045261859893799 0.3224663734436035 2.7227954864501953 0.7876366376876831 
2.4397850036621094 3.0280468463897705 0.32022684812545776 2.707819938659668 0.7819846868515015 
2.8410043716430664 3.052855968475342 0.33664044737815857 2.7162156105041504 0.8261986970901489 
2.6238057613372803 3.0557379722595215 0.33473968505859375 2.7209982872009277 0.8205404281616211 
2.30720853805542 3.023153781890869 0.3200080990791321 2.703145742416382 0.7808127999305725 
2.3999898433685303 3.049708366394043 0.3210616111755371 2.728646755218506 0.7815682888031006 
2.440901279449463 3.052382469177246 0.32765334844589233 2.724729061126709 0.8004477620124817 
2.4115424156188965 3.036118507385254 0.3326270580291748 2.7034912109375 0.815621018409729 
2.6081838607788086 3.054145574569702 0.33121269941329956 2.722933053970337 0.8103349208831787 
2.5638744831085205 3.0486867427825928 0.3291032910346985 2.719583511352539 0.8047518730163574 
2.4972620010375977 3.055436611175537 0.327817440032959 2.727619171142578 0.8010707497596741 
2.5625433921813965 3.0528440475463867 0.32394278049468994 2.7289011478424072 0.7900152206420898 
2.1865806579589844 3.0337839126586914 0.31797710061073303 2.7158069610595703 0.7745572924613953 
2.4048714637756348 3.035268545150757 0.3172551393508911 2.718013286590576 0.7738562822341919 
2.190251350402832 3.0340700149536133 0.2911345660686493 2.7429354190826416 0.7002601027488708 
2.4321014881134033 3.048070192337036 0.30784380435943604 2.7402262687683105 0.7450642585754395 
2.4707374572753906 3.047323226928711 0.31857800483703613 2.728745222091675 0.7754412889480591 
2.51493501663208 3.0619211196899414 0.3341561257839203 2.72776460647583 0.8178420066833496 
2.4609951972961426 3.0481743812561035 0.32461869716644287 2.723555564880371 0.7927328944206238 
2.5373010635375977 3.0557806491851807 0.32374250888824463 2.7320380210876465 0.7899913787841797 
2.626634120941162 3.056588888168335 0.3370555639266968 2.7195332050323486 0.8275903463363647 
2.4617435932159424 3.040365219116211 0.33391237258911133 2.7064528465270996 0.8200960755348206 
2.5912647247314453 3.055269241333008 0.34239184856414795 2.7128775119781494 0.8427290916442871 
2.5932037830352783 3.0523147583007812 0.3399062752723694 2.7124085426330566 0.8359371423721313 
2.810335397720337 3.066302537918091 0.34295758605003357 2.7233450412750244 0.8429889678955078 
2.523660659790039 3.06290864944458 0.32640916109085083 2.736499309539795 0.7959959506988525 
2.624882698059082 3.054929494857788 0.316371351480484 2.738558292388916 0.7682245969772339 
2.573406219482422 3.0529801845550537 0.3312224745750427 2.721757411956787 0.8101332783699036 
2.85739803314209 3.0727553367614746 0.343036413192749 2.7297186851501465 0.8421040773391724 
2.4046759605407715 3.053487539291382 0.3266250789165497 2.7268624305725098 0.7968994975090027 
2.5436625480651855 3.0490379333496094 0.33290040493011475 2.716137647628784 0.8155217170715332 
2.6018028259277344 3.070431709289551 0.33871161937713623 2.731720209121704 0.8298475742340088 
2.5043625831604004 3.0474860668182373 0.3275977671146393 2.719888210296631 0.7998945713043213 
2.4770379066467285 3.0538907051086426 0.32653090357780457 2.7273597717285156 0.7969814538955688 
2.826453685760498 3.0652427673339844 0.332945317029953 2.732297420501709 0.8139212131500244 
2.3699653148651123 3.045858383178711 0.3381771147251129 2.707681179046631 0.8308098912239075 
2.356048822402954 3.0548741817474365 0.3250548541545868 2.7298192977905273 0.7922264337539673 
2.8262991905212402 3.046879291534424 0.33725500106811523 2.7096242904663086 0.8286277055740356 
2.5198440551757812 3.04797625541687 0.3337363600730896 2.714240074157715 0.8184192776679993 
2.6166491508483887 3.044963836669922 0.3351242244243622 2.7098395824432373 0.8230761885643005 
2.458120822906494 3.05715274810791 0.3283023238182068 2.7288503646850586 0.8020964860916138 
2.678528070449829 3.0519278049468994 0.3347094655036926 2.7172181606292725 0.820868968963623 
2.339242458343506 3.047776222229004 0.3339918851852417 2.7137842178344727 0.819341778755188 
2.376685619354248 3.0547256469726562 0.334560751914978 2.7201647758483887 0.8202062845230103 
2.479395866394043 3.055354595184326 0.3350093364715576 2.7203452587127686 0.8217062950134277 
2.5014305114746094 3.0457563400268555 0.31822118163108826 2.7275352478027344 0.7746444940567017 
2.57163143157959 3.0580973625183105 0.3272673487663269 2.730830192565918 0.7991452813148499 
2.575580596923828 3.0672430992126465 0.32812803983688354 2.739114999771118 0.8008564710617065 
2.4202754497528076 3.051535129547119 0.3285490572452545 2.7229859828948975 0.8033254742622375 
2.5949628353118896 3.0545897483825684 0.3315736651420593 2.7230162620544434 0.8118082284927368 
2.30853009223938 3.0479135513305664 0.31784069538116455 2.7300727367401123 0.773623526096344 
2.4598331451416016 3.0526700019836426 0.32227152585983276 2.730398654937744 0.7850896716117859 
2.4752614498138428 3.041987419128418 0.32572951912879944 2.7162580490112305 0.7969714403152466 
2.354729652404785 3.0363001823425293 0.32601499557495117 2.710285186767578 0.7977290153503418 
2.5285165309906006 3.056800365447998 0.33971738815307617 2.717082977294922 0.8347646594047546 
2.5574309825897217 3.050908088684082 0.3339553773403168 2.7169528007507324 0.8189494013786316 
2.359551191329956 3.0397138595581055 0.32662177085876465 2.713092088699341 0.7986404299736023 
2.6432995796203613 3.0504250526428223 0.33309802412986755 2.717327117919922 0.8161195516586304 
2.545588970184326 3.0605645179748535 0.34263598918914795 2.717928647994995 0.8428741693496704 
2.66281795501709 3.059610605239868 0.33270806074142456 2.726902484893799 0.8148821592330933 
2.5162148475646973 3.0339696407318115 0.32850730419158936 2.7054624557495117 0.8053346872329712 
2.602419376373291 3.047673225402832 0.34465259313583374 2.7030205726623535 0.8499537706375122 
2.4854836463928223 3.0563595294952393 0.34202128648757935 2.7143383026123047 0.841794490814209 
2.365216016769409 3.0432653427124023 0.33435124158859253 2.708914279937744 0.8211060762405396 
2.4863882064819336 3.048713207244873 0.3255068063735962 2.7232065200805664 0.795510470867157 
2.6515111923217773 3.0440614223480225 0.33405232429504395 2.7100090980529785 0.8191428780555725 
2.602703809738159 3.0468549728393555 0.32809120416641235 2.718763828277588 0.8024209141731262 
2.563965320587158 3.0462794303894043 0.32801878452301025 2.7182605266571045 0.8018285036087036 
2.3038249015808105 3.017948627471924 0.31668445467948914 2.7012643814086914 0.7724897265434265 
2.5353946685791016 3.0522546768188477 0.3263104557991028 2.7259440422058105 0.796112060546875 
2.280856132507324 3.0352725982666016 0.303676575422287 2.731595993041992 0.7341475486755371 
2.603008985519409 3.0687944889068604 0.3262672424316406 2.7425270080566406 0.794701337814331 
2.476051092147827 3.0387654304504395 0.3040267825126648 2.73473858833313 0.7350173592567444 
2.3351423740386963 3.0529186725616455 0.3277352452278137 2.7251834869384766 0.8006772398948669 
2.6535489559173584 3.051614284515381 0.3225013315677643 2.7291126251220703 0.7858668565750122 
2.482307195663452 3.0478148460388184 0.33070313930511475 2.717111825942993 0.8088443279266357 
2.353912830352783 3.057481050491333 0.3209199607372284 2.736560821533203 0.7805073261260986 
2.4712533950805664 3.0561017990112305 0.32828956842422485 2.7278122901916504 0.8015316724777222 
2.589164972305298 3.0554583072662354 0.33666032552719116 2.7187976837158203 0.8259663581848145 
2.4177820682525635 3.0425972938537598 0.34037214517593384 2.70222544670105 0.837826132774353 
2.6501781940460205 3.065804958343506 0.3394820988178253 2.726322889328003 0.832858145236969 
2.5477960109710693 3.05441951751709 0.32562899589538574 2.728790283203125 0.7950340509414673 
2.3757219314575195 3.0487751960754395 0.3351343274116516 2.7136406898498535 0.8224518299102783 
2.5662899017333984 3.042526960372925 0.3373725414276123 2.7051544189453125 0.8296247124671936 
2.4808177947998047 3.0306382179260254 0.33536165952682495 2.6952767372131348 0.8255730867385864 
2.465381383895874 3.042827606201172 0.338331937789917 2.704495906829834 0.8329356908798218 
2.297545909881592 3.006056785583496 0.32745999097824097 2.6785967350006104 0.8047322034835815 
2.3841185569763184 3.0307788848876953 0.3328751027584076 2.697903871536255 0.8179570436477661 
2.520291805267334 3.04150390625 0.3339875638484955 2.7075161933898926 0.8197653293609619 
2.2099761962890625 3.0408236980438232 0.31981879472732544 2.7210047245025635 0.7786391973495483 
2.4188880920410156 3.0054612159729004 0.3227541446685791 2.6827070713043213 0.7909409999847412 
2.491150379180908 3.0209031105041504 0.32852470874786377 2.692378520965576 0.8059898614883423 
2.443662643432617 3.0243146419525146 0.33007022738456726 2.694244623184204 0.8102076053619385 
2.428940773010254 3.0390920639038086 0.32601624727249146 2.713075637817383 0.7971518039703369 
2.3041586875915527 3.014075994491577 0.32071590423583984 2.6933600902557373 0.7838688492774963 
2.446843385696411 3.021888494491577 0.32874321937561035 2.693145275115967 0.8065905570983887 
2.3871946334838867 3.0178604125976562 0.33665430545806885 2.681206226348877 0.8300435543060303 
2.5582008361816406 3.0157382488250732 0.3236537575721741 2.692084550857544 0.7930344939231873 
2.5759623050689697 3.041801691055298 0.3356621265411377 2.70613956451416 0.824358344078064 
2.5058577060699463 3.038255453109741 0.3392322063446045 2.6990232467651367 0.8352137804031372 
2.628079891204834 3.037658214569092 0.3284500241279602 2.7092082500457764 0.8050075769424438 
2.3709616661071777 3.019218921661377 0.32943210005760193 2.689786911010742 0.8092435598373413 
2.41513729095459 3.045353412628174 0.32601529359817505 2.7193381786346436 0.7967365980148315 
2.651292562484741 3.0346202850341797 0.3278973698616028 2.7067227363586426 0.8033360838890076 
2.530170440673828 3.0371007919311523 0.3293268382549286 2.7077739238739014 0.8070006966590881 
2.4865927696228027 3.059741497039795 0.3340279757976532 2.7257132530212402 0.8183449506759644 
2.5079562664031982 3.0569570064544678 0.3322652280330658 2.724691867828369 0.8138914108276367 
2.3373637199401855 3.046769618988037 0.3219485282897949 2.724820852279663 0.7848894596099854 
2.344648838043213 3.0395874977111816 0.3101479411125183 2.7294394969940186 0.7523958086967468 
2.480839729309082 3.045461654663086 0.32872191071510315 2.7167396545410156 0.8048902750015259 
2.5946240425109863 3.0646495819091797 0.32037508487701416 2.744274377822876 0.7784231305122375 
2.320401668548584 3.048218250274658 0.31432831287384033 2.7338898181915283 0.7632575035095215 
2.5532021522521973 3.056732654571533 0.3369029760360718 2.719829559326172 0.8263949155807495 
2.575442314147949 3.0704445838928223 0.3433420956134796 2.727102279663086 0.8430945873260498 
2.6021199226379395 3.057231903076172 0.3340071439743042 2.723224639892578 0.8179428577423096 
2.581510066986084 3.0565185546875 0.33766037225723267 2.718858242034912 0.8281595706939697 
2.3182427883148193 3.0326244831085205 0.31672531366348267 2.7158989906311035 0.7712737917900085 
2.714794874191284 3.0436182022094727 0.33199867606163025 2.7116193771362305 0.8128837943077087 
2.462332248687744 3.036109209060669 0.3364976644515991 2.6996116638183594 0.8274781107902527 
2.571345329284668 3.0405492782592773 0.33549606800079346 2.7050533294677734 0.8239620923995972 
2.491513729095459 3.0506796836853027 0.3259478807449341 2.7247314453125 0.7953075766563416 
2.708974599838257 3.053697109222412 0.34086287021636963 2.712834358215332 0.8373020887374878 
2.656233787536621 3.0523533821105957 0.34028851985931396 2.7120649814605713 0.8364671468734741 
2.726879596710205 3.0562217235565186 0.33965742588043213 2.716564416885376 0.8344542980194092 
2.59446382522583 3.035872220993042 0.3378293514251709 2.698042869567871 0.8305361270904541 
2.5300815105438232 3.0465917587280273 0.33525416254997253 2.7113375663757324 0.8224340081214905 
2.6442418098449707 3.052534818649292 0.3413350582122803 2.7111997604370117 0.8385876417160034 
2.449742317199707 3.0489964485168457 0.33426856994628906 2.7147278785705566 0.8189482688903809 
2.519580602645874 3.052852153778076 0.33563634753227234 2.7172155380249023 0.8223121166229248 
2.4249274730682373 3.0411980152130127 0.31988412141799927 2.721313953399658 0.7788915038108826 
2.7972943782806396 3.0529162883758545 0.3386344909667969 2.7142817974090576 0.8315039873123169 
2.5939407348632812 3.04549503326416 0.32710355520248413 2.7183914184570312 0.7988588809967041 
2.534435749053955 3.047420024871826 0.3329128623008728 2.7145073413848877 0.8151447772979736 
2.5612902641296387 3.060025215148926 0.33398038148880005 2.7260448932647705 0.8172942399978638 
2.72177791595459 3.056522846221924 0.33728623390197754 2.7192368507385254 0.8261182308197021 
2.471649646759033 3.056046962738037 0.3338888883590698 2.7221579551696777 0.8167259693145752 
2.6579861640930176 3.056997299194336 0.3281518220901489 2.7288455963134766 0.8004026412963867 
2.2978782653808594 3.050992965698242 0.32564276456832886 2.7253503799438477 0.7944384813308716 
2.7121505737304688 3.0541110038757324 0.3283901810646057 2.7257206439971924 0.8019986152648926 
2.476907730102539 3.0576953887939453 0.32630351185798645 2.7313919067382812 0.7961922883987427 
2.771603584289551 3.071326732635498 0.3364410996437073 2.7348854541778564 0.8226667642593384 
2.5609495639801025 3.0696260929107666 0.3336273431777954 2.7359986305236816 0.8153670430183411 
2.478281021118164 3.0560572147369385 0.3285641670227051 2.7274930477142334 0.8014346361160278 
2.46469783782959 3.0616276264190674 0.32327333092689514 2.738354206085205 0.7868175506591797 
2.2828383445739746 3.0557594299316406 0.32265686988830566 2.733102560043335 0.7850735783576965 
2.4597506523132324 3.047837018966675 0.32347816228866577 2.7243587970733643 0.7889611721038818 
2.3478283882141113 3.038362741470337 0.32242435216903687 2.7159385681152344 0.7870671153068542 
2.4481210708618164 3.047153949737549 0.3246462345123291 2.722507953643799 0.7929510474205017 
2.5403294563293457 3.061476707458496 0.3292427957057953 2.732234001159668 0.804736316204071 
2.3467798233032227 3.0429422855377197 0.3209116458892822 2.7220306396484375 0.7826903462409973 
2.507373332977295 3.0522313117980957 0.3235035240650177 2.7287278175354004 0.7888370156288147 
2.5457329750061035 3.063045024871826 0.3345012068748474 2.728543758392334 0.818854808807373 
2.4503822326660156 3.0435705184936523 0.332992821931839 2.7105777263641357 0.8168259859085083 
2.7641210556030273 3.0639119148254395 0.34610071778297424 2.717811107635498 0.8521401882171631 
2.4911115169525146 3.042387008666992 0.3372207283973694 2.7051663398742676 0.8295701742172241 
2.576633930206299 3.047132730484009 0.335039883852005 2.712092876434326 0.8225619196891785 
2.6640660762786865 3.0580191612243652 0.345699280500412 2.712319850921631 0.8518861532211304 
2.3582894802093506 3.0341713428497314 0.3292490243911743 2.7049221992492676 0.8075283765792847 
2.5205116271972656 3.051555633544922 0.3331913352012634 2.7183644771575928 0.8162102103233337 
2.5737953186035156 3.049899101257324 0.34116795659065247 2.708731174468994 0.8391652703285217 
2.654343605041504 3.054278612136841 0.3457592725753784 2.708519220352173 0.8518471717834473 
2.6886696815490723 3.0518765449523926 0.33233922719955444 2.7195374965667725 0.8134398460388184 
2.1713597774505615 3.0349907875061035 0.31848257780075073 2.716508150100708 0.7762579917907715 
2.200108528137207 3.0265960693359375 0.3297039866447449 2.696892023086548 0.8089333772659302 
2.5105104446411133 3.062570333480835 0.3279297947883606 2.73464035987854 0.8004401922225952 
2.3751235008239746 3.0464305877685547 0.31993967294692993 2.7264909744262695 0.779022216796875 
2.3106746673583984 3.0304431915283203 0.3190174102783203 2.71142578125 0.7775571346282959 
2.5189411640167236 3.0441246032714844 0.33978891372680664 2.7043356895446777 0.8354897499084473 
2.6776373386383057 3.0403425693511963 0.33346980810165405 2.7068727016448975 0.8198353052139282 
2.542973518371582 3.038299798965454 0.3391914665699005 2.699108362197876 0.8352214694023132 
2.4770755767822266 3.0340676307678223 0.3380659222602844 2.6960017681121826 0.8330121636390686 
2.2033674716949463 3.0134634971618652 0.33121180534362793 2.6822516918182373 0.8153117895126343 
2.3670077323913574 3.0153188705444336 0.320456326007843 2.6948623657226562 0.7841951847076416 
2.583590269088745 3.0358095169067383 0.332996666431427 2.702812671661377 0.817851185798645 
2.4453697204589844 3.039989709854126 0.3328942060470581 2.7070956230163574 0.8176156282424927 
2.554199457168579 3.035163402557373 0.32445892691612244 2.7107045650482178 0.7932562828063965 
2.4900805950164795 3.0376925468444824 0.3308527171611786 2.7068400382995605 0.8119789958000183 
2.609370708465576 3.0329294204711914 0.32791975140571594 2.705009698867798 0.8032842874526978 
2.4632372856140137 3.0359039306640625 0.32702183723449707 2.7088818550109863 0.8006465435028076 
2.473891258239746 3.056173086166382 0.3322351574897766 2.72393798828125 0.8136229515075684 
2.505845308303833 3.0451226234436035 0.3264080882072449 2.718714475631714 0.7977985143661499 
2.6433186531066895 3.046347141265869 0.32773372530937195 2.718613386154175 0.8011554479598999 
2.6374411582946777 3.0514698028564453 0.3243694007396698 2.727100372314453 0.7916419506072998 
2.460280656814575 3.0487875938415527 0.32813045382499695 2.7206573486328125 0.8019888401031494 
2.4608981609344482 3.0364255905151367 0.32197368144989014 2.714452028274536 0.7862229347229004 
2.370600700378418 3.0444488525390625 0.3252180218696594 2.719231128692627 0.7940906882286072 
2.3301990032196045 3.0492148399353027 0.32946786284446716 2.7197468280792236 0.8056899309158325 
2.588250160217285 3.0597033500671387 0.32797595858573914 2.731727361679077 0.8002184629440308 
2.373506546020508 3.0374231338500977 0.3110295236110687 2.726393699645996 0.7548559904098511 
2.469642162322998 3.0403873920440674 0.3230683207511902 2.7173192501068115 0.7884674072265625 
2.580069065093994 3.038161277770996 0.337069034576416 2.70109224319458 0.8285775184631348 
2.657362461090088 3.0541441440582275 0.34074950218200684 2.7133946418762207 0.8377131223678589 
2.6143643856048584 3.0622000694274902 0.33389395475387573 2.728306293487549 0.8171809315681458 
2.4583654403686523 3.053560733795166 0.3428207337856293 2.710739850997925 0.8437486886978149 
2.4883766174316406 3.0607752799987793 0.33525773882865906 2.725517749786377 0.8210334777832031 
2.5398030281066895 3.0334267616271973 0.32115691900253296 2.7122700214385986 0.7837280035018921 
2.7244744300842285 3.057687282562256 0.3440633714199066 2.7136242389678955 0.8463826179504395 
2.6587934494018555 3.056994915008545 0.334785133600235 2.722209930419922 0.819718599319458 
2.4047722816467285 3.0363245010375977 0.3296090364456177 2.7067155838012695 0.8075999021530151 
2.790743827819824 3.052849769592285 0.34077420830726624 2.712075710296631 0.8378356099128723 
2.6253552436828613 3.05765438079834 0.3436392545700073 2.714015245437622 0.8455578088760376 
2.4693045616149902 3.058926820755005 0.33992934226989746 2.7189974784851074 0.834488570690155 
2.545083999633789 3.0497825145721436 0.3368791341781616 2.7129034996032715 0.826857328414917 
2.771026849746704 3.0510308742523193 0.3297054171562195 2.721325397491455 0.8059430718421936 
2.5200068950653076 3.0548553466796875 0.3393738567829132 2.7154815196990967 0.8333432674407959 
2.5531845092773438 3.034207344055176 0.3297215700149536 2.7044854164123535 0.8080108165740967 
2.2447690963745117 3.052053451538086 0.3083207607269287 2.7437329292297363 0.7452482581138611 
2.585519313812256 3.053494453430176 0.33445894718170166 2.7190353870391846 0.8184927701950073 
2.6576571464538574 3.0510294437408447 0.3327524960041046 2.7182769775390625 0.8149148225784302 
2.564108371734619 3.0481863021850586 0.3220382630825043 2.7261476516723633 0.7847480773925781 
2.498277187347412 3.0411908626556396 0.32375413179397583 2.7174367904663086 0.7904953956604004 
2.4177207946777344 3.0507044792175293 0.321039080619812 2.7296652793884277 0.78180992603302 
2.437680721282959 3.0517802238464355 0.3252840042114258 2.726496458053589 0.7930135726928711 
2.3651206493377686 3.0428318977355957 0.3327462077140808 2.710085868835449 0.8154603242874146 
2.3957180976867676 3.0532424449920654 0.32641446590423584 2.726828098297119 0.7966737747192383 
2.6925086975097656 3.0426909923553467 0.331773042678833 2.7109179496765137 0.8130092024803162 
2.509761095046997 3.0630345344543457 0.33213499188423157 2.7308993339538574 0.8124523758888245 
2.5979833602905273 3.054625988006592 0.34092217683792114 2.7137041091918945 0.8381767868995667 
2.440260648727417 3.050522804260254 0.3277759552001953 2.7227466106414795 0.8016167879104614 
2.7637276649475098 3.064303159713745 0.3421933650970459 2.722109794616699 0.840703010559082 
2.562591552734375 3.0622243881225586 0.3436044454574585 2.7186198234558105 0.8449516892433167 
2.4641523361206055 3.037386655807495 0.3320149779319763 2.705371856689453 0.8151849508285522 
2.608502149581909 3.0602469444274902 0.3324670195579529 2.7277798652648926 0.8131697177886963 
2.4557409286499023 3.0665576457977295 0.3408460021018982 2.7257118225097656 0.8367804884910583 
2.504246473312378 3.060678720474243 0.3372049927711487 2.72347354888916 0.826589822769165 
2.6903257369995117 3.0519051551818848 0.3306350111961365 2.7212698459625244 0.8088552951812744 
2.55222749710083 3.052117109298706 0.32992663979530334 2.7221903800964355 0.8066270351409912 
2.741237163543701 3.0606398582458496 0.34213319420814514 2.7185068130493164 0.839903712272644 
2.6543235778808594 3.0528600215911865 0.3435148000717163 2.7093453407287598 0.8457103967666626 
2.4060921669006348 3.038437843322754 0.33837389945983887 2.700064182281494 0.831926703453064 
2.629612922668457 3.0450804233551025 0.32309335470199585 2.721987009048462 0.7879638075828552 
2.5474154949188232 3.044689655303955 0.3359237611293793 2.708765983581543 0.8242923021316528 
2.7348570823669434 3.05922532081604 0.341209352016449 2.718015670776367 0.8378725051879883 
2.6381726264953613 3.071871757507324 0.3390122056007385 2.7328596115112305 0.8306169509887695 
2.569896697998047 3.0543251037597656 0.33153247833251953 2.722792625427246 0.8108375072479248 
2.557108163833618 3.0582690238952637 0.327914834022522 2.730354070663452 0.8004019260406494 
2.33663010597229 3.0501394271850586 0.32855352759361267 2.721585750579834 0.8031480312347412 
2.5188064575195312 3.073042392730713 0.33812689781188965 2.734915256500244 0.8277332186698914 
2.611968755722046 3.0742084980010986 0.33452722430229187 2.7396812438964844 0.8179040551185608 
2.493969678878784 3.0680110454559326 0.3267297148704529 2.741281509399414 0.7956465482711792 
2.478745460510254 3.0479025840759277 0.33720138669013977 2.7107014656066895 0.8273313045501709 
2.6090121269226074 3.0602779388427734 0.3404160141944885 2.7198619842529297 0.8355450630187988 
2.7303261756896973 3.0491604804992676 0.32991284132003784 2.719247579574585 0.8067383766174316 
2.490164279937744 3.048189640045166 0.3293405771255493 2.7188491821289062 0.8045499324798584 
2.505906820297241 3.0694639682769775 0.3402601182460785 2.729203939437866 0.8338518142700195 
2.49717378616333 3.058320999145508 0.3417110741138458 2.7166099548339844 0.8395993709564209 
2.300765037536621 3.0309808254241943 0.3240348696708679 2.7069458961486816 0.7920742034912109 
2.602898120880127 3.05295467376709 0.3446384072303772 2.7083163261413574 0.849037766456604 
2.5422420501708984 3.059171676635742 0.33938169479370117 2.719789981842041 0.8328108787536621 
2.6777987480163574 3.064652442932129 0.3402978479862213 2.7243547439575195 0.8354686498641968 
2.6764073371887207 3.0596179962158203 0.3493921756744385 2.7102255821228027 0.861190140247345 
2.5677778720855713 3.047898530960083 0.34324830770492554 2.7046499252319336 0.8455262780189514 
2.565556526184082 3.0477542877197266 0.342381089925766 2.705373525619507 0.8432662487030029 
2.562265634536743 3.0437517166137695 0.34104079008102417 2.7027108669281006 0.8393770456314087 
2.399966239929199 3.053234100341797 0.3252387046813965 2.7279953956604004 0.7940753698348999 
2.5691123008728027 3.0560460090637207 0.3363238573074341 2.719722270965576 0.8247343301773071 
2.507081985473633 3.051156997680664 0.3306594491004944 2.7204976081848145 0.8087767362594604 
2.4091410636901855 3.0332391262054443 0.3192529082298279 2.7139861583709717 0.778575599193573 
2.281254768371582 3.0405232906341553 0.32509684562683105 2.715426445007324 0.7940549254417419 
2.376734733581543 3.0382964611053467 0.3096965253353119 2.728600025177002 0.7515137195587158 
2.3550281524658203 3.040367364883423 0.31798142194747925 2.722386121749878 0.7741743326187134 
2.4270169734954834 3.0485196113586426 0.3295729160308838 2.718946695327759 0.8062609434127808 
2.3904271125793457 3.046200752258301 0.32950714230537415 2.716693878173828 0.8065136671066284 
2.354233980178833 3.042015314102173 0.33750200271606445 2.7045130729675293 0.8304068446159363 
2.7453465461730957 3.0473318099975586 0.329237699508667 2.7180943489074707 0.8063946962356567 
2.6461188793182373 3.0380101203918457 0.33143267035484314 2.706577777862549 0.8135316371917725 
2.697413444519043 3.047168493270874 0.34162968397140503 2.705538749694824 0.8410370945930481 
2.473240375518799 3.046008825302124 0.3325452208518982 2.71346378326416 0.8150519728660583 
2.35383939743042 3.033632278442383 0.3206542730331421 2.712977886199951 0.7826094031333923 
2.4570364952087402 3.049168348312378 0.32862961292266846 2.72053861618042 0.8035253286361694 
2.3910255432128906 3.048362970352173 0.3248567581176758 2.723505973815918 0.7924605011940002 
2.6750998497009277 3.0617270469665527 0.3434635102748871 2.718263626098633 0.8443210124969482 
2.4082016944885254 3.041391134262085 0.34218829870224 2.699202537536621 0.8431177735328674 
2.6679952144622803 3.0531697273254395 0.3368604779243469 2.716309070587158 0.8269029855728149 
2.3557465076446533 3.0440170764923096 0.34131667017936707 2.702700614929199 0.8408781290054321 
2.5615551471710205 3.049384832382202 0.3364507853984833 2.7129340171813965 0.8256155252456665 
2.458338975906372 3.0465774536132812 0.33384811878204346 2.7127294540405273 0.8185166716575623 
2.4875051975250244 3.053760051727295 0.32816261053085327 2.725597381591797 0.8014148473739624 
2.3775370121002197 3.040679454803467 0.3242388367652893 2.7164406776428223 0.7920622825622559 
2.3895671367645264 3.0399088859558105 0.33072811365127563 2.7091808319091797 0.8106216192245483 
2.6825499534606934 3.047318458557129 0.33997541666030884 2.707343101501465 0.8362550735473633 
2.5877597332000732 3.0576939582824707 0.34342271089553833 2.7142715454101562 0.8450837135314941 
2.458892822265625 3.041332244873047 0.33997631072998047 2.7013559341430664 0.8366368412971497 
2.4264955520629883 3.028174877166748 0.33178946375846863 2.696385383605957 0.8151468634605408 
2.3692121505737305 3.039559841156006 0.3337929844856262 2.7057669162750244 0.8198747634887695 
2.522545337677002 3.051694631576538 0.3396320641040802 2.712062358856201 0.8353798389434814 
2.7615580558776855 3.0415568351745605 0.34592241048812866 2.695634365081787 0.8538023233413696 
2.4634103775024414 3.03285551071167 0.3321493864059448 2.7007062435150146 0.8160627484321594 
2.7107672691345215 3.049957513809204 0.33597707748413086 2.7139804363250732 0.8250888586044312 
2.291917324066162 3.012737274169922 0.3215332329273224 2.6912038326263428 0.7874987125396729 
2.729353666305542 3.0484280586242676 0.3353000283241272 2.713128089904785 0.8226143717765808 
2.3427281379699707 3.044334888458252 0.33481287956237793 2.709521770477295 0.8216536045074463 
2.5105347633361816 3.0283656120300293 0.32330644130706787 2.705059051513672 0.7904632091522217 
2.716761827468872 3.052255630493164 0.3403075635433197 2.7119479179382324 0.836390495300293 
2.3483152389526367 3.0202279090881348 0.3251035809516907 2.6951241493225098 0.7960635423660278 
2.456589460372925 3.041778564453125 0.33651769161224365 2.705260753631592 0.8266089558601379 
2.3187782764434814 3.039381980895996 0.3275263011455536 2.711855888366699 0.8019095659255981 
2.292738437652588 3.0055086612701416 0.3235350549221039 2.681973457336426 0.7932288646697998 
2.315755605697632 3.038506031036377 0.3325313329696655 2.705974578857422 0.8157563209533691 
2.498638153076172 3.0344152450561523 0.33295053243637085 2.7014646530151367 0.8170491456985474 
2.657794952392578 3.050306797027588 0.3372476398944855 2.713059186935425 0.8279575109481812 
2.698590040206909 3.024899959564209 0.3313467800617218 2.6935534477233887 0.8137811422348022 
2.356356143951416 3.018775463104248 0.32982999086380005 2.6889455318450928 0.8102970719337463 
2.3879036903381348 3.0219831466674805 0.3290371894836426 2.692946195602417 0.8075050115585327 
2.4398818016052246 3.028282642364502 0.3263242244720459 2.701958179473877 0.7989498972892761 
2.5355138778686523 3.016864776611328 0.32324695587158203 2.693618059158325 0.7908280491828918 
2.331794500350952 3.024914503097534 0.3269696831703186 2.6979446411132812 0.8004058599472046 
2.439446449279785 3.0222396850585938 0.325451135635376 2.6967885494232178 0.7962332367897034 
2.495142936706543 3.0293426513671875 0.3283611238002777 2.700981616973877 0.8047437071800232 
2.601677656173706 3.043638229370117 0.32859328389167786 2.7150449752807617 0.8033041954040527 
2.749892234802246 3.051424503326416 0.329181969165802 2.7222423553466797 0.8050687909126282 
2.508549213409424 3.0560598373413086 0.3351576030254364 2.720902442932129 0.8210676312446594 
2.643238067626953 3.058964252471924 0.3270019590854645 2.731962203979492 0.7976686954498291 
2.752744674682617 3.069056510925293 0.3395806550979614 2.729475975036621 0.8323113918304443 
2.3142905235290527 3.047792911529541 0.3300352096557617 2.7177577018737793 0.8080875277519226 
2.471499443054199 3.0492119789123535 0.3230786919593811 2.726133346557617 0.7876434922218323 
2.7076847553253174 3.0627171993255615 0.33656519651412964 2.7261524200439453 0.8248481750488281 
2.409139394760132 3.049215078353882 0.3350164294242859 2.7141988277435303 0.8214974999427795 
2.39524245262146 3.05541729927063 0.33456915616989136 2.7208478450775146 0.8194073438644409 
2.5253703594207764 3.075270175933838 0.3387489914894104 2.7365212440490723 0.8296827077865601 
2.498196601867676 3.059332847595215 0.3276897668838501 2.731642961502075 0.7992952466011047 
2.4689700603485107 3.0669541358947754 0.33608773350715637 2.7308664321899414 0.8223632574081421 
2.7061781883239746 3.0620336532592773 0.3423921465873718 2.71964168548584 0.8411424160003662 
2.5761096477508545 3.065709114074707 0.33686375617980957 2.7288453578948975 0.8251440525054932 
2.6818056106567383 3.0611324310302734 0.327694296836853 2.733438491821289 0.7991551160812378 
2.463879346847534 3.062685012817383 0.34094035625457764 2.721745014190674 0.8370022773742676 
2.268690586090088 3.052305221557617 0.32522130012512207 2.727084159851074 0.7933306694030762 
2.5135579109191895 3.070826530456543 0.3428681492805481 2.7279584407806396 0.8411798477172852 
2.342679023742676 3.057314872741699 0.32284015417099 2.7344746589660645 0.7860437631607056 
2.4736831188201904 3.0552573204040527 0.32690322399139404 2.7283544540405273 0.7976057529449463 
2.4779319763183594 3.0634872913360596 0.33953437209129333 2.7239527702331543 0.833345890045166 
2.5098867416381836 3.049394130706787 0.3338008522987366 2.7155933380126953 0.8186608552932739 
2.6002840995788574 3.042573928833008 0.3390410542488098 2.7035326957702637 0.8338809013366699 
2.5318374633789062 3.055509090423584 0.3379388749599457 2.7175703048706055 0.8298617005348206 
2.3886961936950684 3.0329012870788574 0.3388597071170807 2.6940414905548096 0.8354753851890564 
2.462740898132324 3.039468765258789 0.33554115891456604 2.703927516937256 0.8241323232650757 
2.901092052459717 3.057135820388794 0.34837961196899414 2.7087559700012207 0.8594574928283691 
2.4362568855285645 3.0472917556762695 0.3468526601791382 2.700439214706421 0.8559971451759338 
2.4483885765075684 3.0334081649780273 0.3411220610141754 2.6922857761383057 0.8403599858283997 
2.6516098976135254 3.054442882537842 0.3409672975540161 2.713475465774536 0.8378319144248962 
2.317962169647217 3.021113157272339 0.3414890766143799 2.679624080657959 0.8429570198059082 
2.4742531776428223 3.0440797805786133 0.3415864109992981 2.702493190765381 0.8412648439407349 
2.454010248184204 3.0308961868286133 0.33429789543151855 2.696598529815674 0.8219947814941406 
2.465651035308838 3.025282382965088 0.3255051374435425 2.699777126312256 0.7965243458747864 
2.29581880569458 3.0180814266204834 0.32995593547821045 2.6881256103515625 0.810361385345459 
2.347792148590088 3.0344815254211426 0.31631773710250854 2.71816349029541 0.7695317268371582 
2.4502511024475098 3.0335733890533447 0.3312373161315918 2.702336072921753 0.812595784664154 
2.308438301086426 3.009066581726074 0.31746989488601685 2.691596508026123 0.7754586935043335 
2.593080520629883 3.030268669128418 0.3312015235424042 2.6990671157836914 0.8128088712692261 
2.8405237197875977 3.0448923110961914 0.3437510132789612 2.701141357421875 0.8472128510475159 
2.371310234069824 3.032637596130371 0.32327768206596375 2.709360122680664 0.7899472713470459 
2.3954858779907227 3.0234251022338867 0.3339407444000244 2.6894845962524414 0.8214824795722961 
2.5028650760650635 3.035128116607666 0.33847057819366455 2.696657419204712 0.8322505950927734 
2.5595650672912598 3.064974784851074 0.3404781222343445 2.724496364593506 0.835182249546051 
2.418710470199585 3.0378873348236084 0.327338308095932 2.7105491161346436 0.8006073832511902 
2.43680477142334 3.031337261199951 0.33414575457572937 2.6971917152404785 0.8211107850074768 
2.467846393585205 3.031156063079834 0.3215714991092682 2.7095847129821777 0.7846583724021912 
2.465099811553955 3.038649559020996 0.33533674478530884 2.703312635421753 0.8236969709396362 
2.728522300720215 3.054600715637207 0.33891844749450684 2.7156825065612793 0.8321583271026611 
2.509855031967163 3.0232784748077393 0.33128821849823 2.6919901371002197 0.8132468461990356 
2.378472328186035 3.005510091781616 0.3247648775577545 2.6807451248168945 0.7968282103538513 
2.5361528396606445 3.037964344024658 0.3354085385799408 2.7025558948516846 0.824109673500061 
2.6915578842163086 3.044184684753418 0.33961057662963867 2.7045741081237793 0.8355331420898438 
2.5346648693084717 3.048257827758789 0.34046345949172974 2.707794666290283 0.8373297452926636 
2.5226688385009766 3.048194408416748 0.32790499925613403 2.720289468765259 0.8012305498123169 
2.460587501525879 3.046445608139038 0.32442355155944824 2.72202205657959 0.791561484336853 
2.4810099601745605 3.051909923553467 0.33754241466522217 2.714367389678955 0.8275725841522217 
2.417292594909668 3.054241180419922 0.33450520038604736 2.719736099243164 0.8185606598854065 
2.5054121017456055 3.0668482780456543 0.338105171918869 2.728743076324463 0.8287700414657593 
2.626155138015747 3.0603885650634766 0.33938777446746826 2.7210006713867188 0.8328308463096619 
2.6814124584198 3.055115222930908 0.3384600281715393 2.7166552543640137 0.830088198184967 
2.7883262634277344 3.055896282196045 0.33959147334098816 2.7163050174713135 0.8339729905128479 
2.6451990604400635 3.0655012130737305 0.33897197246551514 2.726529359817505 0.8306897282600403 
2.4627907276153564 3.0478169918060303 0.30411016941070557 2.743706703186035 0.7336525917053223 
2.4835386276245117 3.065896987915039 0.3453439772129059 2.720553159713745 0.8491010069847107 
2.6283273696899414 3.0703015327453613 0.34276795387268066 2.7275335788726807 0.8414501547813416 
2.7599408626556396 3.0678763389587402 0.3451753258705139 2.722700834274292 0.8486137986183167 
2.655287981033325 3.05155348777771 0.3408411145210266 2.710712432861328 0.8377121090888977 
2.550065517425537 3.0587158203125 0.3445799946784973 2.7141358852386475 0.847712516784668 
2.7050869464874268 3.0659565925598145 0.34033554792404175 2.725621223449707 0.8347760438919067 
2.394336462020874 3.061375617980957 0.33802056312561035 2.7233550548553467 0.8289644718170166 
2.5148444175720215 3.050771713256836 0.33420825004577637 2.7165632247924805 0.8188149333000183 
2.439748764038086 3.0534117221832275 0.32781291007995605 2.7255990505218506 0.8000162839889526 
2.4565658569335938 3.044771432876587 0.3226386606693268 2.722132682800293 0.786862850189209 
2.517996311187744 3.0531980991363525 0.3328845202922821 2.720313549041748 0.8148227334022522 
2.261692523956299 3.0489797592163086 0.3386036455631256 2.710376262664795 0.8313581943511963 
2.5212535858154297 3.0454561710357666 0.3428735136985779 2.702582836151123 0.8447833061218262 
2.3994967937469482 3.0345499515533447 0.31904327869415283 2.7155067920684814 0.7781786322593689 
2.6363396644592285 3.044748306274414 0.33306819200515747 2.7116799354553223 0.8170139193534851 
2.7444276809692383 3.0517163276672363 0.3456389307975769 2.7060775756835938 0.8526056408882141 
2.757485866546631 3.045161485671997 0.34500473737716675 2.7001566886901855 0.8511533737182617 
2.400590419769287 3.0369465351104736 0.3327373266220093 2.704209327697754 0.8168349862098694 
2.423255443572998 3.026690721511841 0.33073854446411133 2.6959524154663086 0.8110352754592896 
2.660796642303467 3.036876678466797 0.3376326560974121 2.6992440223693848 0.8305715322494507 
2.6244053840637207 3.028775453567505 0.33654195070266724 2.6922335624694824 0.8278753757476807 
2.6235060691833496 3.0345346927642822 0.3349880874156952 2.6995468139648438 0.8232113122940063 
2.424201011657715 3.03619384765625 0.3277531564235687 2.7084405422210693 0.8017289638519287 
2.650348663330078 3.063753128051758 0.3387623131275177 2.7249908447265625 0.8297821879386902 
2.3051881790161133 3.0467662811279297 0.32333844900131226 2.7234277725219727 0.7879828214645386 
2.4348104000091553 3.0579164028167725 0.32861119508743286 2.7293052673339844 0.8015354871749878 
2.396573066711426 3.0518431663513184 0.33308130502700806 2.718761920928955 0.8145204186439514 
2.5195584297180176 3.0639824867248535 0.32959097623825073 2.734391450881958 0.803421139717102 
2.3244471549987793 3.051316738128662 0.31775906682014465 2.73355770111084 0.7719708681106567 
2.5523183345794678 3.0512447357177734 0.3304644823074341 2.72078013420105 0.8087378740310669 
2.532586097717285 3.048133611679077 0.3390931189060211 2.709040403366089 0.8339353799819946 
2.4423980712890625 3.0450339317321777 0.3328007757663727 2.712233066558838 0.8157501816749573 
2.4346189498901367 3.0435731410980225 0.3340877592563629 2.7094855308532715 0.8197035789489746 
2.7375874519348145 3.041985511779785 0.3410035967826843 2.700981855392456 0.8408206105232239 
2.6475894451141357 3.0404715538024902 0.336222380399704 2.704249382019043 0.8265749216079712 
2.5258710384368896 3.03303599357605 0.3310418725013733 2.7019944190979004 0.8119596242904663 
2.6067705154418945 3.045982837677002 0.33745282888412476 2.7085301876068115 0.8288649320602417 
2.6578972339630127 3.0507290363311768 0.3401188850402832 2.7106099128723145 0.8360631465911865 
2.670008897781372 3.047659397125244 0.33339348435401917 2.714265823364258 0.8173112273216248 
2.575608968734741 3.059199810028076 0.3381965458393097 2.7210030555725098 0.8296917676925659 
2.759570360183716 3.068079948425293 0.3403816223144531 2.72769832611084 0.835094690322876 
2.5062246322631836 3.06331729888916 0.3383021056652069 2.725015163421631 0.8293041586875916 
2.5930628776550293 3.0542542934417725 0.3264736533164978 2.727780818939209 0.796116828918457 
2.243007183074951 3.0577287673950195 0.3244219720363617 2.733306646347046 0.7903306484222412 
2.670919895172119 3.0798418521881104 0.3401927947998047 2.7396492958068848 0.8326884508132935 
2.49008846282959 3.067335605621338 0.33023712038993835 2.737098217010498 0.8060635328292847 
2.403871774673462 3.045194625854492 0.3323804438114166 2.7128143310546875 0.8145007491111755 
2.7201199531555176 3.0688209533691406 0.34494248032569885 2.7238786220550537 0.8471595644950867 
2.6677637100219727 3.065857410430908 0.34940624237060547 2.7164511680603027 0.8606176376342773 
2.52042818069458 3.0630741119384766 0.34088748693466187 2.72218656539917 0.8365049362182617 
2.767347812652588 3.062948226928711 0.343375027179718 2.7195732593536377 0.8432955741882324 
2.627697229385376 3.0539448261260986 0.33430612087249756 2.7196385860443115 0.8180276155471802 
2.692840576171875 3.060962438583374 0.34082502126693726 2.720137357711792 0.8370630145072937 
2.4701058864593506 3.0420095920562744 0.3295592665672302 2.7124505043029785 0.8070447444915771 
2.460676431655884 3.045823574066162 0.34313708543777466 2.7026867866516113 0.8454911112785339 
2.616673707962036 3.038480043411255 0.3326670229434967 2.70581316947937 0.8161600828170776 
2.4284615516662598 3.0497608184814453 0.3303819000720978 2.71937894821167 0.8077749609947205 
2.7160191535949707 3.061053991317749 0.34619125723838806 2.714862823486328 0.8512548804283142 
2.5189313888549805 3.046004295349121 0.3393416404724121 2.706662654876709 0.8340233564376831 
2.317542552947998 3.0205397605895996 0.33293187618255615 2.687608242034912 0.8182625770568848 
2.8207483291625977 3.0544819831848145 0.34439998865127563 2.7100820541381836 0.8485267758369446 
2.611755132675171 3.0381956100463867 0.3305697739124298 2.7076258659362793 0.8101080060005188 
2.548100471496582 3.0351994037628174 0.32964199781417847 2.705557346343994 0.8062983751296997 
2.5669262409210205 3.0467734336853027 0.327075719833374 2.7196974754333496 0.7982311248779297 
2.3882789611816406 3.0495316982269287 0.3345610499382019 2.714970588684082 0.8191834688186646 
2.381551742553711 3.071140766143799 0.3337559401988983 2.7373850345611572 0.8153295516967773 
2.6040406227111816 3.0721280574798584 0.3384997248649597 2.733628273010254 0.8282796740531921 
2.6784443855285645 3.068063735961914 0.3379318118095398 2.7301318645477295 0.8272737860679626 
2.5747928619384766 3.060945510864258 0.33493244647979736 2.72601318359375 0.8197693228721619 
2.484156370162964 3.0633130073547363 0.34051066637039185 2.7228024005889893 0.8353836536407471 
2.4779152870178223 3.0547237396240234 0.33670544624328613 2.7180182933807373 0.8258081078529358 
2.6461105346679688 3.046935558319092 0.33482658863067627 2.712109088897705 0.821742057800293 
2.497401237487793 3.0409927368164062 0.3370094895362854 2.7039833068847656 0.8285854458808899 
2.383671760559082 3.041241407394409 0.31926989555358887 2.7219715118408203 0.7778946161270142 
2.5647435188293457 3.068878650665283 0.3414739966392517 2.727404832839966 0.8380715847015381 
2.5104598999023438 3.0545358657836914 0.34221166372299194 2.7123241424560547 0.8418420553207397 
2.388361930847168 3.0429482460021973 0.3287312388420105 2.714216947555542 0.8041929006576538 
2.754716396331787 3.065091609954834 0.3522189259529114 2.7128725051879883 0.8694922924041748 
2.6311802864074707 3.0512804985046387 0.34564271569252014 2.7056379318237305 0.8519219756126404 
2.55112361907959 3.05753755569458 0.3429454565048218 2.714592456817627 0.8436325788497925 
2.765638828277588 3.061039447784424 0.34505218267440796 2.715987205505371 0.849653959274292 
2.612898349761963 3.054389238357544 0.3380368649959564 2.7163524627685547 0.8291536569595337 
2.8099935054779053 3.055837631225586 0.3475854694843292 2.708252429962158 0.857272207736969 
2.8888168334960938 3.0375168323516846 0.34187552332878113 2.695641279220581 0.8427039384841919 
2.5071191787719727 3.0490379333496094 0.340081125497818 2.708956718444824 0.8355650305747986 
2.621152400970459 3.0721397399902344 0.32799071073532104 2.7441489696502686 0.7989017963409424 
2.5267624855041504 3.0453813076019287 0.33311936259269714 2.71226167678833 0.8158073425292969 
2.407891273498535 3.0455708503723145 0.3341987431049347 2.711372137069702 0.8187851905822754 
2.562041759490967 3.058453321456909 0.33473730087280273 2.7237160205841064 0.8194742798805237 
2.817835807800293 3.0557360649108887 0.33603528141975403 2.719700813293457 0.8232993483543396 
2.3299880027770996 3.042239189147949 0.3240651488304138 2.7181737422943115 0.7909942269325256 
2.269972324371338 3.0547189712524414 0.32827696204185486 2.7264418601989746 0.801256537437439 
2.49739408493042 3.0550270080566406 0.33064815402030945 2.724379062652588 0.808504581451416 
2.5303397178649902 3.056128740310669 0.32735416293144226 2.7287745475769043 0.7989802360534668 
2.3692288398742676 3.047356128692627 0.3224647045135498 2.724891424179077 0.7863070964813232 
2.417193651199341 3.0629770755767822 0.328774094581604 2.7342028617858887 0.8023747801780701 
2.5505716800689697 3.0325236320495605 0.33472195267677307 2.6978015899658203 0.8233062028884888 
2.4632675647735596 3.042372226715088 0.3366319537162781 2.705740451812744 0.8272057771682739 
2.9563844203948975 3.0593767166137695 0.3490329682826996 2.710343837738037 0.8610982894897461 
2.5526793003082275 3.04689359664917 0.342276394367218 2.7046170234680176 0.843144416809082 
2.5050482749938965 3.0563395023345947 0.34560197591781616 2.710737705230713 0.851963222026825 
2.666961669921875 3.061729907989502 0.3500038981437683 2.711725950241089 0.863266110420227 
2.6826171875 3.0593008995056152 0.3431558907032013 2.7161450386047363 0.8441504240036011 
2.7789268493652344 3.0683486461639404 0.3475731611251831 2.720775604248047 0.855746328830719 
2.5162744522094727 3.0549395084381104 0.3298928141593933 2.7250466346740723 0.806919276714325 
2.484466791152954 3.048372268676758 0.3252212107181549 2.7231509685516357 0.794020414352417 
2.3787050247192383 3.0491087436676025 0.32876652479171753 2.7203421592712402 0.8036497235298157 
2.536827564239502 3.067662000656128 0.34346625208854675 2.724195718765259 0.8433896899223328 
2.6803829669952393 3.0574188232421875 0.33138179779052734 2.7260372638702393 0.8099327683448792 
2.7456769943237305 3.069258689880371 0.35018855333328247 2.7190701961517334 0.8626951575279236 
2.600552558898926 3.0629184246063232 0.3444584012031555 2.7184600830078125 0.8466609716415405 
2.6928133964538574 3.0654897689819336 0.3469817638397217 2.718508005142212 0.8534111976623535 
2.542799472808838 3.073408842086792 0.3404472768306732 2.732961416244507 0.8336684703826904 
2.6057496070861816 3.0522730350494385 0.34135299921035767 2.7109200954437256 0.8392170667648315 
2.603253126144409 3.0577001571655273 0.3422585725784302 2.7154414653778076 0.8411592841148376 
2.833138942718506 3.0756802558898926 0.34003955125808716 2.735640525817871 0.8324851989746094 
2.5944833755493164 3.0523624420166016 0.34298238158226013 2.7093799114227295 0.8436163663864136 
2.6454477310180664 3.065603017807007 0.33752304315567017 2.7280797958374023 0.8272359371185303 
2.400968313217163 3.0569193363189697 0.34551501274108887 2.711404323577881 0.850836992263794 
2.595170021057129 3.0593652725219727 0.338289737701416 2.7210757732391357 0.8293476700782776 
2.1979455947875977 3.0432610511779785 0.26157382130622864 2.7816872596740723 0.618544340133667 
2.5091476440429688 3.063600540161133 0.34041669964790344 2.7231838703155518 0.8353294134140015 
2.439116954803467 3.0541491508483887 0.3171407878398895 2.737008571624756 0.7698918581008911 
2.4566192626953125 3.05745005607605 0.30879759788513184 2.748652458190918 0.7462093830108643 
2.179936408996582 3.0498907566070557 0.3007432818412781 2.749147415161133 0.7243238687515259 
2.618593692779541 3.0325474739074707 0.3315924108028412 2.7009549140930176 0.8137643933296204 
2.751948118209839 3.048649311065674 0.3560953438282013 2.692553997039795 0.8827718496322632 
2.461205005645752 3.0345282554626465 0.34021222591400146 2.6943161487579346 0.8388744592666626 
2.4953432083129883 3.034371852874756 0.3468061685562134 2.687565803527832 0.8579275608062744 
2.567192554473877 3.035489559173584 0.34620314836502075 2.689286231994629 0.8564199805259705 
2.687129497528076 3.0372467041015625 0.35862600803375244 2.6786208152770996 0.8917481899261475 
2.972233295440674 3.036342144012451 0.35135048627853394 2.6849918365478516 0.8696194887161255 
2.3730697631835938 3.0247654914855957 0.332920640707016 2.691844940185547 0.817672610282898 
2.3825559616088867 3.038557529449463 0.31616881489753723 2.722388744354248 0.7683483362197876 
2.6019949913024902 3.0309038162231445 0.32267487049102783 2.7082290649414062 0.7875691652297974 
2.5005509853363037 3.035682201385498 0.3280256986618042 2.7076563835144043 0.8026816844940186 
2.3924992084503174 3.045212507247925 0.3301076889038086 2.7151050567626953 0.807023286819458 
2.581569194793701 3.032855272293091 0.3241904079914093 2.708664894104004 0.7915794849395752 
2.5761497020721436 3.0418403148651123 0.33668461441993713 2.705155849456787 0.8277909755706787 
2.703809976577759 3.0446958541870117 0.34677666425704956 2.6979193687438965 0.8555648326873779 
2.7620341777801514 3.0511322021484375 0.352786660194397 2.698345184326172 0.872522234916687 
2.9578347206115723 3.045616865158081 0.3562292456626892 2.689387559890747 0.8825094699859619 
2.5629491806030273 3.0305538177490234 0.3390190303325653 2.6915347576141357 0.8346006870269775 
2.6277427673339844 3.0496811866760254 0.33767980337142944 2.712001323699951 0.8283523321151733 
2.695148229598999 3.056191921234131 0.34477686882019043 2.7114152908325195 0.8478050231933594 
2.4625613689422607 3.0380330085754395 0.34149253368377686 2.6965408325195312 0.8412333726882935 
2.6058363914489746 3.050564765930176 0.33937472105026245 2.7111902236938477 0.8327003121376038 
2.4181666374206543 3.0623745918273926 0.3418009877204895 2.7205734252929688 0.8390963077545166 
2.606511116027832 3.063488006591797 0.3269244432449341 2.7365636825561523 0.7960294485092163 
2.3928494453430176 3.0540499687194824 0.3276416063308716 2.7264084815979004 0.7998881936073303 
2.7475719451904297 3.062405586242676 0.34754809737205505 2.714857339859009 0.8562462329864502 
2.539001941680908 3.040172815322876 0.3408113718032837 2.699361562728882 0.8382785320281982 
2.64992356300354 3.071167230606079 0.3484019339084625 2.7227652072906494 0.8571289777755737 
2.503931760787964 3.047086715698242 0.32633742690086365 2.7207493782043457 0.7966506481170654 
2.269932270050049 3.0498976707458496 0.3057654798030853 2.7441318035125732 0.7381240725517273 
2.378753662109375 3.028703212738037 0.3219996392726898 2.7067036628723145 0.7857676148414612 
2.4033541679382324 3.0286993980407715 0.33014726638793945 2.698552131652832 0.8095593452453613 
2.4993505477905273 3.0480453968048096 0.3241845965385437 2.723860740661621 0.7908822298049927 
2.6320433616638184 3.0373153686523438 0.33230671286582947 2.7050085067749023 0.8156691789627075 
2.586906909942627 3.039602756500244 0.32859867811203003 2.7110040187835693 0.8047032356262207 
2.6736812591552734 3.050135612487793 0.35872554779052734 2.6914100646972656 0.8900367021560669 
2.7158970832824707 3.0590128898620605 0.3455526828765869 2.7134602069854736 0.8511802554130554 
2.946685791015625 3.0670957565307617 0.34941038489341736 2.7176852226257324 0.8611874580383301 
2.5200209617614746 3.0548038482666016 0.345820814371109 2.7089829444885254 0.8521444797515869 
2.6746327877044678 3.070542812347412 0.34603822231292725 2.7245047092437744 0.8511359095573425 
2.413139581680298 3.048788070678711 0.34738868474960327 2.701399087905884 0.856802761554718 
2.528012752532959 3.062227249145508 0.3344481289386749 2.7277793884277344 0.8187352418899536 
2.4220972061157227 3.0610456466674805 0.3395645022392273 2.7214810848236084 0.8333368301391602 
2.4578781127929688 3.0429835319519043 0.3207146227359772 2.722269058227539 0.7814686894416809 
2.4838271141052246 3.035116672515869 0.3225991427898407 2.712517738342285 0.7871435880661011 
2.6973798274993896 3.052981376647949 0.3412536084651947 2.7117278575897217 0.8384130001068115 
2.45609188079834 3.0473294258117676 0.32821178436279297 2.7191176414489746 0.8013957738876343 
2.437534809112549 3.047905445098877 0.33312493562698364 2.714780330657959 0.8160668015480042 
2.436460018157959 3.054403305053711 0.3353411555290222 2.719061851501465 0.821975588798523 
2.703416347503662 3.0573127269744873 0.3271712362766266 2.7301414012908936 0.7983132004737854 
2.4067912101745605 3.0483460426330566 0.33970242738723755 2.7086434364318848 0.8347414135932922 
2.611924171447754 3.063032627105713 0.3382136821746826 2.7248191833496094 0.829127311706543 
2.5389761924743652 3.0554566383361816 0.33376356959342957 2.7216930389404297 0.8170154690742493 
2.6172924041748047 3.05629301071167 0.34494829177856445 2.7113447189331055 0.8493161797523499 
2.6664011478424072 3.0589795112609863 0.33887165784835815 2.7201080322265625 0.8316010236740112 
2.6345455646514893 3.0563642978668213 0.3423411250114441 2.7140233516693115 0.8416577577590942 
2.547152042388916 3.0543017387390137 0.341555118560791 2.7127466201782227 0.8399993181228638 
2.288362503051758 3.015035629272461 0.33553990721702576 2.6794958114624023 0.8265351057052612 
2.562295913696289 3.0549235343933105 0.34593337774276733 2.7089900970458984 0.8520492315292358 
2.5567140579223633 3.06032133102417 0.34618687629699707 2.714134693145752 0.85250324010849 
2.4791650772094727 3.0570878982543945 0.3464454114437103 2.7106425762176514 0.8537898659706116 
2.6146974563598633 3.0575830936431885 0.34742093086242676 2.7101619243621826 0.8563708066940308 
2.3582043647766113 3.0243282318115234 0.3371150493621826 2.687213182449341 0.8307391405105591 
2.86110782623291 3.061450242996216 0.3516044020652771 2.709845781326294 0.8676932454109192 
2.52022647857666 3.0472309589385986 0.3449106812477112 2.702320098876953 0.8505654335021973 
2.757634162902832 3.05918025970459 0.34332215785980225 2.715857982635498 0.8443952202796936 
2.5074901580810547 3.0540096759796143 0.3430077135562897 2.7110021114349365 0.8443275690078735 
2.5847692489624023 3.0379157066345215 0.3326358199119568 2.70527982711792 0.8162310719490051 
2.520674228668213 3.0403480529785156 0.3396912217140198 2.7006566524505615 0.8361455202102661 
2.2515206336975098 3.0235705375671387 0.3137616217136383 2.709808588027954 0.7633562088012695 
2.330275058746338 3.0322816371917725 0.3251156210899353 2.7071661949157715 0.7954893112182617 
2.661278009414673 3.0412559509277344 0.32614755630493164 2.7151083946228027 0.7972821593284607 
2.7832937240600586 3.0539071559906006 0.3416004180908203 2.7123067378997803 0.8393818140029907 
2.7227087020874023 3.04709529876709 0.3379341959953308 2.7091612815856934 0.8300013542175293 
2.3734748363494873 3.017303228378296 0.33337587118148804 2.683927059173584 0.8197313547134399 
2.3900017738342285 3.0381128787994385 0.33686041831970215 2.7012524604797363 0.8271793723106384 
2.696171760559082 3.045736312866211 0.3469681441783905 2.698768377304077 0.8552688956260681 
2.5009899139404297 3.0409345626831055 0.33425015211105347 2.706684112548828 0.8199628591537476 
2.749953031539917 3.042323112487793 0.3465820252895355 2.6957411766052246 0.8554320335388184 
2.557569742202759 3.0426082611083984 0.34492766857147217 2.6976804733276367 0.8493869304656982 
2.578306198120117 3.040503740310669 0.3338547945022583 2.706648826599121 0.8183931112289429 
2.5163486003875732 3.0573296546936035 0.3381059467792511 2.719223976135254 0.8295080065727234 
2.7854602336883545 3.0630598068237305 0.34396857023239136 2.7190911769866943 0.8450868129730225 
2.5585832595825195 3.0521349906921387 0.3414270877838135 2.710707664489746 0.8386732339859009 
2.6664812564849854 3.057246208190918 0.33742573857307434 2.719820022583008 0.8268908262252808 
2.5761308670043945 3.0534777641296387 0.3353484869003296 2.7181291580200195 0.8214244842529297 
2.8307881355285645 3.0818612575531006 0.3451421856880188 2.7367191314697266 0.8467599749565125 
2.2262420654296875 3.0601186752319336 0.3116164207458496 2.748502254486084 0.7537142038345337 
2.246673822402954 3.0476887226104736 0.3121640086174011 2.7355246543884277 0.7564508318901062 
2.5220112800598145 3.067502737045288 0.31601682305336 2.751485824584961 0.7652925848960876 
2.48372745513916 3.05924654006958 0.33010944724082947 2.7291369438171387 0.8061068058013916 
2.4193649291992188 3.04730224609375 0.32160165905952454 2.725700616836548 0.7833468914031982 
2.555128574371338 3.049734592437744 0.3359965980052948 2.713737964630127 0.8235505819320679 
2.623661994934082 3.0464067459106445 0.33918026089668274 2.707226276397705 0.8333742618560791 
2.6985926628112793 3.0557198524475098 0.35346719622612 2.7022528648376465 0.8742673993110657 
2.745532989501953 3.0742502212524414 0.35347864031791687 2.720771551132202 0.8710465431213379 
2.7310400009155273 3.0584332942962646 0.3514643907546997 2.7069687843322754 0.8666226863861084 
2.714287042617798 3.0672950744628906 0.3570247292518616 2.710270404815674 0.8824781179428101 
2.519925117492676 3.055438995361328 0.3316173553466797 2.7238216400146484 0.8109501600265503 
2.8264970779418945 3.0716185569763184 0.3521732687950134 2.71944522857666 0.8679772019386292 
2.7098140716552734 3.0584897994995117 0.33993029594421387 2.7185592651367188 0.8337827324867249 
2.550551414489746 3.0460424423217773 0.32923567295074463 2.7168068885803223 0.8054778575897217 
2.6483335494995117 3.06144642829895 0.34212830662727356 2.719318151473999 0.8402910232543945 
2.4797983169555664 3.044617176055908 0.3336417078971863 2.710975408554077 0.8177417516708374 
2.529883861541748 3.0543372631073 0.32469481229782104 2.729642391204834 0.791300892829895 
2.50801420211792 3.0584490299224854 0.33547693490982056 2.7229721546173096 0.8217266798019409 
2.346282958984375 3.0472753047943115 0.32200750708580017 2.7252678871154785 0.7839920520782471 
2.7416234016418457 3.069852590560913 0.3434706926345825 2.726381778717041 0.8433504104614258 
2.6635730266571045 3.05387544631958 0.33915072679519653 2.7147250175476074 0.8328851461410522 
2.688415288925171 3.043041229248047 0.3397267460823059 2.703314781188965 0.8351383805274963 
2.465669870376587 3.050830841064453 0.335754930973053 2.715075969696045 0.82354736328125 
2.876828193664551 3.069535493850708 0.3530765771865845 2.716458797454834 0.8710099458694458 
2.5808053016662598 3.0667080879211426 0.35461050271987915 2.7120978832244873 0.8756707310676575 
2.7280821800231934 3.0667636394500732 0.35233908891677856 2.7144248485565186 0.8689701557159424 
2.4785385131835938 3.046591281890869 0.35014498233795166 2.696445941925049 0.8651057481765747 
2.5752954483032227 3.0386929512023926 0.3325362205505371 2.7061567306518555 0.8157477378845215 
2.5879018306732178 3.0481319427490234 0.3409937620162964 2.7071385383605957 0.8389102220535278 
2.680372476577759 3.05210542678833 0.33489084243774414 2.717214584350586 0.8210055828094482 
2.492495059967041 3.0406298637390137 0.33058640360832214 2.710043430328369 0.8096252083778381 
2.5324137210845947 3.042612314224243 0.33243560791015625 2.710176706314087 0.8145852088928223 
2.3759562969207764 3.052121162414551 0.34419944882392883 2.7079215049743652 0.847870409488678 
2.55389404296875 3.06072998046875 0.3421686887741089 2.7185611724853516 0.8403260707855225 
2.661935567855835 3.049720048904419 0.34448450803756714 2.705235481262207 0.8484212160110474 
2.6514711380004883 3.055659770965576 0.3388745188713074 2.716785192489624 0.8319003582000732 
2.6220953464508057 3.048255443572998 0.34730595350265503 2.7009496688842773 0.856288492679596 
2.498281955718994 3.0553436279296875 0.3278122544288635 2.7275314331054688 0.800011396408081 
2.6407864093780518 3.066713809967041 0.3399581015110016 2.7267556190490723 0.8335579633712769 
2.6959171295166016 3.061832904815674 0.33941689133644104 2.7224159240722656 0.8321634531021118 
2.6367533206939697 3.056394100189209 0.3383280634880066 2.7180662155151367 0.8297443389892578 
2.6679580211639404 3.0570664405822754 0.335482120513916 2.7215843200683594 0.8212223052978516 
2.491885185241699 3.054422378540039 0.33396124839782715 2.720460891723633 0.8177794218063354 
2.5313520431518555 3.052231550216675 0.33535632491111755 2.7168750762939453 0.821016788482666 
2.362215995788574 3.055973768234253 0.3196863532066345 2.7362873554229736 0.7766216993331909 
2.434680938720703 3.0601937770843506 0.3403129279613495 2.719881057739258 0.834768533706665 
2.610285997390747 3.0720558166503906 0.3459670841693878 2.726088523864746 0.8506178855895996 
2.8939852714538574 3.058558702468872 0.34619683027267456 2.7123618125915527 0.8526328802108765 
2.2931931018829346 3.0245800018310547 0.32808956503868103 2.6964902877807617 0.8033702969551086 
2.474139928817749 3.0654797554016113 0.3497275114059448 2.715752124786377 0.8617843389511108 
2.4913971424102783 3.0526351928710938 0.3402254581451416 2.7124099731445312 0.8360148668289185 
2.4628982543945312 3.050632953643799 0.3471675217151642 2.703465223312378 0.8562926054000854 
2.446352958679199 3.0511155128479004 0.34034594893455505 2.7107696533203125 0.8360245227813721 
2.725217342376709 3.051520347595215 0.3451653718948364 2.7063546180725098 0.8501613140106201 
2.6448721885681152 3.0599067211151123 0.34952446818351746 2.7103822231292725 0.8625466227531433 
2.638167142868042 3.0436058044433594 0.3274974822998047 2.7161083221435547 0.7997310161590576 
2.4907426834106445 3.050957679748535 0.34331220388412476 2.7076454162597656 0.8446085453033447 
2.9551713466644287 3.0418572425842285 0.3391285538673401 2.7027289867401123 0.8330024480819702 
2.603346109390259 3.046917200088501 0.33651062846183777 2.710406541824341 0.8257749080657959 
2.6465206146240234 3.0460329055786133 0.3356359302997589 2.7103970050811768 0.8232392072677612 
2.6501755714416504 3.038327217102051 0.3346427083015442 2.7036843299865723 0.8210705518722534 
2.4812841415405273 3.0514211654663086 0.34321391582489014 2.708207368850708 0.8442861437797546 
2.3694334030151367 3.0617213249206543 0.33247292041778564 2.729248523712158 0.8123939037322998 
2.494302272796631 3.0501794815063477 0.344624400138855 2.705554962158203 0.848101794719696 
2.7827494144439697 3.07063627243042 0.34467393159866333 2.7259621620178223 0.8468143939971924 
2.4908905029296875 3.0437545776367188 0.32111412286758423 2.7226405143737793 0.7817744016647339 
2.4833285808563232 3.049194097518921 0.33077526092529297 2.718419075012207 0.8096059560775757 
2.5096683502197266 3.04250168800354 0.32796773314476013 2.714533805847168 0.8015635013580322 
2.4890828132629395 3.0409064292907715 0.3358677625656128 2.705038547515869 0.8247766494750977 
2.522566080093384 3.059429407119751 0.32387223839759827 2.7355570793151855 0.7883542776107788 
2.6405253410339355 3.055126667022705 0.327963650226593 2.727163314819336 0.8005905151367188 
2.7437734603881836 3.0634055137634277 0.33808988332748413 2.725315570831299 0.8282352089881897 
2.5495223999023438 3.0446083545684814 0.34343379735946655 2.70117449760437 0.8452029824256897 
2.4946978092193604 3.0613954067230225 0.333248496055603 2.72814679145813 0.814327597618103 
2.7234690189361572 3.08367657661438 0.3495386242866516 2.734138011932373 0.8587304949760437 
2.5205237865448 3.055419921875 0.3395986258983612 2.7158215045928955 0.8327930569648743 
2.8588051795959473 3.0899524688720703 0.36077880859375 2.7291736602783203 0.8907343149185181 
2.6189815998077393 3.055445671081543 0.347164511680603 2.7082812786102295 0.8556599617004395 
2.5243310928344727 3.067596912384033 0.3462541103363037 2.7213428020477295 0.8514026403427124 
2.7774198055267334 3.0640978813171387 0.35024479031562805 2.713852882385254 0.8630868196487427 
2.6356892585754395 3.0604708194732666 0.35188010334968567 2.7085909843444824 0.8689096570014954 
2.748443603515625 3.052851676940918 0.3573592007160187 2.6954922676086426 0.8851817846298218 
2.7081477642059326 3.0647153854370117 0.3533613681793213 2.7113537788391113 0.8724781274795532 
2.616637945175171 3.057671070098877 0.3520926237106323 2.705578327178955 0.8692715167999268 
2.315732955932617 3.04038405418396 0.3389148712158203 2.7014691829681396 0.8335614204406738 
2.5908408164978027 3.0521419048309326 0.3415762186050415 2.7105655670166016 0.8399477005004883 
2.293515682220459 3.0382080078125 0.32564258575439453 2.7125654220581055 0.795898973941803 
2.611816883087158 3.045037031173706 0.33104074001312256 2.713996410369873 0.8101942539215088 
2.399059772491455 3.048379421234131 0.3327587842941284 2.715620517730713 0.8150230050086975 
2.527604103088379 3.0412912368774414 0.3254513442516327 2.7158398628234863 0.7947204113006592 
2.577451705932617 3.050567150115967 0.327120840549469 2.7234463691711426 0.7986527681350708 
2.2607405185699463 3.0325255393981934 0.32875239849090576 2.703773260116577 0.8045641779899597 
2.742006301879883 3.0511860847473145 0.3390931189060211 2.712092876434326 0.8330941200256348 
2.544668436050415 3.0359511375427246 0.3408646285533905 2.6950864791870117 0.8398609161376953 
2.528174877166748 3.034865379333496 0.3272680640220642 2.707597255706787 0.8011645078659058 
2.5492117404937744 3.0315887928009033 0.3358866274356842 2.695702075958252 0.8260232210159302 
2.7840003967285156 3.04934024810791 0.3489764332771301 2.700364112854004 0.8620340824127197 
2.731074333190918 3.0439577102661133 0.350741446018219 2.693215847015381 0.8676832318305969 
2.756758213043213 3.0472397804260254 0.3353307247161865 2.7119088172912598 0.82306969165802 
2.6844799518585205 3.0527803897857666 0.3468983471393585 2.7058820724487305 0.8549524545669556 
2.730398178100586 3.0683987140655518 0.3504588007926941 2.717940092086792 0.8634821772575378 
2.6475911140441895 3.0524039268493652 0.3441198468208313 2.7082841396331787 0.846790075302124 
2.223930835723877 3.037435531616211 0.3268194794654846 2.71061635017395 0.7990730404853821 
2.4315757751464844 3.056095600128174 0.3381258249282837 2.7179698944091797 0.8291871547698975 
2.5350801944732666 3.050469160079956 0.33463340997695923 2.7158358097076416 0.8198570609092712 
2.504782199859619 3.056293487548828 0.3404815196990967 2.7158119678497314 0.83517986536026 
2.6004514694213867 3.0497264862060547 0.33484217524528503 2.7148842811584473 0.8206192255020142 
2.457437038421631 3.036952257156372 0.3409222960472107 2.6960301399230957 0.8391975164413452 
2.5508413314819336 3.050596237182617 0.33284324407577515 2.7177529335021973 0.8147733211517334 
2.5839924812316895 3.050501585006714 0.3408443033695221 2.7096571922302246 0.8376774787902832 
2.5623538494110107 3.048281192779541 0.3367704749107361 2.71151065826416 0.8260337114334106 
2.2839510440826416 3.0166165828704834 0.32192254066467285 2.6946940422058105 0.7866107225418091 
2.440229892730713 3.0343523025512695 0.3439977765083313 2.690354347229004 0.8483135104179382 
2.612490177154541 3.022939682006836 0.33456575870513916 2.6883740425109863 0.8219693899154663 
2.6113576889038086 3.0559909343719482 0.35529154539108276 2.7006993293762207 0.8780207633972168 
2.5115137100219727 3.0508317947387695 0.35262158513069153 2.6982102394104004 0.8712720274925232 
2.603911876678467 3.0415987968444824 0.3459186553955078 2.6956799030303955 0.8529398441314697 
2.606637477874756 3.0419399738311768 0.33517396450042725 2.706766128540039 0.8213374614715576 
2.6514391899108887 3.043952226638794 0.34688156843185425 2.697070598602295 0.8554635047912598 
2.77524995803833 3.048262119293213 0.3456699252128601 2.702592372894287 0.8511021733283997 
2.630908727645874 3.038753032684326 0.33707037568092346 2.7016825675964355 0.828019380569458 
2.6017379760742188 3.0473480224609375 0.3403095602989197 2.707038402557373 0.8361808657646179 
2.303222179412842 3.0475425720214844 0.3234920799732208 2.724050521850586 0.7879538536071777 
2.586371421813965 3.059659719467163 0.3322168290615082 2.727442741394043 0.812116265296936 
2.307342529296875 3.041212558746338 0.3215513229370117 2.719661235809326 0.7831676602363586 
2.3392274379730225 3.042142391204834 0.32361549139022827 2.718526840209961 0.7887070178985596 
2.1434292793273926 3.0229597091674805 0.3147907257080078 2.7081692218780518 0.7654989957809448 
2.5117063522338867 3.0365664958953857 0.31439274549484253 2.7221736907958984 0.7629620432853699 
2.54402232170105 3.0440924167633057 0.34187135100364685 2.702221155166626 0.8403970003128052 
2.5355265140533447 3.03832745552063 0.34139782190322876 2.696929454803467 0.8401920199394226 
2.5426154136657715 3.0272750854492188 0.34033071994781494 2.6869442462921143 0.838821291923523 
2.769087791442871 3.0387396812438965 0.34206682443618774 2.6966729164123535 0.8424844145774841 
2.7272703647613525 3.0491318702697754 0.3533976674079895 2.6957342624664307 0.8746445178985596 
2.561903476715088 3.0501489639282227 0.3526585102081299 2.6974902153015137 0.8721697330474854 
2.7187259197235107 3.055172920227051 0.35465189814567566 2.700521230697632 0.877693772315979 
2.704831600189209 3.0533103942871094 0.3472481071949005 2.7060623168945312 0.8568872213363647 
2.544127941131592 3.0614757537841797 0.34733641147613525 2.714138984680176 0.855832040309906 
2.5827367305755615 3.05747652053833 0.35010915994644165 2.707367420196533 0.863577127456665 
2.629089593887329 3.0713181495666504 0.33780694007873535 2.733511447906494 0.8272446990013123 
2.506960868835449 3.0571374893188477 0.3378806412220001 2.71925687789917 0.8284263014793396 
2.5080575942993164 3.054471492767334 0.32908886671066284 2.7253828048706055 0.8037839531898499 
2.5668742656707764 3.0650253295898438 0.33639007806777954 2.728635311126709 0.8231666088104248 
2.5708112716674805 3.0572328567504883 0.3317719101905823 2.7254607677459717 0.8110052347183228 
2.547029733657837 3.0661416053771973 0.3344537615776062 2.7316880226135254 0.8178398609161377 
2.419915199279785 3.0525121688842773 0.32995375990867615 2.7225584983825684 0.806268572807312 
2.5753867626190186 3.0717105865478516 0.3345867991447449 2.73712420463562 0.8167771100997925 
2.38093900680542 3.047513484954834 0.3255075216293335 2.72200608253479 0.7947977781295776 
2.6604514122009277 3.0521020889282227 0.3422684073448181 2.7098336219787598 0.8416934013366699 
2.430997371673584 3.046186923980713 0.3312494158744812 2.714937686920166 0.8107059001922607 
2.518836259841919 3.047313928604126 0.34416866302490234 2.7031452655792236 0.8482586145401001 
2.662734270095825 3.0506319999694824 0.34330111742019653 2.7073311805725098 0.8452280759811401 
2.606147527694702 3.056067943572998 0.35498112440109253 2.7010865211486816 0.8777279257774353 
2.705566883087158 3.052966356277466 0.3479035198688507 2.7050628662109375 0.8584425449371338 
2.7392899990081787 3.0537705421447754 0.35273224115371704 2.701038360595703 0.8710057735443115 
2.5730528831481934 3.0641660690307617 0.34414198994636536 2.720024347305298 0.8456109166145325 
2.4593467712402344 3.0431437492370605 0.33271414041519165 2.7104296684265137 0.8141739368438721 
2.5920767784118652 3.0553526878356934 0.3507026433944702 2.7046499252319336 0.8657315373420715 
2.7580618858337402 3.064243793487549 0.35348328948020935 2.7107605934143066 0.8722686171531677 
2.764723300933838 3.056872606277466 0.3464232087135315 2.71044921875 0.8528692722320557 
2.588524341583252 3.057633876800537 0.34538668394088745 2.712247133255005 0.8497821092605591 
2.590726375579834 3.046494960784912 0.3425312638282776 2.7039635181427 0.8427525758743286 
2.550370693206787 3.0523264408111572 0.3472753167152405 2.7050509452819824 0.855816125869751 
2.6556906700134277 3.04402494430542 0.3373907804489136 2.706634044647217 0.8288800716400146 
2.5268173217773438 3.039501190185547 0.33909428119659424 2.700406789779663 0.8335812091827393 
2.5657639503479004 3.048717498779297 0.3390866219997406 2.7096309661865234 0.8326700925827026 
2.591151237487793 3.0506503582000732 0.3407451808452606 2.7099053859710693 0.8371109962463379 
2.568955421447754 3.0589075088500977 0.33107760548591614 2.727829694747925 0.8091722726821899 
2.627087116241455 3.037208080291748 0.3305850028991699 2.706623077392578 0.8098971843719482 
2.6205015182495117 3.05391788482666 0.33371829986572266 2.7201995849609375 0.8167426586151123 
2.51682448387146 3.058044910430908 0.3275338411331177 2.730510711669922 0.7983338236808777 
2.6273927688598633 3.0660486221313477 0.34462493658065796 2.721423625946045 0.8469861745834351 
2.4418983459472656 3.0587525367736816 0.34175029397010803 2.7170019149780273 0.8397308588027954 
2.813779354095459 3.0712289810180664 0.35000818967819214 2.7212207317352295 0.8614922761917114 
2.7199392318725586 3.0577948093414307 0.34357792139053345 2.714216709136963 0.8443983793258667 
2.6918768882751465 3.0671677589416504 0.3475605845451355 2.71960711479187 0.8549593687057495 
2.679720401763916 3.0659685134887695 0.3461151123046875 2.719853401184082 0.8506474494934082 
2.4928083419799805 3.0693087577819824 0.3423740863800049 2.7269344329833984 0.839501142501831 
2.5157599449157715 3.044686794281006 0.3364372253417969 2.708249568939209 0.8248144388198853 
2.660855770111084 3.0534188747406006 0.3340741991996765 2.7193446159362793 0.8171768188476562 
2.860800266265869 3.0692784786224365 0.3566408157348633 2.7126379013061523 0.8800795078277588 
2.5247273445129395 3.065920114517212 0.34830915927886963 2.7176108360290527 0.8573748469352722 
2.605499029159546 3.067671537399292 0.34856367111206055 2.7191081047058105 0.8576681613922119 
2.851532459259033 3.0684781074523926 0.3461875915527344 2.722290515899658 0.8508905172348022 
2.690189838409424 3.056076765060425 0.3525734543800354 2.703503131866455 0.8696783781051636 
2.5144941806793213 3.0594124794006348 0.3350840210914612 2.7243285179138184 0.8201773166656494 
2.4096384048461914 3.055001735687256 0.3451480567455292 2.7098536491394043 0.8492271304130554 
2.5553555488586426 3.0495519638061523 0.34234777092933655 2.7072043418884277 0.8416150808334351 
2.55831241607666 3.0619056224823 0.3413465619087219 2.7205591201782227 0.8375521302223206 
2.3257884979248047 3.0386462211608887 0.3368661403656006 2.701780319213867 0.8265042304992676 
2.3108763694763184 3.0386011600494385 0.33647236227989197 2.7021286487579346 0.8257484436035156 
2.4577279090881348 3.0479652881622314 0.3273305594921112 2.720634698867798 0.7990718483924866 
2.373790740966797 3.0194807052612305 0.3312371075153351 2.6882433891296387 0.8134256601333618 
2.452608585357666 3.046936273574829 0.3337041735649109 2.7132320404052734 0.8174050450325012 
2.823916435241699 3.0570662021636963 0.3463451862335205 2.710721015930176 0.8524932861328125 
2.5195236206054688 3.033989667892456 0.33898210525512695 2.695007562637329 0.8338623046875 
2.633373975753784 3.0492334365844727 0.3354516625404358 2.7137815952301025 0.8220679759979248 
2.385321855545044 3.029750347137451 0.34020912647247314 2.6895408630371094 0.8387285470962524 
2.423490524291992 3.0214335918426514 0.33175379037857056 2.6896800994873047 0.8151119947433472 
2.4879846572875977 3.0188026428222656 0.3405609726905823 2.678241729736328 0.8406672477722168 
2.34896183013916 3.021289110183716 0.3258315920829773 2.6954574584960938 0.7981085777282715 
2.206707715988159 3.0064315795898438 0.32959944009780884 2.6768321990966797 0.8099163770675659 
2.640669107437134 3.0439343452453613 0.335981160402298 2.707953453063965 0.8245440125465393 
2.6284427642822266 3.0362470149993896 0.34550631046295166 2.6907408237457275 0.8528474569320679 
2.6208715438842773 3.038168430328369 0.35105180740356445 2.6871166229248047 0.8682746887207031 
2.342550039291382 3.023045778274536 0.34140849113464355 2.6816372871398926 0.8419612646102905 
2.5128655433654785 3.037167549133301 0.3422015309333801 2.6949660778045654 0.8426742553710938 
2.572625160217285 3.038865327835083 0.33603811264038086 2.702827215194702 0.8249444961547852 
2.386115789413452 3.029357671737671 0.3427582383155823 2.6865992546081543 0.8451938629150391 
2.5924181938171387 3.0487542152404785 0.3434523046016693 2.7053020000457764 0.8451584577560425 
2.624591112136841 3.0402116775512695 0.34549611806869507 2.6947154998779297 0.8522278070449829 
2.6457064151763916 3.036539077758789 0.33201611042022705 2.7045230865478516 0.8140183687210083 
2.6823315620422363 3.040621757507324 0.33881109952926636 2.701810598373413 0.8329102993011475 
2.8284711837768555 3.0480384826660156 0.34513601660728455 2.7029025554656982 0.8505037426948547 
2.5158956050872803 3.046100616455078 0.3374997079372406 2.7086009979248047 0.8284964561462402 
2.370723247528076 3.047450304031372 0.3310513198375702 2.7163989543914795 0.8098283410072327 
2.5988473892211914 3.037952184677124 0.32948702573776245 2.708465099334717 0.8062915802001953 
2.564987897872925 3.041137456893921 0.33164674043655396 2.7094907760620117 0.8120598793029785 
2.4734578132629395 3.051584005355835 0.32796648144721985 2.7236175537109375 0.8000967502593994 
2.5817294120788574 3.0632243156433105 0.32858896255493164 2.734635353088379 0.8009315133094788 
2.506019115447998 3.0649020671844482 0.3389853239059448 2.725916862487793 0.830498218536377 
2.6389784812927246 3.060530662536621 0.3383731245994568 2.7221574783325195 0.8292384743690491 
2.3538928031921387 3.054666519165039 0.324529767036438 2.7301363945007324 0.7904003262519836 
2.324326276779175 3.0507521629333496 0.2992810010910034 2.751471519470215 0.719942569732666 
2.580805778503418 3.0602245330810547 0.3376511335372925 2.7225732803344727 0.8271834850311279 
2.6096386909484863 3.052271842956543 0.3336940109729767 2.7185778617858887 0.8164565563201904 
2.684657335281372 3.0478744506835938 0.34704482555389404 2.70082950592041 0.8552440404891968 
2.494518280029297 3.030654191970825 0.3553357720375061 2.6753182411193848 0.8810417652130127 
2.7720603942871094 3.070101261138916 0.3583128750324249 2.7117881774902344 0.8862706422805786 
3.0852110385894775 3.068857192993164 0.36994677782058716 2.6989104747772217 0.9191551208496094 
2.466874837875366 3.0382843017578125 0.3324165940284729 2.7058677673339844 0.8141384124755859 
2.6775383949279785 3.0664031505584717 0.36066514253616333 2.705737829208374 0.8936688899993896 
2.6820945739746094 3.0778913497924805 0.36435526609420776 2.713535785675049 0.9029079675674438 
2.53554368019104 3.0324063301086426 0.3475600481033325 2.6848464012145996 0.8591997623443604 
2.6111044883728027 3.0531105995178223 0.3459864556789398 2.7071242332458496 0.8518761992454529 
2.8343286514282227 3.0564303398132324 0.3481445014476776 2.7082858085632324 0.8573493361473083 
2.737499952316284 3.066436290740967 0.3493250608444214 2.717111110687256 0.8607355356216431 
2.4420418739318848 3.0369815826416016 0.34266671538352966 2.694314956665039 0.8445976972579956 
2.4874491691589355 3.058112144470215 0.3322179317474365 2.725893974304199 0.8120909929275513 
2.6730895042419434 3.056400775909424 0.3378426432609558 2.7185580730438232 0.8278008699417114 
2.536672592163086 3.0338475704193115 0.3329732418060303 2.7008743286132812 0.8169165849685669 
2.7208666801452637 3.060415029525757 0.3309629559516907 2.729452133178711 0.8087306022644043 
2.5686960220336914 3.0400471687316895 0.3336902856826782 2.7063565254211426 0.818170964717865 
2.507018566131592 3.0501434803009033 0.3350425362586975 2.7151007652282715 0.8211488723754883 
2.31821870803833 3.0556445121765137 0.3351287841796875 2.720515727996826 0.8211032152175903 
2.3522374629974365 3.024397373199463 0.328051894903183 2.696345329284668 0.8037147521972656 
2.628243923187256 3.0457191467285156 0.3428581953048706 2.7028608322143555 0.8441832661628723 
2.490283489227295 3.0283803939819336 0.33665138483047485 2.6917290687561035 0.8276602625846863 
2.5936484336853027 3.0479228496551514 0.33482539653778076 2.713097333908081 0.8211853504180908 
2.5520262718200684 3.0393707752227783 0.3432522714138031 2.6961185932159424 0.8460015654563904 
2.466527223587036 3.0308587551116943 0.3359503448009491 2.694908380508423 0.8252707719802856 
2.453946828842163 3.023047924041748 0.3361767530441284 2.68687105178833 0.82755446434021 
2.513934373855591 3.028961420059204 0.33875927329063416 2.690201997756958 0.8342415690422058 
2.271186351776123 3.0352888107299805 0.3353404998779297 2.69994854927063 0.8237086534500122 
2.513728618621826 3.0382344722747803 0.33281391859054565 2.70542049407959 0.8160367012023926 
2.505967140197754 3.0406429767608643 0.3355253338813782 2.7051174640655518 0.823190450668335 
2.590013027191162 3.0605499744415283 0.34744834899902344 2.713101625442505 0.8550325632095337 
2.925689220428467 3.0614876747131348 0.352247416973114 2.709240198135376 0.8687179684638977 
2.3784537315368652 3.0475168228149414 0.34579670429229736 2.7017199993133545 0.8521414399147034 
2.708406925201416 3.0560977458953857 0.34687715768814087 2.7092204093933105 0.8550879955291748 
2.5342421531677246 3.0316591262817383 0.3419923782348633 2.689666509628296 0.8429090976715088 
2.2480082511901855 3.0255045890808105 0.3317347764968872 2.693769693374634 0.8140150904655457 
2.233773946762085 3.0221827030181885 0.33783718943595886 2.6843457221984863 0.8314560651779175 
2.7354249954223633 3.0672447681427 0.34507933259010315 2.722165584564209 0.848274827003479 
2.6204614639282227 3.058948278427124 0.3442531228065491 2.714695453643799 0.8462371230125427 
2.4808008670806885 3.0576913356781006 0.34105032682418823 2.7166409492492676 0.8376353979110718 
2.550166130065918 3.0625903606414795 0.3422756791114807 2.7203145027160645 0.8404163122177124 
2.424806833267212 3.031217098236084 0.3357119560241699 2.695505142211914 0.8246496915817261 
2.4064059257507324 3.049818992614746 0.34134402871131897 2.708475112915039 0.8390617966651917 
2.562406063079834 3.050182819366455 0.3328293561935425 2.717353582382202 0.814669132232666 
2.617720127105713 3.0406744480133057 0.331875205039978 2.708799362182617 0.8126360774040222 
2.4137144088745117 3.0483357906341553 0.34116098284721375 2.707174777984619 0.8380455374717712 
2.526710033416748 3.049160957336426 0.3388010561466217 2.710360050201416 0.8312376737594604 
2.653179883956909 3.0524673461914062 0.347665935754776 2.704801321029663 0.8562281131744385 
2.5838112831115723 3.040923833847046 0.34440019726753235 2.696523666381836 0.8482532501220703 
2.520266532897949 3.0348756313323975 0.3390227258205414 2.6958532333374023 0.8343857526779175 
2.7380518913269043 3.0553860664367676 0.3542667031288147 2.7011194229125977 0.8764049410820007 
2.616708993911743 3.0510830879211426 0.3445782959461212 2.7065048217773438 0.8481776714324951 
2.4878146648406982 3.0378756523132324 0.3431130647659302 2.694762706756592 0.8450918197631836 
2.5760602951049805 3.033795118331909 0.3427283763885498 2.6910667419433594 0.8447943925857544 
2.5117383003234863 3.031278371810913 0.3519943356513977 2.67928409576416 0.8718602657318115 
2.614652633666992 3.0500924587249756 0.33533161878585815 2.7147610187530518 0.8211009502410889 
2.5576682090759277 3.0220322608947754 0.34084782004356384 2.6811845302581787 0.8408130407333374 
2.4086079597473145 3.0311992168426514 0.3381630778312683 2.6930360794067383 0.8320153951644897 
2.7174577713012695 3.0487585067749023 0.34202730655670166 2.7067313194274902 0.8402687907218933 
2.46565580368042 3.0343329906463623 0.34113937616348267 2.6931934356689453 0.8399066925048828 
2.5632364749908447 3.035393238067627 0.33517053723335266 2.700222969055176 0.8232071995735168 
2.725106954574585 3.057504177093506 0.33228254318237305 2.725221633911133 0.8126446008682251 
2.2022957801818848 3.0164315700531006 0.32167327404022217 2.694758415222168 0.7861112356185913 
2.3684263229370117 3.054293632507324 0.3297172486782074 2.724576473236084 0.8055402040481567 
2.4388813972473145 3.0517215728759766 0.33636975288391113 2.7153520584106445 0.8249131441116333 
2.540327548980713 3.0503902435302734 0.3414599597454071 2.708930015563965 0.8391484618186951 
2.397883892059326 3.0377674102783203 0.3401067852973938 2.6976606845855713 0.8359624147415161 
2.5921390056610107 3.0355701446533203 0.3267456889152527 2.708824634552002 0.7987924814224243 
2.370957612991333 3.024813175201416 0.3354584872722626 2.68935489654541 0.8247789144515991 
2.486814260482788 3.0460305213928223 0.3392382264137268 2.706792116165161 0.8333026170730591 
2.782528877258301 3.0468080043792725 0.34599870443344116 2.7008092403411865 0.8525459170341492 
2.3388636112213135 3.025174140930176 0.34225499629974365 2.6829190254211426 0.8440555334091187 
2.9255337715148926 3.054633617401123 0.34887996315956116 2.705753803253174 0.859835147857666 
2.4853408336639404 3.0438296794891357 0.3324112892150879 2.711418390274048 0.8130437135696411 
2.2719545364379883 3.016488552093506 0.34203869104385376 2.6744496822357178 0.8437924385070801 
2.526704788208008 3.0541348457336426 0.34568145871162415 2.7084531784057617 0.8513015508651733 
2.6482739448547363 3.044450521469116 0.3492714762687683 2.6951792240142822 0.8628338575363159 
2.3155760765075684 3.034066915512085 0.33896711468696594 2.6950998306274414 0.8335553407669067 
2.781425952911377 3.0521655082702637 0.3462897837162018 2.705875873565674 0.8529369831085205 
2.76716947555542 3.0498239994049072 0.34282559156417847 2.706998586654663 0.843043327331543 
2.600578546524048 3.04797101020813 0.3435256779193878 2.7044451236724854 0.8459076881408691 
2.6765213012695312 3.0389797687530518 0.3430502116680145 2.695929527282715 0.8454263210296631 
2.84812593460083 3.0462188720703125 0.3492913544178009 2.696927309036255 0.8621602058410645 
2.313206195831299 3.046849489212036 0.3399718105792999 2.7068777084350586 0.8351314067840576 
2.695160388946533 3.0506808757781982 0.3425983786582947 2.708082675933838 0.8428643941879272 
2.569261074066162 3.06612491607666 0.3464900255203247 2.719635009765625 0.8522269129753113 
2.7328338623046875 3.0490174293518066 0.3407667279243469 2.7082505226135254 0.8376768827438354 
2.436082124710083 3.0592494010925293 0.3396008014678955 2.7196483612060547 0.8332315683364868 
2.6358838081359863 3.0398335456848145 0.335395872592926 2.704437732696533 0.823113203048706 
2.5128426551818848 3.05134916305542 0.33329325914382935 2.7180562019348145 0.8160946369171143 
2.5236384868621826 3.060774803161621 0.3451949656009674 2.7155795097351074 0.8489600419998169 
2.5312674045562744 3.0530893802642822 0.34021782875061035 2.712871551513672 0.8352022171020508 
2.5824408531188965 3.053042411804199 0.34295377135276794 2.7100889682769775 0.8433202505111694 
2.533071517944336 3.0612757205963135 0.3421207070350647 2.7191550731658936 0.8397119045257568 
2.661447286605835 3.0452749729156494 0.33593136072158813 2.709343671798706 0.823675811290741 
2.655724048614502 3.0541510581970215 0.34686434268951416 2.707286834716797 0.8542461395263672 
2.660013437271118 3.0522375106811523 0.34883153438568115 2.7034058570861816 0.8602217435836792 
2.5494484901428223 3.038449764251709 0.3255705237388611 2.712879180908203 0.7946153879165649 
2.4366517066955566 3.031587600708008 0.33558255434036255 2.696004867553711 0.82325279712677 
2.5832996368408203 3.027521848678589 0.334335595369339 2.693186044692993 0.820698082447052 
2.5744571685791016 3.049105167388916 0.3347622752189636 2.7143430709838867 0.8193424344062805 
2.520798444747925 3.041804790496826 0.3412361741065979 2.700568675994873 0.8391327857971191 
2.7327721118927 3.051466941833496 0.35476189851760864 2.696704864501953 0.8769048452377319 
2.392054319381714 3.040011167526245 0.34546786546707153 2.6945433616638184 0.8514702320098877 
2.3167405128479004 3.016878604888916 0.3396901786327362 2.6771883964538574 0.8364773988723755 
2.8276419639587402 3.0487453937530518 0.34767091274261475 2.7010746002197266 0.857515811920166 
2.583308458328247 3.04386043548584 0.33719316124916077 2.706667423248291 0.827395498752594 
2.5676636695861816 3.0282349586486816 0.3443051278591156 2.683929443359375 0.8491014242172241 
2.368955612182617 3.032578468322754 0.33791738748550415 2.6946611404418945 0.8307042121887207 
2.3827896118164062 3.0463597774505615 0.33341825008392334 2.7129416465759277 0.8160643577575684 
2.5812907218933105 3.0497684478759766 0.33846473693847656 2.711303949356079 0.8308310508728027 
2.6474664211273193 3.0467147827148438 0.3423423171043396 2.7043724060058594 0.8416264057159424 
2.59399151802063 3.0489892959594727 0.33836621046066284 2.710623264312744 0.829709529876709 
2.714397430419922 3.0495681762695312 0.3448486924171448 2.7047197818756104 0.8488228917121887 
2.595987319946289 3.028198480606079 0.3384980261325836 2.6897006034851074 0.8333343863487244 
2.5874524116516113 3.0455129146575928 0.34088462591171265 2.7046282291412354 0.8382226824760437 
2.6836941242218018 3.060145378112793 0.3378223478794098 2.722323179244995 0.8281340599060059 
2.3531813621520996 3.0333149433135986 0.34048518538475037 2.6928296089172363 0.8381646275520325 
2.6445727348327637 3.048567056655884 0.33576345443725586 2.712803363800049 0.8226847052574158 
2.465968608856201 3.038174629211426 0.3384357690811157 2.6997389793395996 0.8315025568008423 
2.542267084121704 3.057124137878418 0.3417832851409912 2.7153406143188477 0.8399736285209656 
2.55259370803833 3.0510754585266113 0.34355366230010986 2.707521915435791 0.8442498445510864 
2.718036651611328 3.052063226699829 0.34013769030570984 2.711925506591797 0.8352293968200684 
2.5693812370300293 3.0487890243530273 0.33149927854537964 2.717289924621582 0.8108999729156494 
2.5082521438598633 3.050342321395874 0.3319573402404785 2.7183847427368164 0.8120718002319336 
2.3426241874694824 3.0336246490478516 0.33566814661026 2.6979565620422363 0.8241310119628906 
2.545539379119873 3.0472970008850098 0.3369268774986267 2.7103703022003174 0.8269188404083252 
2.3249287605285645 3.0310349464416504 0.33407002687454224 2.696964979171753 0.8206671476364136 
2.7937066555023193 3.0625624656677246 0.3439396619796753 2.7186226844787598 0.8455501794815063 
2.526566982269287 3.0547375679016113 0.3422277569770813 2.7125096321105957 0.8408955335617065 
2.4769911766052246 3.046175003051758 0.33811646699905396 2.7080585956573486 0.8306834697723389 
2.5315229892730713 3.037693500518799 0.34188514947891235 2.6958084106445312 0.8414426445960999 
2.5377657413482666 3.0390989780426025 0.33189696073532104 2.7072019577026367 0.8132178783416748 
2.3038649559020996 3.0457701683044434 0.3408547639846802 2.7049155235290527 0.8385573029518127 
2.56002140045166 3.0396814346313477 0.34023144841194153 2.6994500160217285 0.836172342300415 
2.9259769916534424 3.044867753982544 0.3498165011405945 2.6950511932373047 0.8644053936004639 
2.7008280754089355 3.0547142028808594 0.35009971261024475 2.7046144008636475 0.8635039329528809 
2.6571857929229736 3.048696517944336 0.3416934013366699 2.707003116607666 0.8401700258255005 
2.7242236137390137 3.0600407123565674 0.3501414358615875 2.7098991870880127 0.8637819290161133 
2.619548797607422 3.0410475730895996 0.3357861042022705 2.705261707305908 0.8242132663726807 
2.739839553833008 3.068559169769287 0.3473939597606659 2.721165180206299 0.8544611930847168 
2.6025404930114746 3.048445701599121 0.33952856063842773 2.7089171409606934 0.8339118957519531 
2.532872200012207 3.050149917602539 0.3334188759326935 2.716731071472168 0.815117597579956 
2.469806671142578 3.056546211242676 0.33994197845458984 2.716604232788086 0.833901584148407 
2.6698288917541504 3.064403533935547 0.338037371635437 2.7263665199279785 0.8276837468147278 
2.655712127685547 3.0589873790740967 0.3361506164073944 2.72283673286438 0.8226105570793152 
2.190462589263916 3.0484957695007324 0.2725140452384949 2.775981903076172 0.6468442678451538 
2.5957281589508057 3.061345100402832 0.32431459426879883 2.737030506134033 0.7880905866622925 
2.735395908355713 3.063493251800537 0.34531480073928833 2.7181785106658936 0.8487342596054077 
2.619995594024658 3.048703193664551 0.34383463859558105 2.7048685550689697 0.8464379906654358 
2.5221381187438965 3.0495495796203613 0.3299511969089508 2.7195982933044434 0.8061309456825256 
2.64739990234375 3.0585265159606934 0.3412216305732727 2.7173049449920654 0.8376551866531372 
2.8476204872131348 3.070594072341919 0.3739233911037445 2.6966705322265625 0.9315558671951294 
2.6662545204162598 3.060347318649292 0.3648715019226074 2.6954760551452637 0.9062303900718689 
2.7119414806365967 3.048478126525879 0.3772708773612976 2.6712074279785156 0.9444386959075928 
2.854027032852173 3.0652689933776855 0.3760502338409424 2.6892189979553223 0.9389327168464661 
2.877584218978882 3.0558090209960938 0.372387558221817 2.6834216117858887 0.9287686944007874 
2.897083044052124 3.056471109390259 0.36597034335136414 2.6905007362365723 0.909882664680481 
2.6401703357696533 3.0475640296936035 0.35369330644607544 2.6938705444335938 0.8750211000442505 
2.7589097023010254 3.047863483428955 0.3389649987220764 2.7088983058929443 0.8316931128501892 
2.5079126358032227 3.03950572013855 0.33222413063049316 2.7072813510894775 0.8139408826828003 
2.404658079147339 3.0389952659606934 0.3405187129974365 2.6984763145446777 0.8371138572692871 
2.343395709991455 3.043811559677124 0.3257363438606262 2.7180752754211426 0.7945959568023682 
2.3222365379333496 3.0383379459381104 0.3297896683216095 2.7085485458374023 0.8068791031837463 
2.74456787109375 3.0655245780944824 0.3291017413139343 2.7364227771759033 0.8017665147781372 
2.6479620933532715 3.060537338256836 0.3341064751148224 2.726430892944336 0.8169467449188232 
2.5541200637817383 3.0213093757629395 0.3268469274044037 2.694462537765503 0.7997516393661499 
2.4819226264953613 3.045405864715576 0.3283718526363373 2.717034339904785 0.8021116256713867 
2.570002555847168 3.044426441192627 0.3279069662094116 2.716519355773926 0.8008702993392944 
2.3175277709960938 3.045388698577881 0.3335922360420227 2.711796283721924 0.816535472869873 
2.472803831100464 3.048220634460449 0.32827651500701904 2.7199442386627197 0.8015270829200745 
2.4141244888305664 3.0669803619384766 0.346214234828949 2.720766067504883 0.8507934212684631 
2.462252378463745 3.0577454566955566 0.34938353300094604 2.708362102508545 0.8613107204437256 
2.7504923343658447 3.0560059547424316 0.346951425075531 2.709054470062256 0.8549203872680664 
2.65130352973938 3.067925453186035 0.34619906544685364 2.721726417541504 0.8509121537208557 
2.5284032821655273 3.0386123657226562 0.33527666330337524 2.703335762023926 0.822435736656189 
2.863276243209839 3.051553249359131 0.35258767008781433 2.698965549468994 0.8718944787979126 
2.3740594387054443 3.0427699089050293 0.3488529324531555 2.6939170360565186 0.8618899583816528 
2.642348051071167 3.0424628257751465 0.34859830141067505 2.693864583969116 0.861298680305481 
2.7197463512420654 3.0472002029418945 0.35375890135765076 2.693441390991211 0.87632155418396 
2.6073176860809326 3.038623094558716 0.3569049835205078 2.681718111038208 0.8852567672729492 
2.4459869861602783 3.0461971759796143 0.3490326404571533 2.697164535522461 0.86146080493927 
2.5602242946624756 3.039318561553955 0.3377992808818817 2.70151948928833 0.8293360471725464 
2.486954689025879 3.0408294200897217 0.3382791578769684 2.7025504112243652 0.8307840824127197 
2.6373136043548584 3.039389133453369 0.3485518991947174 2.6908373832702637 0.8607097268104553 
2.52874493598938 3.031248092651367 0.33388617634773254 2.697361946105957 0.819509744644165 
2.7368526458740234 3.024204730987549 0.33081769943237305 2.693387031555176 0.8111252188682556 
2.8149542808532715 3.045286178588867 0.33678850531578064 2.7084975242614746 0.825772762298584 
2.489664077758789 3.0324811935424805 0.33128821849823 2.701192855834961 0.8115382194519043 
2.5981359481811523 3.0461297035217285 0.3439914286136627 2.7021381855010986 0.8470784425735474 
2.4390809535980225 3.04841947555542 0.3362008333206177 2.7122182846069336 0.823682427406311 
2.5258936882019043 3.048044443130493 0.3377875089645386 2.710256814956665 0.8282752633094788 
2.6026976108551025 3.0501339435577393 0.3468938171863556 2.703240156173706 0.8550199270248413 
2.6194710731506348 3.0496344566345215 0.3453540503978729 2.704280376434326 0.849760890007019 
2.7290918827056885 3.0665836334228516 0.35536497831344604 2.71121883392334 0.8769383430480957 
2.445060968399048 3.0340192317962646 0.338619589805603 2.695399522781372 0.8326014280319214 
2.67307710647583 3.0542259216308594 0.3433188796043396 2.710906982421875 0.844051718711853 
2.3470242023468018 3.031878709793091 0.333209365606308 2.69866943359375 0.8173633813858032 
2.703153371810913 3.064377784729004 0.34917452931404114 2.715203046798706 0.8597646355628967 
2.6242992877960205 3.0572192668914795 0.3464455008506775 2.7107737064361572 0.8532878160476685 
2.782341241836548 3.058584213256836 0.35067397356033325 2.7079102993011475 0.8648706078529358 
2.527047634124756 3.0624265670776367 0.34116479754447937 2.721261978149414 0.8370188474655151 
2.460066080093384 3.0546176433563232 0.3412307798862457 2.7133870124816895 0.838363528251648 
2.805830955505371 3.065167188644409 0.3485237956047058 2.7166433334350586 0.8584499955177307 
2.6938536167144775 3.0586190223693848 0.3479308485984802 2.7106881141662598 0.8571279048919678 
2.69732666015625 3.0547218322753906 0.3393750488758087 2.7153468132019043 0.8326405882835388 
2.5650196075439453 3.0547354221343994 0.33438172936439514 2.720353841781616 0.8179914355278015 
2.552666664123535 3.034897565841675 0.33563563227653503 2.6992616653442383 0.8239139318466187 
2.622826337814331 3.066917896270752 0.34076768159866333 2.7261500358581543 0.835679292678833 
2.7128405570983887 3.0406949520111084 0.3436264395713806 2.697068452835083 0.8458061814308167 
2.745549440383911 3.065931797027588 0.3466978967189789 2.719233512878418 0.8522660732269287 
2.3385567665100098 3.0343494415283203 0.3308740556240082 2.7034757137298584 0.8101718425750732 
2.611295223236084 3.044645309448242 0.32657328248023987 2.718071937561035 0.7960929870605469 
2.479794502258301 3.0503041744232178 0.3440776765346527 2.7062265872955322 0.8465014696121216 
2.514314651489258 3.062159299850464 0.34400683641433716 2.7181525230407715 0.8449907302856445 
2.70320200920105 3.0738792419433594 0.35263141989707947 2.721247911453247 0.8691293597221375 
2.6274538040161133 3.064016819000244 0.34890514612197876 2.71511173248291 0.8592197895050049 
2.4421839714050293 3.044771194458008 0.34320777654647827 2.7015633583068848 0.845503032207489 
2.714871644973755 3.0603723526000977 0.34916096925735474 2.7112114429473877 0.8603927493095398 
2.5806939601898193 3.0496914386749268 0.3474994897842407 2.7021918296813965 0.8561509847640991 
2.6494407653808594 3.0645663738250732 0.3457460403442383 2.718820095062256 0.8503279089927673 
2.52199649810791 3.0416805744171143 0.34376686811447144 2.697913646697998 0.8465000987052917 
2.5001564025878906 3.0601673126220703 0.3446103036403656 2.715557098388672 0.8474565744400024 
2.5387587547302246 3.0380656719207764 0.33188241720199585 2.7061829566955566 0.8136202096939087 
2.5839734077453613 3.0560717582702637 0.3388521671295166 2.717219829559326 0.8313981890678406 
2.3349509239196777 3.0224204063415527 0.33397459983825684 2.688445806503296 0.8204946517944336 
2.772796630859375 3.0797393321990967 0.34250831604003906 2.7372310161590576 0.8386642336845398 
2.5958433151245117 3.034358024597168 0.34894394874572754 2.6854143142700195 0.862126350402832 
2.808338165283203 3.0420806407928467 0.3469311594963074 2.6951494216918945 0.8559645414352417 
2.507126569747925 3.0459177494049072 0.35140886902809143 2.6945085525512695 0.8686563968658447 
2.571873188018799 3.028585433959961 0.33992767333984375 2.688657760620117 0.8368964195251465 
2.430452346801758 3.0190885066986084 0.3414677381515503 2.6776206493377686 0.8429203629493713 
2.5931854248046875 3.0212173461914062 0.34004759788513184 2.6811697483062744 0.8387219309806824 
2.452474355697632 3.0478508472442627 0.3460657596588135 2.701785087585449 0.8533400297164917 
2.586818218231201 3.05330753326416 0.34599828720092773 2.7073094844818115 0.852134108543396 
2.531996726989746 3.053931713104248 0.34253960847854614 2.7113919258117676 0.8414520025253296 
2.529217004776001 3.03759765625 0.3325221836566925 2.705075263977051 0.8145253658294678 
2.603536367416382 3.0572023391723633 0.3355976343154907 2.721604824066162 0.8217641711235046 
2.603336811065674 3.0534489154815674 0.33860689401626587 2.7148420810699463 0.8301953673362732 
2.767482280731201 3.05493426322937 0.34267932176589966 2.7122550010681152 0.841839075088501 
2.5846753120422363 3.054396152496338 0.34125760197639465 2.7131385803222656 0.8380060195922852 
2.4918012619018555 3.038126230239868 0.33763840794563293 2.7004880905151367 0.8291334509849548 
2.648739814758301 3.0510737895965576 0.3454488515853882 2.70562481880188 0.8497447967529297 
2.531639575958252 3.0590009689331055 0.3448166847229004 2.714184284210205 0.8476229906082153 
2.5970427989959717 3.0594584941864014 0.3468272089958191 2.7126312255859375 0.8530925512313843 
2.69586181640625 3.0639402866363525 0.35090649127960205 2.713033676147461 0.8648725152015686 
2.4932658672332764 3.0455987453460693 0.3401868939399719 2.705411911010742 0.8356194496154785 
2.5846028327941895 3.0566959381103516 0.3571600914001465 2.699535846710205 0.8826329708099365 
2.639177083969116 3.0530967712402344 0.34839969873428345 2.7046971321105957 0.8589333295822144 
2.5248498916625977 3.0383496284484863 0.3287622928619385 2.709587335586548 0.8043946027755737 
2.508120536804199 3.0224075317382812 0.3434455096721649 2.678961992263794 0.8481086492538452 
2.3102328777313232 3.0314526557922363 0.34282487630844116 2.6886277198791504 0.8450708389282227 
2.478670120239258 3.039966106414795 0.34415242075920105 2.6958136558532715 0.848418653011322 
2.6382079124450684 3.04807186126709 0.34144580364227295 2.7066259384155273 0.8398338556289673 
2.5349645614624023 3.037194013595581 0.33831071853637695 2.698883056640625 0.8319646120071411 
2.5606164932250977 3.043264389038086 0.34303832054138184 2.700226306915283 0.844409704208374 
2.5355334281921387 3.0640017986297607 0.34601330757141113 2.7179884910583496 0.8504955768585205 
2.5871310234069824 3.0532493591308594 0.3481074571609497 2.705142021179199 0.8579360246658325 
2.6613097190856934 3.0487282276153564 0.34207555651664734 2.706652879714966 0.8408034443855286 
2.509119987487793 3.041060447692871 0.32727134227752686 2.713789463043213 0.7993444800376892 
2.4765737056732178 3.043816089630127 0.32665470242500305 2.7171616554260254 0.7975720167160034 
2.461787700653076 3.044297218322754 0.3429005742073059 2.7013964653015137 0.8434102535247803 
2.778629779815674 3.053537607192993 0.35152047872543335 2.702017068862915 0.8675590753555298 
2.5845563411712646 3.05214262008667 0.3495980501174927 2.7025444507598877 0.862580418586731 
2.683260440826416 3.052293539047241 0.35214024782180786 2.700153350830078 0.8699923753738403 
2.6128602027893066 3.0535364151000977 0.34223154187202454 2.7113049030303955 0.8409732580184937 
2.683692455291748 3.0422167778015137 0.34017473459243774 2.7020421028137207 0.8363541960716248 
2.5564026832580566 3.0569746494293213 0.344705730676651 2.712268829345703 0.8481335639953613 
2.4484896659851074 3.0558419227600098 0.337204247713089 2.718637704849243 0.8259420394897461 
2.4198482036590576 3.0525615215301514 0.3442608714103699 2.7083005905151367 0.8468211889266968 
2.830491065979004 3.0660667419433594 0.3432460129261017 2.722820997238159 0.8425451517105103 
2.2067933082580566 3.0296835899353027 0.3419187068939209 2.687765121459961 0.8420050144195557 
2.5265729427337646 3.051481246948242 0.3463975787162781 2.7050833702087402 0.8526526689529419 
2.4488086700439453 3.03581166267395 0.3354935646057129 2.700317859649658 0.8233175277709961 
2.903087615966797 3.073335647583008 0.3505071997642517 2.7228283882141113 0.8628799915313721 
2.143822431564331 3.01239013671875 0.315263569355011 2.697126626968384 0.7680796384811401 
2.7443158626556396 3.0457675457000732 0.34651872515678406 2.699249029159546 0.8541156053543091 
2.5061798095703125 3.0455617904663086 0.34766116738319397 2.6979007720947266 0.8572136759757996 
2.3838253021240234 3.0221917629241943 0.34469252824783325 2.6774990558624268 0.8508539199829102 
2.668132781982422 3.0411601066589355 0.3482033610343933 2.6929569244384766 0.8596082925796509 
2.3292675018310547 3.0108485221862793 0.33139508962631226 2.6794533729553223 0.8143153190612793 
2.38612699508667 3.030726909637451 0.3293163478374481 2.7014102935791016 0.8065484762191772 
2.617295503616333 3.040295124053955 0.3493291139602661 2.6909661293029785 0.8631523847579956 
2.3605401515960693 3.028200626373291 0.3440173268318176 2.6841835975646973 0.8495427370071411 
2.767697334289551 3.0572805404663086 0.3446575105190277 2.712623119354248 0.8480291962623596 
2.5909459590911865 3.050661087036133 0.34760355949401855 2.7030575275421143 0.8569252490997314 
2.531620979309082 3.0118680000305176 0.343781054019928 2.6680870056152344 0.8500757217407227 
2.6092207431793213 3.0323891639709473 0.3368830680847168 2.6955060958862305 0.8282480239868164 
2.548095703125 3.0349173545837402 0.3386763632297516 2.6962409019470215 0.8324801921844482 
2.4679274559020996 3.0080957412719727 0.33992689847946167 2.6681690216064453 0.8390599489212036 
2.704235792160034 3.0482568740844727 0.3446446657180786 2.7036120891571045 0.8481262922286987 
2.46994686126709 3.037717342376709 0.33544278144836426 2.702274799346924 0.8235685229301453 
2.4679598808288574 3.0387179851531982 0.3300013840198517 2.708716869354248 0.807505190372467 
2.8268392086029053 3.054745674133301 0.35148072242736816 2.7032651901245117 0.86714768409729 
2.388172149658203 3.0353293418884277 0.3372425436973572 2.698086738586426 0.8278190493583679 
2.498126983642578 3.047609329223633 0.3329170048236847 2.7146921157836914 0.8145807981491089 
2.577092170715332 3.048180103302002 0.33869045972824097 2.709489345550537 0.8311997652053833 
2.495136260986328 3.054110288619995 0.3458669185638428 2.7082433700561523 0.8505481481552124 
2.339580535888672 3.0220730304718018 0.3326185643672943 2.6894545555114746 0.8157251477241516 
2.6945526599884033 3.0589210987091064 0.35210853815078735 2.7068123817443848 0.8681608438491821 
2.6390421390533447 3.05096435546875 0.34599220752716064 2.704972267150879 0.8523005247116089 
2.457951068878174 3.035804271697998 0.3363364040851593 2.6994681358337402 0.8255350589752197 
2.528231143951416 3.0438361167907715 0.3426983952522278 2.7011377811431885 0.8429540991783142 
2.763113498687744 3.057112216949463 0.3468873202800751 2.7102251052856445 0.8544431924819946 
2.3632073402404785 3.0415773391723633 0.3291987180709839 2.71237850189209 0.804832398891449 
2.4656569957733154 3.036860466003418 0.3196359872817993 2.717224597930908 0.7779436111450195 
2.7144598960876465 3.0586509704589844 0.3533022999763489 2.7053487300872803 0.8725963234901428 
2.863464832305908 3.059352159500122 0.3602597117424011 2.699092388153076 0.8923414945602417 
2.746734142303467 3.059692859649658 0.3586767017841339 2.7010161876678467 0.8879901766777039 
2.7672061920166016 3.065131664276123 0.3601458966732025 2.7049858570098877 0.8914999961853027 
2.6853179931640625 3.064481019973755 0.35723912715911865 2.707242012023926 0.8828768134117126 
2.364410877227783 3.04654860496521 0.33985549211502075 2.706693172454834 0.8350136280059814 
2.692953109741211 3.0673270225524902 0.35390621423721313 2.713420867919922 0.872830867767334 
2.334001302719116 3.0262017250061035 0.3415152430534363 2.6846864223480225 0.8412548899650574 
2.232832908630371 3.0394628047943115 0.31460022926330566 2.724862575531006 0.7630161046981812 
2.8104071617126465 3.0576910972595215 0.34470033645629883 2.7129907608032227 0.8478847742080688 
2.5743303298950195 3.0379738807678223 0.34930360317230225 2.6886701583862305 0.8633275032043457 
2.6648342609405518 3.018080234527588 0.3473619818687439 2.670718193054199 0.8592174053192139 
2.7491838932037354 3.0258049964904785 0.340539813041687 2.685265064239502 0.8393430709838867 
2.8039679527282715 3.043355941772461 0.35220867395401 2.6911473274230957 0.8706333041191101 
2.6415491104125977 3.0524091720581055 0.3358156085014343 2.7165935039520264 0.82322096824646 
2.4659342765808105 3.0315299034118652 0.33517253398895264 2.6963577270507812 0.8223768472671509 
2.596864700317383 3.046271800994873 0.3392346501350403 2.7070374488830566 0.8325573205947876 
2.475097179412842 3.041111469268799 0.3455541133880615 2.6955573558807373 0.8511480093002319 
2.390049695968628 3.0226922035217285 0.31325870752334595 2.7094335556030273 0.760500431060791 
2.4812145233154297 3.0433874130249023 0.33684831857681274 2.7065391540527344 0.8253077864646912 
2.4267001152038574 3.041043758392334 0.33522704243659973 2.7058165073394775 0.8213169574737549 
2.619479179382324 3.0511415004730225 0.3438494801521301 2.707292079925537 0.8460123538970947 
2.6541032791137695 3.0437991619110107 0.3404502272605896 2.7033491134643555 0.8363673090934753 
2.7056350708007812 3.0535783767700195 0.3434954583644867 2.7100830078125 0.8448653817176819 
2.466362953186035 3.0528650283813477 0.34934771060943604 2.703517436981201 0.8619787693023682 
2.4321861267089844 3.0489892959594727 0.3515249490737915 2.6974642276763916 0.8689099550247192 
2.466670513153076 3.04011607170105 0.35202664136886597 2.688089370727539 0.8710322976112366 
2.4972968101501465 3.0285892486572266 0.3460196256637573 2.682569742202759 0.8546665906906128 
2.539808988571167 3.0460586547851562 0.351738303899765 2.6943206787109375 0.8693298101425171 
2.214479446411133 3.017338752746582 0.33769816160202026 2.679640769958496 0.8316615223884583 
2.4648869037628174 3.0220301151275635 0.34712907671928406 2.674901008605957 0.8582955598831177 
2.942070722579956 3.059746742248535 0.35341331362724304 2.7063331604003906 0.8732229471206665 
2.323669910430908 3.0191855430603027 0.3343411386013031 2.684844493865967 0.8204593062400818 
2.505314588546753 3.028550863265991 0.3387223482131958 2.689828395843506 0.8322150111198425 
2.311065912246704 3.008603096008301 0.33748915791511536 2.671113967895508 0.8315187096595764 
2.307631492614746 3.015491485595703 0.3358255624771118 2.6796655654907227 0.8262664675712585 
2.428402900695801 2.999706745147705 0.3349679708480835 2.664738655090332 0.8247315883636475 
2.48567533493042 3.036937952041626 0.3351597189903259 2.7017781734466553 0.8223602175712585 
2.4017603397369385 3.0099070072174072 0.33926284313201904 2.6706440448760986 0.8358016014099121 
2.463022470474243 3.0103609561920166 0.3401930630207062 2.670167922973633 0.8393065929412842 
2.492940902709961 3.004467725753784 0.33606064319610596 2.6684069633483887 0.8272831439971924 
2.4781055450439453 3.021306037902832 0.3415164351463318 2.6797895431518555 0.842371940612793 
2.654416084289551 3.0092921257019043 0.3321534991264343 2.6771388053894043 0.8170613050460815 
2.4406652450561523 3.009263515472412 0.3363771438598633 2.6728861331939697 0.8284879922866821 
2.627593994140625 3.0175113677978516 0.32957106828689575 2.6879403591156006 0.808408796787262 
2.8239192962646484 3.039592742919922 0.33638903498649597 2.7032036781311035 0.8256075382232666 
2.4409189224243164 3.0449373722076416 0.32781243324279785 2.7171249389648438 0.8004229664802551 
2.4986913204193115 3.0456981658935547 0.32638227939605713 2.719316005706787 0.7960246801376343 
2.52842116355896 3.042027473449707 0.33767664432525635 2.7043509483337402 0.8286738395690918 
2.5534398555755615 3.041443109512329 0.33055323362350464 2.7108898162841797 0.8081992864608765 
2.4149208068847656 3.0379605293273926 0.34836679697036743 2.68959379196167 0.8596267700195312 
2.431920051574707 3.047152519226074 0.3366279602050781 2.710524559020996 0.8251901268959045 
2.8907716274261475 3.0736427307128906 0.3480350971221924 2.725607395172119 0.8557016849517822 
3.008747100830078 3.068784236907959 0.339946985244751 2.728837251663208 0.8328285813331604 
2.727994203567505 3.054410696029663 0.35681721568107605 2.6975934505462646 0.8830244541168213 
2.5770859718322754 3.070361852645874 0.3595050573348999 2.7108564376831055 0.8888643980026245 
2.6201870441436768 3.063551425933838 0.3470667004585266 2.716484785079956 0.8533922433853149 
2.6231164932250977 3.0550243854522705 0.33876311779022217 2.716261148452759 0.8305458426475525 
2.305921792984009 3.03732967376709 0.3457256555557251 2.691603899002075 0.8525252342224121 
2.401569366455078 3.040424108505249 0.34271425008773804 2.6977100372314453 0.8428159952163696 
2.4757750034332275 3.035357713699341 0.3315664529800415 2.7037911415100098 0.8119879364967346 
2.5217885971069336 3.050574541091919 0.33920004963874817 2.711374282836914 0.8322891592979431 
2.4476959705352783 3.0410070419311523 0.34792912006378174 2.69307804107666 0.858137845993042 
2.411670446395874 3.016385555267334 0.3350123465061188 2.681373357772827 0.8231257796287537 
2.5713930130004883 3.030923366546631 0.33776968717575073 2.6931536197662354 0.8310545682907104 
2.6957168579101562 3.0445947647094727 0.3482876121997833 2.6963071823120117 0.8591124415397644 
2.7160496711730957 3.0354552268981934 0.351154625415802 2.6843008995056152 0.8682940006256104 
2.647078037261963 3.050689220428467 0.3557685613632202 2.694920539855957 0.8803486824035645 
2.853813886642456 3.065241813659668 0.34511247277259827 2.7201290130615234 0.8478349447250366 
2.8484601974487305 3.056326389312744 0.35505229234695435 2.7012739181518555 0.8777559995651245 
2.7523207664489746 3.0543630123138428 0.35647404193878174 2.6978888511657715 0.8821207284927368 
2.588876724243164 3.0539193153381348 0.3426475524902344 2.7112717628479004 0.8416274785995483 
2.470778703689575 3.0431621074676514 0.3447621166706085 2.6984000205993652 0.8486918210983276 
2.6123790740966797 3.056180715560913 0.3504849672317505 2.705695867538452 0.8638613820075989 
2.65834903717041 3.0579965114593506 0.34041154384613037 2.7175850868225098 0.8349345922470093 
2.6386523246765137 3.068425416946411 0.3464549779891968 2.721970558166504 0.8508665561676025 
2.340890884399414 3.0392441749572754 0.32680726051330566 2.7124366760253906 0.7979164123535156 
2.516385316848755 3.046168327331543 0.3331678509712219 2.713000774383545 0.8153146505355835 
2.6333558559417725 3.0703632831573486 0.3498464822769165 2.7205166816711426 0.8606764078140259 
2.5750701427459717 3.0494637489318848 0.3431287705898285 2.7063353061676025 0.8436228036880493 
2.5273642539978027 3.0500094890594482 0.34117618203163147 2.7088332176208496 0.8385250568389893 
2.673851251602173 3.0645594596862793 0.3531409204006195 2.711418390274048 0.8715183734893799 
2.4499447345733643 3.048903703689575 0.3396165370941162 2.709287166595459 0.8347277641296387 
2.7480430603027344 3.0481202602386475 0.34575751423835754 2.7023630142211914 0.8520936965942383 
2.5943424701690674 3.0503604412078857 0.3201448321342468 2.730215549468994 0.7789667844772339 
2.7644097805023193 3.0651655197143555 0.3339495360851288 2.7312159538269043 0.8161990642547607 
2.535163164138794 3.0408363342285156 0.3413076102733612 2.699528694152832 0.8397668600082397 
2.735245704650879 3.052910804748535 0.342763751745224 2.710146903991699 0.8426879644393921 
2.5546071529388428 3.046752452850342 0.341031938791275 2.7057204246520996 0.8381488919258118 
2.33895206451416 3.035712718963623 0.3381724953651428 2.697539806365967 0.8305308222770691 
2.3278536796569824 3.0441384315490723 0.3186630606651306 2.725475311279297 0.7745506763458252 
2.518320083618164 3.0577454566955566 0.35500502586364746 2.70274019241333 0.8776165246963501 
2.495556354522705 3.0452423095703125 0.34808221459388733 2.697160243988037 0.8583682775497437 
2.6020641326904297 3.0496907234191895 0.34908798336982727 2.7006030082702637 0.8611729145050049 
2.506227970123291 3.0286622047424316 0.3459714651107788 2.6826906204223633 0.8534132242202759 
2.432122230529785 3.0259780883789062 0.34999942779541016 2.675978660583496 0.866040825843811 
2.6491622924804688 3.041884660720825 0.35377368330955505 2.688110828399658 0.8754757642745972 
2.612483024597168 3.0378365516662598 0.3575965166091919 2.680239677429199 0.8864381313323975 
2.675945997238159 3.0409629344940186 0.3432847857475281 2.6976780891418457 0.8445597290992737 
2.6866579055786133 3.030261278152466 0.3526639938354492 2.6775972843170166 0.8735885620117188 
2.586106777191162 3.037440299987793 0.3455365002155304 2.691903591156006 0.8526185154914856 
2.411928176879883 3.0193445682525635 0.3472155034542084 2.6721291542053223 0.8582351207733154 
2.7693898677825928 3.0527102947235107 0.34277206659317017 2.7099380493164062 0.8422976732254028 
2.3587188720703125 3.008800983428955 0.31802132725715637 2.690779447555542 0.7760703563690186 
2.397395610809326 3.0258891582489014 0.321641206741333 2.7042479515075684 0.7846031785011292 
2.5017526149749756 3.0331387519836426 0.3332560360431671 2.699882984161377 0.8165340423583984 
2.5681827068328857 3.0433359146118164 0.3402867317199707 2.7030489444732666 0.8362689018249512 
2.410642147064209 3.021329402923584 0.34185343980789185 2.679476022720337 0.842981219291687 
2.704576015472412 3.026121139526367 0.34300345182418823 2.683117389678955 0.8450421094894409 
2.4272847175598145 3.022390604019165 0.32858824729919434 2.6938023567199707 0.8045318722724915 
2.5421528816223145 3.0298824310302734 0.33940619230270386 2.690476179122925 0.8349473476409912 
2.5194239616394043 3.052520751953125 0.3491916060447693 2.703329086303711 0.8610661029815674 
2.5376899242401123 3.0605721473693848 0.35262200236320496 2.7079501152038574 0.8704478740692139 
2.601043701171875 3.060716152191162 0.3454897105693817 2.715226173400879 0.8494765162467957 
2.706888198852539 3.0605061054229736 0.3415059745311737 2.7190001010894775 0.8380821943283081 
2.3291711807250977 3.023402690887451 0.3322772979736328 2.6911253929138184 0.8159813284873962 
2.8733062744140625 3.072183609008789 0.36615002155303955 2.706033706665039 0.9086549282073975 
2.571732997894287 3.0365192890167236 0.34902191162109375 2.68749737739563 0.8619644641876221 
2.6440210342407227 3.057978630065918 0.33824622631073 2.7197325229644775 0.8288424015045166 
2.6624040603637695 3.0324511528015137 0.3438315987586975 2.688619613647461 0.847266674041748 
2.269073963165283 3.0181007385253906 0.33972012996673584 2.6783804893493652 0.8367813229560852 
2.726010799407959 3.054105758666992 0.35064175724983215 2.7034640312194824 0.8643139004707336 
2.677428960800171 3.054705858230591 0.3404812216758728 2.7142248153686523 0.8357444405555725 
2.593071460723877 3.049839496612549 0.35398030281066895 2.695859432220459 0.8744602203369141 
2.60683012008667 3.0559279918670654 0.34199485182762146 2.713932991027832 0.8398036956787109 
2.6126208305358887 3.0519537925720215 0.3314378261566162 2.720515727996826 0.8094070553779602 
2.4518256187438965 3.0514822006225586 0.338877409696579 2.7126047611236572 0.8307037353515625 
2.450408935546875 3.0210022926330566 0.3460265100002289 2.674975872039795 0.8547091484069824 
2.7346410751342773 3.0478200912475586 0.34597331285476685 2.7018465995788574 0.8522534966468811 
2.471144914627075 3.0259664058685303 0.349526047706604 2.6764402389526367 0.8641318082809448 
2.5903265476226807 3.0510871410369873 0.3478545546531677 2.703232526779175 0.8571246862411499 
2.4892473220825195 3.048621654510498 0.349303662776947 2.6993179321289062 0.8615332841873169 
2.3381152153015137 3.0355384349823 0.34460029006004333 2.6909382343292236 0.8497778177261353 
2.1791138648986816 3.0000078678131104 0.33704954385757446 2.6629581451416016 0.8302286267280579 
2.611306667327881 3.0438971519470215 0.35282886028289795 2.691068172454834 0.871963381767273 
2.4827494621276855 3.0355722904205322 0.3200228810310364 2.7155494689941406 0.7794690728187561 
2.3457870483398438 3.007845401763916 0.3334949314594269 2.6743502616882324 0.8201721906661987 
2.497267246246338 3.0177531242370605 0.3249295651912689 2.6928234100341797 0.7948976755142212 
2.298151731491089 3.0199522972106934 0.3240515887737274 2.6959006786346436 0.7921499013900757 
2.432567596435547 3.019010066986084 0.3328651785850525 2.6861445903778076 0.8179696202278137 
2.686055898666382 3.0423076152801514 0.3479229807853699 2.6943845748901367 0.8590487241744995 
2.6252620220184326 3.0242865085601807 0.33681726455688477 2.687469482421875 0.8286434412002563 
2.4219532012939453 3.0340051651000977 0.3343203365802765 2.6996846199035645 0.8198180198669434 
2.509312152862549 3.0229926109313965 0.34145766496658325 2.681535243988037 0.8418911695480347 
2.5293445587158203 3.034973621368408 0.3453156650066376 2.6896579265594482 0.8508139252662659 
2.2891087532043457 3.0237808227539062 0.34600576758384705 2.6777749061584473 0.8550626635551453 
2.3581371307373047 3.031538963317871 0.33406028151512146 2.697478771209717 0.8196882009506226 
2.657538652420044 3.0455474853515625 0.3422549366950989 2.7032926082611084 0.8416844606399536 
2.5013914108276367 3.0401227474212646 0.3656467795372009 2.67447566986084 0.9099023342132568 
2.6658222675323486 3.0434513092041016 0.36435040831565857 2.67910099029541 0.9061283469200134 
2.348386764526367 3.0303120613098145 0.3534877300262451 2.6768245697021484 0.8765711784362793 
2.3739171028137207 3.005747079849243 0.3501068949699402 2.6556403636932373 0.8685418367385864 
2.7004969120025635 3.034085273742676 0.35662364959716797 2.677461862564087 0.884833812713623 
2.6977720260620117 3.0371475219726562 0.3497655987739563 2.6873817443847656 0.8645304441452026 
2.556633949279785 3.0086214542388916 0.3414173126220703 2.6672041416168213 0.8423289656639099 
2.5953550338745117 3.0414583683013916 0.3449411690235138 2.6965172290802 0.8501037955284119 
2.4295406341552734 3.031388521194458 0.33703455328941345 2.6943538188934326 0.8279069066047668 
2.2661080360412598 3.036398410797119 0.333158940076828 2.7032394409179688 0.8161958456039429 
2.547173500061035 3.0213723182678223 0.33551356196403503 2.6858584880828857 0.8243643641471863 
2.19771671295166 2.990297794342041 0.3244970440864563 2.6658008098602295 0.7955268621444702 
2.187169075012207 3.020353078842163 0.30156558752059937 2.718787431716919 0.7282608151435852 
2.3822827339172363 2.9967269897460938 0.32784605026245117 2.6688809394836426 0.8049914836883545 
2.5007824897766113 2.993056297302246 0.33697885274887085 2.6560776233673096 0.8315416574478149 
2.2047388553619385 2.9700112342834473 0.33455172181129456 2.6354598999023438 0.8268040418624878 
2.4471006393432617 2.9871859550476074 0.3330160975456238 2.6541695594787598 0.8203010559082031 
2.4287915229797363 2.9751925468444824 0.34644412994384766 2.6287484169006348 0.8602547645568848 
2.5807886123657227 2.994434356689453 0.35022109746932983 2.6442131996154785 0.8690040111541748 
2.8252663612365723 3.011587619781494 0.3525630831718445 2.659024715423584 0.8757452964782715 
2.6500844955444336 3.0078930854797363 0.3410293161869049 2.6668639183044434 0.8413869738578796 
2.575441837310791 3.014780282974243 0.3353498876094818 2.6794304847717285 0.82550048828125 
2.3987646102905273 3.0169551372528076 0.34117165207862854 2.675783634185791 0.8405367732048035 
2.693131685256958 3.0352768898010254 0.3422620892524719 2.6930150985717773 0.8427472710609436 
2.478666305541992 3.03763484954834 0.3284239172935486 2.7092108726501465 0.8020153045654297 
2.6600518226623535 3.0526113510131836 0.33967024087905884 2.7129411697387695 0.8327282071113586 
2.3947572708129883 3.0296521186828613 0.33670610189437866 2.692945957183838 0.8264086246490479 
2.3890490531921387 3.0508835315704346 0.3435589671134949 2.707324266433716 0.8446245193481445 
2.5662665367126465 3.048367738723755 0.34667468070983887 2.701693058013916 0.8533188700675964 
2.5770339965820312 3.0536937713623047 0.3544400930404663 2.699253559112549 0.8752618432044983 
2.425673007965088 3.0315897464752197 0.347469687461853 2.6841201782226562 0.8575505018234253 
2.6663100719451904 3.0609612464904785 0.34487035870552063 2.7160911560058594 0.8484583497047424 
2.3592326641082764 3.022193193435669 0.3388097584247589 2.6833834648132324 0.8342465162277222 
2.685117721557617 3.0451300144195557 0.3405575454235077 2.7045724391937256 0.8369247913360596 
2.392488956451416 3.025409698486328 0.3354107737541199 2.6899991035461426 0.8236721754074097 
2.478069305419922 3.0244357585906982 0.3385227918624878 2.6859130859375 0.8328909873962402 
2.6086654663085938 3.0362343788146973 0.34456416964530945 2.6916704177856445 0.8496780395507812 
2.595066547393799 3.0346312522888184 0.343947172164917 2.6906840801239014 0.847442626953125 
2.539639949798584 3.031888484954834 0.33208492398262024 2.699803590774536 0.8138901591300964 
2.4434115886688232 3.0160603523254395 0.33328938484191895 2.6827707290649414 0.8186608552932739 
2.7250616550445557 3.021146297454834 0.3420600891113281 2.679086208343506 0.8438431024551392 
2.355687141418457 3.0170836448669434 0.32909712195396423 2.6879868507385254 0.8062968850135803 
2.625011920928955 3.0472042560577393 0.34958183765411377 2.697622537612915 0.8623273968696594 
2.4239723682403564 3.0473122596740723 0.3392006456851959 2.7081117630004883 0.8327818512916565 
2.619415521621704 3.0284862518310547 0.3458446264266968 2.6826415061950684 0.8526110053062439 
2.610701560974121 3.0400755405426025 0.3418372869491577 2.6982383728027344 0.8412951231002808 
2.521602153778076 3.020376205444336 0.3333694338798523 2.687006950378418 0.8179669380187988 
2.638253688812256 3.0431385040283203 0.340658038854599 2.7024805545806885 0.8369913101196289 
2.5602359771728516 3.0173773765563965 0.325491726398468 2.691885471343994 0.7953542470932007 
2.4457755088806152 3.0325303077697754 0.34694910049438477 2.6855812072753906 0.8562315702438354 
2.377716541290283 3.044503688812256 0.34693413972854614 2.6975693702697754 0.8554787635803223 
2.4788990020751953 3.0577943325042725 0.35212552547454834 2.7056689262390137 0.8689603805541992 
3.026766300201416 3.0601210594177246 0.35433271527290344 2.7057881355285645 0.8756285905838013 
2.5437464714050293 3.029453754425049 0.3401939868927002 2.6892597675323486 0.8374372124671936 
2.901775360107422 3.0526790618896484 0.35432708263397217 2.698352098464966 0.8763800859451294 
2.7752270698547363 3.041191577911377 0.3552028238773346 2.6859889030456543 0.8794342875480652 
2.7014694213867188 3.046382427215576 0.33666539192199707 2.709717035293579 0.8253583908081055 
2.521651268005371 3.0384767055511475 0.34203091263771057 2.6964457035064697 0.8412284255027771 
2.426551342010498 3.0367870330810547 0.3395507335662842 2.6972365379333496 0.8344122767448425 
2.5981857776641846 3.0672028064727783 0.35351577401161194 2.7136871814727783 0.8716699481010437 
2.462001323699951 3.0568742752075195 0.3490663468837738 2.707808017730713 0.8593041300773621 
2.5107455253601074 3.054442882537842 0.3471025228500366 2.7073402404785156 0.8541947603225708 
2.5560970306396484 3.047048807144165 0.3386118412017822 2.708436965942383 0.8308471441268921 
2.42293643951416 3.0538392066955566 0.3426564335823059 2.7111828327178955 0.8416067361831665 
2.704087734222412 3.054603099822998 0.32869961857795715 2.7259035110473633 0.8014647364616394 
2.4797418117523193 3.04048490524292 0.34118402004241943 2.69930100440979 0.839111328125 
2.536834716796875 3.047950506210327 0.33646905422210693 2.7114815711975098 0.8255288600921631 
2.4636735916137695 3.043302059173584 0.3434380888938904 2.699863910675049 0.8455554842948914 
2.4215734004974365 3.0180301666259766 0.3410364091396332 2.6769938468933105 0.8400665521621704 
3.1937315464019775 3.0793814659118652 0.3616473376750946 2.717733860015869 0.8940773010253906 
2.7474899291992188 3.054490089416504 0.34623515605926514 2.708254814147949 0.8522293567657471 
2.5312957763671875 3.0136473178863525 0.3287554979324341 2.684891700744629 0.8059924840927124 
2.6425414085388184 3.059011936187744 0.3342430293560028 2.724768877029419 0.8173191547393799 
2.695302724838257 3.050266742706299 0.3444776237010956 2.705789089202881 0.8467137813568115 
2.5553195476531982 3.05283260345459 0.34141606092453003 2.711416721343994 0.8383821249008179 
2.770638942718506 3.049783706665039 0.3396036624908447 2.7101800441741943 0.8326816558837891 
2.877931594848633 3.057380437850952 0.35217419266700745 2.7052063941955566 0.8685328364372253 
2.709045886993408 3.0773372650146484 0.3447254002094269 2.732612133026123 0.8458185195922852 
2.5984578132629395 3.0583577156066895 0.346662700176239 2.7116947174072266 0.8525160551071167 
2.7757415771484375 3.0776147842407227 0.355485737323761 2.7221288681030273 0.8764899969100952 
2.591071128845215 3.0730092525482178 0.354608952999115 2.718400239944458 0.8740740418434143 
2.4534988403320312 3.04124116897583 0.3552878499031067 2.685953140258789 0.8791773915290833 
2.7365126609802246 3.075456380844116 0.3509120047092438 2.7245445251464844 0.8624145984649658 
2.6743359565734863 3.07958984375 0.3536316752433777 2.7259583473205566 0.8701421618461609 
2.4610648155212402 3.0577030181884766 0.35292890667915344 2.7047741413116455 0.8706246614456177 
2.452113389968872 3.019965887069702 0.3337486684322357 2.6862173080444336 0.8190774917602539 
2.8831710815429688 3.069929599761963 0.36499398946762085 2.7049355506896973 0.9043564796447754 
2.567380905151367 3.0391907691955566 0.3507566452026367 2.68843412399292 0.8666318655014038 
2.621788263320923 3.0643510818481445 0.3570846915245056 2.707266330718994 0.8825352191925049 
2.927502155303955 3.0458884239196777 0.3550127148628235 2.690876007080078 0.8786324262619019 
2.5579166412353516 3.0666427612304688 0.34492337703704834 2.72171950340271 0.8474311232566833 
2.5737056732177734 3.0524840354919434 0.34123703837394714 2.711247444152832 0.8377622961997986 
2.748854160308838 3.0561065673828125 0.34476619958877563 2.7113401889801025 0.8480674028396606 
2.4804611206054688 3.0572476387023926 0.3440179228782654 2.7132294178009033 0.8455564975738525 
2.486098527908325 3.0518507957458496 0.3383457064628601 2.7135047912597656 0.8304372429847717 
2.6512198448181152 3.0712006092071533 0.3395945727825165 2.7316057682037354 0.8317583799362183 
2.590402841567993 3.0505189895629883 0.3390254080295563 2.711493492126465 0.8321652412414551 
2.509972095489502 3.0513930320739746 0.33151859045028687 2.719874382019043 0.8102239370346069 
2.5233819484710693 3.061400890350342 0.3371391296386719 2.72426176071167 0.8246203660964966 
2.631551504135132 3.0541176795959473 0.34831956028938293 2.7057981491088867 0.8576899766921997 
2.649599552154541 3.0550055503845215 0.3499806821346283 2.7050249576568604 0.8624626994132996 
2.5896100997924805 3.0407729148864746 0.34102413058280945 2.699748992919922 0.8391987085342407 
2.1596357822418213 3.0229034423828125 0.3349085748195648 2.687994956970215 0.822731614112854 
2.529439926147461 3.0391459465026855 0.3490021228790283 2.6901440620422363 0.8622757792472839 
2.4743735790252686 3.029315948486328 0.350511372089386 2.678804636001587 0.866951584815979 
2.6062943935394287 3.0426456928253174 0.3591111898422241 2.683534622192383 0.8912822604179382 
2.562812566757202 3.017148017883301 0.355643093585968 2.6615047454833984 0.8823544979095459 
2.5779759883880615 3.0243124961853027 0.3475903272628784 2.6767220497131348 0.8591430187225342 
2.718449592590332 3.0420854091644287 0.34737080335617065 2.6947145462036133 0.8570046424865723 
2.631439208984375 3.0173168182373047 0.348275363445282 2.669041156768799 0.8619550466537476 
2.429776906967163 3.0064339637756348 0.3401588797569275 2.6662747859954834 0.8393926024436951 
2.4470250606536865 3.01554799079895 0.33861345052719116 2.6769347190856934 0.8337435722351074 
2.5181407928466797 3.0288376808166504 0.33857816457748413 2.6902596950531006 0.8332390785217285 
2.4016923904418945 2.9883627891540527 0.3309377431869507 2.6574254035949707 0.813878059387207 
2.638744592666626 3.0325660705566406 0.3348426818847656 2.697723627090454 0.8216763138771057 
2.618267774581909 3.0429768562316895 0.3379462659358978 2.705030679702759 0.8294768333435059 
2.2138373851776123 2.984257459640503 0.31991416215896606 2.6643433570861816 0.7830804586410522 
2.450908660888672 3.0258431434631348 0.3325697183609009 2.6932730674743652 0.8155264854431152 
2.795590877532959 3.051970958709717 0.33982333540916443 2.7121477127075195 0.8344030380249023 
2.35505747795105 3.0313901901245117 0.33067572116851807 2.700714349746704 0.809146523475647 
2.5102603435516357 3.0338873863220215 0.34262263774871826 2.6912646293640137 0.8433218598365784 
2.726123332977295 3.0534250736236572 0.342037171125412 2.711388111114502 0.8399974703788757 
2.542926788330078 3.0598387718200684 0.351004034280777 2.708834648132324 0.8654160499572754 
2.659148931503296 3.049792766571045 0.34397584199905396 2.7058167457580566 0.8457988500595093 
2.477936267852783 3.052821636199951 0.3417530357837677 2.7110683917999268 0.839336633682251 
2.8060925006866455 3.0615901947021484 0.36087846755981445 2.700711727142334 0.893775224685669 
2.5283703804016113 3.0484230518341064 0.350823312997818 2.697599411010742 0.8661439418792725 
2.5610833168029785 3.052476406097412 0.360221266746521 2.6922550201416016 0.8927011489868164 
2.639519214630127 3.0412440299987793 0.34857040643692017 2.692673683166504 0.8598968982696533 
2.5814876556396484 3.0301513671875 0.352457195520401 2.677694320678711 0.8722448348999023 
2.716492176055908 3.0632643699645996 0.35561227798461914 2.7076518535614014 0.8782588839530945 
2.6158671379089355 3.064645767211914 0.3548705279827118 2.70977520942688 0.8756629228591919 
2.5428855419158936 3.0475335121154785 0.3563110828399658 2.6912224292755127 0.8825840950012207 
2.5841660499572754 3.048311233520508 0.34612107276916504 2.702190399169922 0.8528931140899658 
2.6059913635253906 3.0332932472229004 0.3478073179721832 2.68548583984375 0.8591752648353577 
2.375295400619507 3.0254597663879395 0.33637121319770813 2.6890883445739746 0.8259669542312622 
2.4979631900787354 3.03558611869812 0.32773202657699585 2.7078542709350586 0.8014144897460938 
2.639254570007324 3.04818058013916 0.3448736071586609 2.7033071517944336 0.8487396240234375 
2.3552088737487793 3.0311267375946045 0.3250657320022583 2.7060608863830566 0.7937384843826294 
2.5663881301879883 3.0454020500183105 0.34139513969421387 2.7040066719055176 0.838948130607605 
2.390362501144409 3.0413994789123535 0.34226468205451965 2.6991348266601562 0.8422415256500244 
2.3193368911743164 3.010511636734009 0.3412400782108307 2.66927170753479 0.8416082859039307 
2.4765851497650146 3.042360544204712 0.34814998507499695 2.6942105293273926 0.8588201999664307 
2.4629111289978027 3.037123203277588 0.34336215257644653 2.693761110305786 0.8457247018814087 
2.3895018100738525 3.038224220275879 0.3453950881958008 2.692829132080078 0.8512433767318726 
2.4179959297180176 3.023922920227051 0.33944687247276306 2.684475898742676 0.835032045841217 
2.7048544883728027 3.0165703296661377 0.3439500033855438 2.6726202964782715 0.8494880199432373 
2.3274569511413574 3.0015530586242676 0.34139493107795715 2.660158157348633 0.8430700302124023 
2.4259676933288574 3.0076990127563477 0.34608376026153564 2.6616153717041016 0.8562623262405396 
2.4398350715637207 2.990802049636841 0.3372936248779297 2.653508186340332 0.8324735164642334 
2.318988084793091 2.999082565307617 0.33665964007377625 2.6624231338500977 0.8290491700172424 
2.5380964279174805 3.029435634613037 0.3381197154521942 2.6913161277770996 0.8312796354293823 
2.2333319187164307 2.9951438903808594 0.3418732285499573 2.653270721435547 0.8454959392547607 
2.540639638900757 3.0034279823303223 0.33221372961997986 2.6712141036987305 0.8158929347991943 
2.4817423820495605 3.0171608924865723 0.34322527050971985 2.673935651779175 0.8471479415893555 
2.4738454818725586 3.0119054317474365 0.33946821093559265 2.6724371910095215 0.8373301029205322 
2.565798282623291 2.9908204078674316 0.3303845524787903 2.660435676574707 0.8114889860153198 
2.5346009731292725 3.024982452392578 0.34150001406669617 2.6834826469421387 0.8413863182067871 
2.3793201446533203 3.0223822593688965 0.3408149182796478 2.6815671920776367 0.839862048625946 
2.5102882385253906 3.036029577255249 0.34604117274284363 2.689988374710083 0.8531375527381897 
2.288395881652832 3.005298137664795 0.3308977782726288 2.6744003295898438 0.8126726150512695 
2.237539768218994 2.9986987113952637 0.3380272686481476 2.6606714725494385 0.8332079648971558 
2.752485990524292 3.032297372817993 0.34834909439086914 2.683948516845703 0.8602518439292908 
2.462446928024292 2.9936234951019287 0.33893802762031555 2.6546852588653564 0.8362605571746826 
2.5648374557495117 3.021312952041626 0.33736497163772583 2.683948040008545 0.8301770687103271 
2.6705732345581055 3.0428950786590576 0.33902105689048767 2.703874111175537 0.8325463533401489 
2.763012170791626 3.037655830383301 0.34476691484451294 2.6928892135620117 0.8498872518539429 
2.469388008117676 3.0382871627807617 0.3267349302768707 2.711552381515503 0.7980281114578247 
2.28639554977417 3.005108118057251 0.32229673862457275 2.6828112602233887 0.7882928252220154 
2.5927186012268066 3.0415782928466797 0.34358423948287964 2.6979942321777344 0.8456386923789978 
2.553821563720703 3.057675361633301 0.3469616174697876 2.7107136249542236 0.8531998991966248 
2.5223195552825928 3.0526275634765625 0.3438241183757782 2.708803415298462 0.8455300331115723 
2.6459686756134033 3.0638368129730225 0.34256047010421753 2.72127628326416 0.8410868644714355 
2.3397793769836426 3.0231661796569824 0.33726757764816284 2.685898542404175 0.8293797969818115 
2.655304431915283 3.0623998641967773 0.3442326784133911 2.718167304992676 0.8455660939216614 
2.3989434242248535 3.050553560256958 0.3422468900680542 2.7083065509796143 0.8414867520332336 
2.565631866455078 3.042884349822998 0.34299811720848083 2.6998863220214844 0.8436928391456604 
2.553335666656494 3.040806770324707 0.3396422266960144 2.7011642456054688 0.8353561162948608 
2.473572254180908 3.0142698287963867 0.32797977328300476 2.6862902641296387 0.8030440211296082 
2.6057817935943604 3.009320020675659 0.3475879430770874 2.6617321968078613 0.8604783415794373 
2.346952438354492 3.0306339263916016 0.318585067987442 2.7120490074157715 0.7752289772033691 
2.3883309364318848 3.040778636932373 0.32217592000961304 2.7186026573181152 0.7851210236549377 
2.3934082984924316 3.033607006072998 0.36639273166656494 2.6672143936157227 0.9136002063751221 
2.58018159866333 3.017954111099243 0.3535500168800354 2.6644041538238525 0.8770805597305298 
2.859518527984619 3.048177719116211 0.36938825249671936 2.6787891387939453 0.921455979347229 
2.4763262271881104 3.0045828819274902 0.36157089471817017 2.643012046813965 0.9014738202095032 
2.6162736415863037 3.0464093685150146 0.3655800223350525 2.6808295249938965 0.90966796875 
2.8704936504364014 3.0141282081604004 0.35597094893455505 2.6581573486328125 0.8847926259040833 
2.4916696548461914 3.0051474571228027 0.34079509973526 2.6643524169921875 0.8409671783447266 
2.4018354415893555 3.003054141998291 0.3434407114982605 2.659613609313965 0.8486199378967285 
2.2693159580230713 3.0053091049194336 0.32846173644065857 2.676847457885742 0.8048697710037231 
2.7215991020202637 3.034669876098633 0.33979761600494385 2.6948723793029785 0.8347091674804688 
2.4499387741088867 3.0169239044189453 0.33149975538253784 2.685424327850342 0.812691330909729 
2.5503058433532715 3.0412211418151855 0.3428683876991272 2.698352575302124 0.8427171111106873 
2.4132752418518066 3.004429340362549 0.33718568086624146 2.667243719100952 0.8297258615493774 
2.655066967010498 3.0323216915130615 0.337303102016449 2.695018768310547 0.8275448083877563 
2.4784340858459473 3.032013416290283 0.33118560910224915 2.7008278369903564 0.8107476234436035 
2.2198781967163086 3.0177688598632812 0.33069008588790894 2.6870789527893066 0.8106796145439148 
2.3692941665649414 3.010981559753418 0.3368198275566101 2.674161434173584 0.828620433807373 
2.256030321121216 2.99635648727417 0.32580044865608215 2.67055606842041 0.7990513443946838 
2.6415655612945557 3.030038356781006 0.3415027856826782 2.688535690307617 0.8409866094589233 
2.5909643173217773 3.0206940174102783 0.3470439612865448 2.673650026321411 0.8576494455337524 
2.4400272369384766 3.0259861946105957 0.3474787473678589 2.6785073280334473 0.8581346869468689 
2.651559591293335 3.0348548889160156 0.3379564881324768 2.6968984603881836 0.8307673931121826 
2.316390037536621 3.025425434112549 0.34297263622283936 2.68245267868042 0.8450473546981812 
2.636523962020874 3.0434489250183105 0.33683541417121887 2.706613540649414 0.8260785937309265 
2.8047027587890625 3.0494415760040283 0.3478948473930359 2.7015469074249268 0.8579120635986328 
2.6705174446105957 3.041236639022827 0.3408728241920471 2.700363874435425 0.8372484445571899 
2.5000967979431152 3.0492262840270996 0.34146982431411743 2.707756519317627 0.839155912399292 
2.4424099922180176 3.0548653602600098 0.3347259759902954 2.720139503479004 0.8185867071151733 
2.4691267013549805 3.0328311920166016 0.3291993737220764 2.703631639480591 0.8053539991378784 
2.5169789791107178 3.0408589839935303 0.34271642565727234 2.6981425285339355 0.8434484004974365 
2.4925734996795654 3.03353214263916 0.3418199121952057 2.691711902618408 0.8415663838386536 
2.42268443107605 3.044935703277588 0.33052879571914673 2.714406728744507 0.8078151941299438 
2.5118837356567383 3.0424981117248535 0.3505523204803467 2.6919455528259277 0.8656094074249268 
2.6805412769317627 3.0554251670837402 0.349888414144516 2.7055366039276123 0.8626158237457275 
2.5856494903564453 3.0387909412384033 0.35233408212661743 2.6864566802978516 0.8711609840393066 
2.737419843673706 3.0553040504455566 0.3546845316886902 2.7006192207336426 0.8768592476844788 
2.8779072761535645 3.0612382888793945 0.3607577085494995 2.7004804611206055 0.8943724632263184 
2.809006690979004 3.051976203918457 0.3616083860397339 2.6903676986694336 0.896898090839386 
3.173682689666748 3.052781105041504 0.35586822032928467 2.6969127655029297 0.8805090188980103 
2.5388331413269043 3.028548002243042 0.34160083532333374 2.6869473457336426 0.8413311243057251 
2.5476131439208984 3.0580694675445557 0.3491634130477905 2.7089061737060547 0.860214352607727 
2.5712904930114746 3.0587475299835205 0.3445715606212616 2.7141759395599365 0.8465272188186646 
2.339888334274292 3.032822608947754 0.3255940079689026 2.707228660583496 0.7945361137390137 
2.34153413772583 3.049692392349243 0.3459821939468384 2.7037100791931152 0.8511172533035278 
2.534736156463623 3.0362024307250977 0.33399391174316406 2.7022085189819336 0.8181040287017822 
2.6892666816711426 3.046609878540039 0.3432910442352295 2.7033188343048096 0.8435773849487305 
2.2993388175964355 3.032235860824585 0.34762006998062134 2.6846156120300293 0.858096718788147 
2.8324460983276367 3.0483903884887695 0.35340702533721924 2.69498348236084 0.8728126287460327 
2.5444464683532715 3.0283026695251465 0.3514649271965027 2.676837921142578 0.8696091175079346 
2.633894205093384 3.035379409790039 0.3488404154777527 2.6865386962890625 0.8605942726135254 
2.5969486236572266 3.0335192680358887 0.346530556678772 2.686988592147827 0.8548263311386108 
2.6641976833343506 3.047715187072754 0.35718217492103577 2.69053316116333 0.8843704462051392 
2.3334197998046875 3.011202812194824 0.340133935213089 2.6710686683654785 0.8385820388793945 
2.454676628112793 3.0182337760925293 0.3402181565761566 2.67801570892334 0.8382735252380371 
2.68820858001709 3.029508590698242 0.344760000705719 2.684748649597168 0.8502748608589172 
2.2449841499328613 3.0060412883758545 0.328911155462265 2.6771302223205566 0.8069879412651062 
2.289405584335327 2.987739086151123 0.32334089279174805 2.664398193359375 0.7916896343231201 
2.3438544273376465 3.0112006664276123 0.3298879861831665 2.6813127994537354 0.8089817762374878 
2.1827447414398193 2.9889450073242188 0.33205097913742065 2.6568939685821533 0.8167471885681152 
2.262566328048706 2.9899375438690186 0.325848788022995 2.664088726043701 0.7989482283592224 
2.7649497985839844 3.017848014831543 0.3526935875415802 2.665154457092285 0.8745309710502625 
2.650890827178955 3.032243490219116 0.33792683482170105 2.694316864013672 0.8309579491615295 
2.6299092769622803 3.0058066844940186 0.3483429551124573 2.657463788986206 0.8638845682144165 
2.5665926933288574 3.0185956954956055 0.3596203029155731 2.658975124359131 0.894478440284729 
2.5872366428375244 2.993213415145874 0.3490058183670044 2.64420747756958 0.8660728931427002 
2.5729727745056152 3.009242296218872 0.34634315967559814 2.6628992557525635 0.856590986251831 
2.5342397689819336 3.0351715087890625 0.33881139755249023 2.696359872817993 0.8326543569564819 
2.392615556716919 3.003807544708252 0.331808477640152 2.671999216079712 0.8149040937423706 
2.3949780464172363 3.000412940979004 0.3305453956127167 2.669867515563965 0.811589241027832 
2.566337823867798 3.0395030975341797 0.3142673373222351 2.725235939025879 0.7625144720077515 
2.2845749855041504 3.0167808532714844 0.3279324173927307 2.6888484954833984 0.802683413028717 
2.5720174312591553 3.028687000274658 0.34131309390068054 2.687373638153076 0.8394307494163513 
2.395580291748047 3.0135231018066406 0.3370692729949951 2.6764538288116455 0.8292078971862793 
2.46040415763855 3.0332062244415283 0.3370742201805115 2.696131944656372 0.8278083205223083 
2.495912790298462 3.0274457931518555 0.3442814350128174 2.683164119720459 0.8492221832275391 
2.632883071899414 3.039344072341919 0.3532122075557709 2.6861319541931152 0.8727343082427979 
2.4215404987335205 3.0348126888275146 0.33660176396369934 2.6982109546661377 0.8258239030838013 
2.485445022583008 3.014453887939453 0.35424482822418213 2.6602089405059814 0.8794710636138916 
2.695374011993408 3.029728889465332 0.35732272267341614 2.6724061965942383 0.8862677812576294 
2.7537782192230225 3.039621353149414 0.35575687885284424 2.6838643550872803 0.8807039856910706 
2.424212694168091 3.022604465484619 0.34527337551116943 2.67733097076416 0.8519040942192078 
2.5217506885528564 3.046776294708252 0.3564600646495819 2.6903162002563477 0.8819586634635925 
2.5450491905212402 3.0363683700561523 0.354243665933609 2.682124614715576 0.8767063617706299 
2.548611640930176 3.038400888442993 0.33420807123184204 2.704193115234375 0.8190654516220093 
2.4400875568389893 3.022854804992676 0.33030053973197937 2.692554235458374 0.8090536594390869 
2.5822129249572754 3.047699213027954 0.3438301384449005 2.703869342803955 0.8452085256576538 
2.682358741760254 3.014435291290283 0.33558571338653564 2.678849697113037 0.824822187423706 
2.466892957687378 3.036017417907715 0.33245009183883667 2.7035675048828125 0.8146570920944214 
2.424065589904785 3.0090785026550293 0.32079821825027466 2.6882805824279785 0.7827088832855225 
2.8169429302215576 3.0486388206481934 0.3379713296890259 2.710667610168457 0.8285210728645325 
2.4797563552856445 3.0130767822265625 0.33140188455581665 2.6816749572753906 0.8136935234069824 
2.5341262817382812 3.043447494506836 0.338706910610199 2.704740524291992 0.8314482569694519 
2.2954189777374268 3.0048866271972656 0.32368791103363037 2.681198835372925 0.791826069355011 
2.66772198677063 3.0643558502197266 0.3447229862213135 2.719632625579834 0.846781849861145 
2.4690585136413574 3.018383026123047 0.3473764657974243 2.671006679534912 0.8587985038757324 
2.5022897720336914 3.050123691558838 0.3567320704460144 2.6933913230895996 0.8830323815345764 
2.872891426086426 3.0697073936462402 0.3703552186489105 2.699352264404297 0.9206353425979614 
2.7689380645751953 3.0671777725219727 0.3532174229621887 2.7139604091644287 0.8710578680038452 
2.578554391860962 3.0319604873657227 0.34187132120132446 2.690089225769043 0.8412213325500488 
2.9835028648376465 3.0618069171905518 0.3551468849182129 2.706660032272339 0.8772619366645813 
2.6765518188476562 3.056770086288452 0.34701865911483765 2.709751605987549 0.8536477088928223 
2.667525053024292 3.0540175437927246 0.35649892687797546 2.697518825531006 0.8824015855789185 
2.701630115509033 3.0437822341918945 0.3523554503917694 2.6914267539978027 0.8712689280509949 
2.3876683712005615 3.0518546104431152 0.3561055064201355 2.695749282836914 0.8809949159622192 
2.6373887062072754 3.0517096519470215 0.3513238728046417 2.700385570526123 0.8669041395187378 
2.4153475761413574 3.0072379112243652 0.3338082730770111 2.673429489135742 0.8206342458724976 
2.5197370052337646 3.032487392425537 0.350328266620636 2.682159185409546 0.8661383390426636 
2.5261611938476562 3.0127835273742676 0.34575265645980835 2.6670308113098145 0.8545706272125244 
2.662837028503418 3.0474114418029785 0.3464316427707672 2.700979709625244 0.8531007170677185 
2.470158338546753 3.0380239486694336 0.3406069576740265 2.6974167823791504 0.8370325565338135 
2.467790126800537 3.0169830322265625 0.3288606107234955 2.688122272491455 0.8050854206085205 
2.5190110206604004 3.0323832035064697 0.32939544320106506 2.7029876708984375 0.8056996464729309 
2.648817539215088 3.041311264038086 0.3466893434524536 2.6946218013763428 0.8545106649398804 
2.5644500255584717 3.051453113555908 0.3396996855735779 2.7117533683776855 0.8339012861251831 
2.547999858856201 3.054863929748535 0.33991000056266785 2.714953899383545 0.8339877724647522 
2.6218104362487793 3.042795181274414 0.330495685338974 2.7122998237609863 0.8074773550033569 
2.6699981689453125 3.0653741359710693 0.3429912328720093 2.7223827838897705 0.8415926694869995 
2.413435935974121 3.046285629272461 0.33366894721984863 2.7126166820526123 0.816917896270752 
2.4081687927246094 3.0517966747283936 0.3527906537055969 2.6990060806274414 0.8708928823471069 
2.5616559982299805 3.0638766288757324 0.3497242331504822 2.7141523361206055 0.8614909052848816 
2.497529983520508 3.0559616088867188 0.35980522632598877 2.6961565017700195 0.8911625742912292 
2.6847429275512695 3.0630569458007812 0.35521453619003296 2.7078423500061035 0.8773285150527954 
2.6353068351745605 3.041229724884033 0.35632848739624023 2.684901237487793 0.8820316791534424 
2.630993366241455 3.0438008308410645 0.356900691986084 2.6868999004364014 0.8835435509681702 
2.67802095413208 3.038748264312744 0.35065901279449463 2.688089370727539 0.8667113780975342 
2.515908718109131 3.030613899230957 0.34876808524131775 2.6818459033966064 0.8612961769104004 
2.423675060272217 3.0279672145843506 0.3352295756340027 2.692737579345703 0.8230403661727905 
2.648296356201172 3.0385794639587402 0.34793439507484436 2.690645217895508 0.8589205741882324 
2.2422032356262207 3.0174503326416016 0.32959532737731934 2.687854766845703 0.8083131313323975 
2.6222033500671387 3.0283632278442383 0.3423250913619995 2.686038017272949 0.8432992696762085 
2.4812610149383545 3.0359139442443848 0.3367246687412262 2.6991891860961914 0.8260467648506165 
2.5589213371276855 3.0129284858703613 0.3430916368961334 2.66983699798584 0.8475465774536133 
2.3684120178222656 3.0131685733795166 0.3351038992404938 2.6780645847320557 0.8242572546005249 
2.4649691581726074 3.0273091793060303 0.34825852513313293 2.6790506839752197 0.8609675765037537 
2.6341445446014404 3.0077812671661377 0.3392578363418579 2.6685233116149902 0.8365293741226196 
2.5531716346740723 3.0284504890441895 0.3476179838180542 2.6808323860168457 0.8586735725402832 
2.407623052597046 3.011805534362793 0.33613455295562744 2.675670862197876 0.8269467353820801 
2.3244948387145996 3.0032920837402344 0.3357807397842407 2.667511463165283 0.8265351057052612 
2.3237013816833496 2.9995341300964355 0.3395088315010071 2.6600253582000732 0.8382276296615601 
2.605987071990967 3.0156939029693604 0.349234014749527 2.6664600372314453 0.8637219667434692 
2.4735283851623535 3.02909517288208 0.3555276393890381 2.673567295074463 0.8805773854255676 
2.2031400203704834 3.005117416381836 0.3363999128341675 2.668717384338379 0.828045129776001 
2.7536911964416504 3.044923782348633 0.3543505072593689 2.690573215484619 0.8766762018203735 
2.417849063873291 3.012307643890381 0.3434858024120331 2.6688222885131836 0.8481861352920532 
2.7984914779663086 3.0106849670410156 0.34160470962524414 2.6690802574157715 0.8423175811767578 
2.712191104888916 3.045060396194458 0.3422371447086334 2.7028234004974365 0.8411684036254883 
2.3724703788757324 3.03810453414917 0.33186283707618713 2.7062418460845947 0.8124092221260071 
2.529402256011963 3.0314409732818604 0.34001410007476807 2.691427230834961 0.8360475897789001 
2.39926815032959 3.0279462337493896 0.333020955324173 2.694925308227539 0.8168133497238159 
2.4510157108306885 3.0338432788848877 0.33010438084602356 2.7037386894226074 0.8069834113121033 
2.5088162422180176 3.042328357696533 0.34456002712249756 2.697768211364746 0.8483458757400513 
2.5960066318511963 3.0270609855651855 0.3320964574813843 2.6949644088745117 0.8130015730857849 
2.3627984523773193 3.034823417663574 0.3501438796520233 2.6846795082092285 0.8650394678115845 
2.4479856491088867 3.0461483001708984 0.34855782985687256 2.6975903511047363 0.8593680262565613 
2.567692756652832 3.020124673843384 0.34834837913513184 2.671776294708252 0.861525297164917 
2.756112575531006 3.0419483184814453 0.3442440927028656 2.697704315185547 0.8474723696708679 
2.362276792526245 3.004603147506714 0.3451218008995056 2.6594812870025635 0.8537158966064453 
2.465114116668701 3.0339176654815674 0.3474137485027313 2.6865038871765137 0.858121931552887 
2.531973361968994 3.0415987968444824 0.3604978621006012 2.681100845336914 0.8945050239562988 
2.524848461151123 3.0198917388916016 0.3498879075050354 2.670003890991211 0.8655496835708618 
2.7608346939086914 3.0490593910217285 0.3525651693344116 2.6964941024780273 0.8708912134170532 
2.355868339538574 3.0219664573669434 0.342745304107666 2.6792211532592773 0.8451790809631348 
2.8652355670928955 3.044353485107422 0.3454504907131195 2.6989030838012695 0.8504781723022461 
2.568441390991211 3.035245418548584 0.3357086777687073 2.6995368003845215 0.8226563334465027 
2.466294527053833 3.028470039367676 0.34385037422180176 2.684619665145874 0.8476986289024353 
2.5032150745391846 3.0338664054870605 0.3433600664138794 2.6905062198638916 0.8458854556083679 
2.1980669498443604 3.0063648223876953 0.3315034508705139 2.674861431121826 0.8136996030807495 
2.315422534942627 3.031003713607788 0.33347833156585693 2.6975252628326416 0.8176866769790649 
2.41495418548584 3.008960485458374 0.33090367913246155 2.6780567169189453 0.8125203847885132 
2.515778064727783 2.9832420349121094 0.33797839283943176 2.645263671875 0.8347176909446716 
2.3654210567474365 3.001988410949707 0.33819693326950073 2.6637914180755615 0.8338509798049927 
2.6054844856262207 3.017061710357666 0.33586931228637695 2.681192636489868 0.8259177803993225 
2.669639825820923 3.012833595275879 0.34756767749786377 2.6652660369873047 0.8604960441589355 
2.761061191558838 2.998192071914673 0.3427252471446991 2.6554670333862305 0.8471006751060486 
2.6251068115234375 3.022186279296875 0.34606415033340454 2.6761221885681152 0.8554248809814453 
2.948281764984131 3.0554184913635254 0.3580505847930908 2.6973681449890137 0.8861247897148132 
2.505516290664673 3.019434928894043 0.34239721298217773 2.6770379543304443 0.844035267829895 
2.5936858654022217 3.028315782546997 0.3439684212207794 2.68434739112854 0.8478206396102905 
2.4120841026306152 3.061939001083374 0.331464946269989 2.7304739952087402 0.808519184589386 
2.304384708404541 3.0410029888153076 0.3363895118236542 2.70461368560791 0.8250211477279663 
2.5250329971313477 3.017603874206543 0.3333028554916382 2.6843013763427734 0.8183268308639526 
2.4926233291625977 3.029851198196411 0.345355749130249 2.684495449066162 0.8511853218078613 
2.572383403778076 3.0500943660736084 0.3418160080909729 2.708278179168701 0.839442253112793 
2.713409185409546 3.0647449493408203 0.3583664894104004 2.70637845993042 0.8862251043319702 
2.5113649368286133 3.0500693321228027 0.34498703479766846 2.705082416534424 0.8488911390304565 
2.2914953231811523 3.0210609436035156 0.34519752860069275 2.67586350440979 0.852128267288208 
2.39835786819458 3.039738178253174 0.3423559069633484 2.6973822116851807 0.8421847820281982 
2.5274791717529297 3.030459403991699 0.3509805500507355 2.679478883743286 0.8683227300643921 
2.8846523761749268 3.0527875423431396 0.3542599380016327 2.6985275745391846 0.8762587904930115 
2.732292652130127 3.0305447578430176 0.350491464138031 2.680053472518921 0.8664742708206177 
2.5289905071258545 3.038957118988037 0.35528334975242615 2.683673620223999 0.8799246549606323 
2.596911668777466 3.0441739559173584 0.3433455228805542 2.7008283138275146 0.8448600172996521 
2.2961373329162598 3.021246910095215 0.34420245885849 2.67704439163208 0.8490486145019531 
2.719082832336426 3.036799430847168 0.34618687629699707 2.690612316131592 0.8531578183174133 
2.365201473236084 3.0278007984161377 0.3405452072620392 2.687255620956421 0.8379876017570496 
2.7197463512420654 3.045966625213623 0.35968726873397827 2.686279296875 0.8912705183029175 
2.153872489929199 3.0186166763305664 0.3463311791419983 2.672285556793213 0.855593204498291 
2.362757921218872 3.0311996936798096 0.33449268341064453 2.696707010269165 0.8203089237213135 
2.3984992504119873 3.01220703125 0.32985198497772217 2.6823549270629883 0.8086210489273071 
2.7892980575561523 3.048036813735962 0.35168910026550293 2.696347951889038 0.8682243824005127 
2.204099655151367 3.005155563354492 0.33290743827819824 2.672248125076294 0.817726731300354 
2.6366915702819824 3.0381133556365967 0.34588921070098877 2.6922240257263184 0.8525418043136597 
2.428842306137085 3.0221784114837646 0.3223421275615692 2.699836254119873 0.7864232063293457 
2.1054999828338623 3.0057034492492676 0.3322121798992157 2.6734914779663086 0.8161431550979614 
2.542966604232788 3.009432315826416 0.342875599861145 2.6665568351745605 0.8455502986907959 
2.336543321609497 3.0169620513916016 0.3431825041770935 2.6737794876098633 0.8462598323822021 
2.445096015930176 2.9938976764678955 0.33248618245124817 2.6614115238189697 0.8181636333465576 
2.3355112075805664 3.0184760093688965 0.3390428423881531 2.6794331073760986 0.8361706733703613 
2.340353488922119 2.9973983764648438 0.3363252878189087 2.6610732078552246 0.828769326210022 
2.7516307830810547 3.032784938812256 0.34831589460372925 2.684468984603882 0.861357569694519 
2.819998025894165 3.0313315391540527 0.34947821497917175 2.6818535327911377 0.8633999824523926 
2.245987892150879 3.0040886402130127 0.32552099227905273 2.67856764793396 0.7978222370147705 
2.4193813800811768 3.030730724334717 0.3458063304424286 2.684924364089966 0.8533926010131836 
2.3897900581359863 3.0090153217315674 0.3398496210575104 2.66916561126709 0.8378679752349854 
2.345301628112793 2.9875974655151367 0.3413394093513489 2.6462581157684326 0.8439397215843201 
2.4449691772460938 2.9981398582458496 0.3434627950191498 2.654676914215088 0.8491348028182983 
2.570552349090576 3.010385751724243 0.34267646074295044 2.6677093505859375 0.8455526828765869 
2.779818296432495 2.9891037940979004 0.34620630741119385 2.642897605895996 0.858016848564148 
2.8580102920532227 3.0321364402770996 0.3566998243331909 2.675436496734619 0.8836456537246704 
2.5893609523773193 3.023768663406372 0.34512215852737427 2.6786465644836426 0.850963830947876 
2.7236762046813965 3.022538900375366 0.3471304178237915 2.675408363342285 0.8577966690063477 
2.700763702392578 3.020181179046631 0.3410511016845703 2.6791298389434814 0.8402941226959229 
2.2637858390808105 3.009702205657959 0.3362935185432434 2.6734089851379395 0.827297568321228 
2.478971481323242 3.0201616287231445 0.3419250249862671 2.678236722946167 0.8418477177619934 
2.282789945602417 3.022136688232422 0.3332059979438782 2.6889305114746094 0.8176717758178711 
2.725449562072754 3.04091739654541 0.3467335104942322 2.694183826446533 0.8543872833251953 
2.379204273223877 3.008901596069336 0.3234698176383972 2.685431718826294 0.7904284000396729 
2.408557415008545 3.0319905281066895 0.3382490575313568 2.6937415599823 0.8300075531005859 
2.3204445838928223 3.0072927474975586 0.32815924286842346 2.679133892059326 0.8038511276245117 
2.4542441368103027 3.028862237930298 0.3382120132446289 2.690650463104248 0.8312894105911255 
2.4280412197113037 3.0206010341644287 0.3295653462409973 2.691035747528076 0.8071467876434326 
2.8196258544921875 3.0388896465301514 0.3474538326263428 2.6914355754852295 0.8567923307418823 
2.7386887073516846 3.0399832725524902 0.35506606101989746 2.6849169731140137 0.878323495388031 
2.361515522003174 2.999645709991455 0.34372907876968384 2.655916690826416 0.850030243396759 
2.2970213890075684 3.0027971267700195 0.34267640113830566 2.6601204872131348 0.8459992408752441 
2.3937082290649414 3.020744800567627 0.3530433177947998 2.667701244354248 0.87485671043396 
2.6138806343078613 3.021082878112793 0.3532610237598419 2.6678218841552734 0.8748747110366821 
2.7407350540161133 3.011406660079956 0.348405122756958 2.663001298904419 0.8624469637870789 
2.47383975982666 3.000791072845459 0.34231576323509216 2.658475399017334 0.8453603386878967 
2.6663317680358887 3.033276081085205 0.3481934666633606 2.6850826740264893 0.859277606010437 
2.3359413146972656 3.003068447113037 0.32644957304000854 2.676619052886963 0.7989736795425415 
2.3704681396484375 3.006685733795166 0.3343312740325928 2.6723544597625732 0.8211861252784729 
2.50311541557312 3.0311670303344727 0.3377342224121094 2.693432569503784 0.8297157287597656 
2.501351833343506 3.0413732528686523 0.3451318144798279 2.6962413787841797 0.8502304553985596 
2.5937092304229736 3.015394687652588 0.3435353636741638 2.6718592643737793 0.8470183610916138 
2.460334062576294 3.0297951698303223 0.3433111011981964 2.6864843368530273 0.8464763164520264 
2.6217310428619385 3.016711950302124 0.3397247791290283 2.6769871711730957 0.8371191620826721 
2.543475866317749 3.008700370788574 0.3403445780277252 2.668355703353882 0.8385642766952515 
2.721261978149414 3.031803607940674 0.35166269540786743 2.6801414489746094 0.8691974878311157 
2.5428831577301025 3.025406837463379 0.344109445810318 2.681297540664673 0.8481007814407349 
2.436457633972168 3.0186874866485596 0.3305460214614868 2.688141345977783 0.8099873065948486 
2.2121009826660156 3.012233257293701 0.3193063735961914 2.6929268836975098 0.7792879343032837 
2.065809726715088 2.990626096725464 0.33811014890670776 2.6525158882141113 0.8351761698722839 
2.5116450786590576 2.994818687438965 0.3343294858932495 2.660489082336426 0.8228261470794678 
2.5611228942871094 3.0211849212646484 0.34371423721313477 2.6774706840515137 0.8481798768043518 
2.36547589302063 3.0207934379577637 0.34279847145080566 2.677994966506958 0.8449838161468506 
2.18306827545166 3.000748872756958 0.34662240743637085 2.6541261672973633 0.8581341505050659 
2.3936939239501953 2.9986424446105957 0.34600645303726196 2.6526362895965576 0.8560892343521118 
2.4443607330322266 2.99110746383667 0.3538614511489868 2.6372456550598145 0.8794431090354919 
2.5554280281066895 3.0131728649139404 0.34077417850494385 2.672398805618286 0.8403090238571167 
2.598621368408203 3.0009286403656006 0.34215524792671204 2.658773422241211 0.8463740348815918 
2.7347335815429688 3.0222179889678955 0.3425077199935913 2.6797101497650146 0.8449810743331909 
2.3638789653778076 2.9922842979431152 0.33345872163772583 2.658825635910034 0.8211401700973511 
2.4724342823028564 3.0189056396484375 0.3504636883735657 2.6684417724609375 0.86800217628479 
2.858248710632324 3.0285792350769043 0.34569770097732544 2.6828815937042236 0.8535218238830566 
2.435227394104004 3.0126516819000244 0.33715975284576416 2.6754918098449707 0.8296154737472534 
2.6405181884765625 3.031839370727539 0.34663867950439453 2.6852006912231445 0.855355978012085 
2.622577667236328 3.0302963256835938 0.3326873183250427 2.6976089477539062 0.8156172037124634 
2.649489402770996 3.0312979221343994 0.34396517276763916 2.6873326301574707 0.8475623726844788 
2.613293170928955 3.035795211791992 0.33916622400283813 2.696629047393799 0.8336577415466309 
2.4966323375701904 3.0434083938598633 0.3442292809486389 2.699179172515869 0.8472676277160645 
2.557156801223755 3.0451505184173584 0.3361431360244751 2.709007740020752 0.8237993121147156 
2.6865134239196777 3.057119369506836 0.34189149737358093 2.7152280807495117 0.8382472991943359 
2.593519687652588 3.029369831085205 0.33250778913497925 2.696861982345581 0.814092755317688 
2.5565366744995117 3.034376621246338 0.34297582507133484 2.6914007663726807 0.8438422083854675 
2.623366594314575 3.061779022216797 0.334536612033844 2.7272424697875977 0.8169072866439819 
2.749880790710449 3.070230007171631 0.35462790727615356 2.715602159500122 0.8742847442626953 
2.643176555633545 3.0677664279937744 0.337540864944458 2.7302255630493164 0.8251137137413025 
2.8723795413970947 3.0710926055908203 0.3629383146762848 2.7081542015075684 0.8980348110198975 
2.7511706352233887 3.0709686279296875 0.34146803617477417 2.7295007705688477 0.8363355398178101 
2.563019275665283 3.064699649810791 0.3649033010005951 2.699796438217163 0.9046729803085327 
2.8224399089813232 3.062345504760742 0.35894620418548584 2.703399419784546 0.8875311613082886 
2.7376646995544434 3.0565872192382812 0.359993577003479 2.696593761444092 0.890954315662384 
2.4364871978759766 3.0474791526794434 0.3455386161804199 2.7019402980804443 0.8507554531097412 
2.519768238067627 3.051173210144043 0.354398638010025 2.696774482727051 0.8755273222923279 
2.4423933029174805 3.0417158603668213 0.34902113676071167 2.692694664001465 0.8607802987098694 
2.6896088123321533 3.047175884246826 0.3499496579170227 2.6972265243530273 0.8639849424362183 
2.2663140296936035 3.0163304805755615 0.31346893310546875 2.7028613090515137 0.7611274719238281 
2.5963168144226074 3.0425679683685303 0.3614151179790497 2.681152820587158 0.8967958688735962 
2.577471971511841 3.025595188140869 0.3524675965309143 2.6731276512145996 0.8726535439491272 
2.356696128845215 3.0079665184020996 0.33857691287994385 2.6693897247314453 0.8342905640602112 
2.819121837615967 3.041893720626831 0.35765784978866577 2.6842360496520996 0.8863699436187744 
2.298957586288452 3.0171079635620117 0.3459336459636688 2.6711745262145996 0.85526043176651 
2.4825220108032227 3.024808406829834 0.3430357575416565 2.6817727088928223 0.8456753492355347 
2.284470319747925 3.0032589435577393 0.3300042152404785 2.67325496673584 0.8097246289253235 
2.2862296104431152 3.0228753089904785 0.3116806149482727 2.7111949920654297 0.7560790777206421 
2.434569835662842 3.0084900856018066 0.3334515690803528 2.6750388145446777 0.8191694021224976 
2.511500120162964 3.0121243000030518 0.3362416923046112 2.675882577896118 0.8274423480033875 
2.4765100479125977 2.9994592666625977 0.329418420791626 2.670041084289551 0.8081125617027283 
2.6432113647460938 3.031028985977173 0.32813960313796997 2.7028894424438477 0.8022472262382507 
2.4306693077087402 3.0005040168762207 0.3358834981918335 2.6646206378936768 0.8265685439109802 
2.7045607566833496 3.0141401290893555 0.347454309463501 2.6666860580444336 0.8591723442077637 
2.5169105529785156 3.04645037651062 0.3623378574848175 2.684112548828125 0.8998863101005554 
2.3232457637786865 3.0146031379699707 0.3273686468601227 2.687234401702881 0.801035463809967 
2.549746513366699 3.0494277477264404 0.35417360067367554 2.69525408744812 0.8760724067687988 
2.63509202003479 3.0358850955963135 0.36012527346611023 2.675759792327881 0.8944650888442993 
2.712214469909668 3.027611017227173 0.35895484685897827 2.66865611076355 0.8912950754165649 
2.380519151687622 3.0062241554260254 0.3557043969631195 2.650519609451294 0.8838439583778381 
2.560573101043701 3.0432090759277344 0.3364441990852356 2.7067649364471436 0.8242748975753784 
2.9294514656066895 3.0398848056793213 0.3565162718296051 2.683368444442749 0.8832150101661682 
2.5957608222961426 3.0201473236083984 0.340445876121521 2.679701328277588 0.8384045362472534 
2.638411521911621 3.009282112121582 0.3415053188800812 2.667776584625244 0.8429793119430542 
2.5397167205810547 3.0285861492156982 0.3461616635322571 2.682424545288086 0.8543412685394287 
2.393002510070801 3.0126378536224365 0.32998955249786377 2.682648181915283 0.8085468411445618 
2.408372163772583 3.044419050216675 0.3405418395996094 2.7038772106170654 0.8364794850349426 
2.389350175857544 3.032343626022339 0.3375356197357178 2.694807767868042 0.828449010848999 
2.595001220703125 3.0409951210021973 0.3395075798034668 2.7014875411987305 0.8341906070709229 
2.6340487003326416 3.047741651535034 0.342229425907135 2.705512046813965 0.8411062359809875 
2.4884345531463623 3.0342016220092773 0.3384018540382385 2.6957995891571045 0.831169068813324 
2.5445241928100586 3.036929130554199 0.3446645736694336 2.6922645568847656 0.8494707942008972 
2.3929057121276855 3.013516426086426 0.34577232599258423 2.6677441596984863 0.854417622089386 
2.5770840644836426 3.0147366523742676 0.34237754344940186 2.6723592281341553 0.8434284925460815 
2.4902091026306152 3.008249044418335 0.35100477933883667 2.6572442054748535 0.869398832321167 
2.523282051086426 3.0020029544830322 0.35060352087020874 2.651399612426758 0.8691872954368591 
2.678882598876953 3.025376319885254 0.3613465428352356 2.664030075073242 0.8987630605697632 
2.4162755012512207 3.024813652038574 0.35032790899276733 2.674485921859741 0.8669453859329224 
2.2140378952026367 2.994236469268799 0.34901848435401917 2.6452178955078125 0.865451991558075 
2.4445643424987793 3.000267505645752 0.35391685366630554 2.646350860595703 0.8786401748657227 
2.743546485900879 3.033393383026123 0.3573261499404907 2.676067352294922 0.885299026966095 
2.3645317554473877 3.0042128562927246 0.33360910415649414 2.6706037521362305 0.8200950622558594 
2.4032504558563232 3.0271992683410645 0.3446773588657379 2.6825218200683594 0.850180447101593 
2.2371249198913574 3.014492988586426 0.331065833568573 2.683427333831787 0.8117969036102295 
2.2051143646240234 2.9980173110961914 0.3246992230415344 2.673318386077881 0.7956738471984863 
2.422893762588501 2.989760398864746 0.3259166479110718 2.663844108581543 0.7990936040878296 
2.3708724975585938 3.0134456157684326 0.3395882248878479 2.6738574504852295 0.8367923498153687 
2.0406665802001953 2.9646711349487305 0.32453423738479614 2.640136957168579 0.7977118492126465 
2.480146884918213 2.988574504852295 0.3315572440624237 2.657017230987549 0.8157764673233032 
2.366518020629883 2.982445240020752 0.33188754320144653 2.650557518005371 0.8178647756576538 
2.389352321624756 2.9780027866363525 0.3315834701061249 2.6464195251464844 0.8169506788253784 
2.78890061378479 3.009523391723633 0.3443451225757599 2.6651782989501953 0.8503901958465576 
2.368152141571045 3.005443572998047 0.32430458068847656 2.6811392307281494 0.7933002710342407 
2.179668664932251 2.9879918098449707 0.33667123317718506 2.651320457458496 0.8309038877487183 
2.575498342514038 3.014400005340576 0.3468317687511444 2.6675684452056885 0.8581384420394897 
2.5296261310577393 3.0132224559783936 0.32791346311569214 2.6853089332580566 0.8042359948158264 
2.6019349098205566 3.0171427726745605 0.33939671516418457 2.677746057510376 0.8363521695137024 
2.270218849182129 3.011859655380249 0.324532151222229 2.6873273849487305 0.7937237620353699 
2.448835611343384 2.9899418354034424 0.3303723931312561 2.659569263458252 0.8116326332092285 
2.599301338195801 3.008319854736328 0.3414739668369293 2.6668460369110107 0.8433117866516113 
2.6500589847564697 3.026431083679199 0.3457455337047577 2.680685520172119 0.8540265560150146 
2.622415542602539 3.0308890342712402 0.3541858196258545 2.6767029762268066 0.877432107925415 
2.5608325004577637 3.0356719493865967 0.3486059904098511 2.687065839767456 0.8609217405319214 
2.4795422554016113 3.027986526489258 0.33623021841049194 2.691756248474121 0.8260234594345093 
2.671501874923706 3.029536247253418 0.35526323318481445 2.6742730140686035 0.880521297454834 
2.509838342666626 3.04028058052063 0.3616383373737335 2.6786422729492188 0.8985595107078552 
2.398979425430298 3.0243947505950928 0.35478663444519043 2.6696081161499023 0.8789458274841309 
2.620095729827881 3.0245275497436523 0.35258615016937256 2.6719412803649902 0.8729640245437622 
2.7394232749938965 3.0465729236602783 0.37099555134773254 2.675577163696289 0.9242978692054749 
2.904956817626953 3.0334041118621826 0.3426508903503418 2.690753221511841 0.8434962034225464 
2.4295413494110107 3.0181398391723633 0.3518230617046356 2.6663167476654053 0.8707189559936523 
2.3557915687561035 3.0177547931671143 0.3411754369735718 2.676579236984253 0.8402657508850098 
2.5386159420013428 3.0288925170898438 0.34366825222969055 2.6852242946624756 0.8464077115058899 
2.6401307582855225 3.0343408584594727 0.33698147535324097 2.697359561920166 0.8273699879646301 
2.6626622676849365 3.0360031127929688 0.35371074080467224 2.6822924613952637 0.8750025033950806 
2.373262643814087 3.0092835426330566 0.3434889316558838 2.6657943725585938 0.8471341133117676 
2.2646992206573486 3.0056376457214355 0.3317877948284149 2.673849582672119 0.8144617080688477 
2.5701169967651367 3.026106834411621 0.33739370107650757 2.6887130737304688 0.8288769721984863 
2.34629225730896 3.032923698425293 0.33076828718185425 2.702155590057373 0.8094426989555359 
2.033996343612671 2.9993386268615723 0.32842862606048584 2.670909881591797 0.8059967160224915 
2.671558380126953 3.023740768432617 0.3313244581222534 2.6924164295196533 0.8123306632041931 
2.3190622329711914 3.017066478729248 0.3411397933959961 2.675926685333252 0.8406223058700562 
2.378678321838379 3.029473066329956 0.3463824987411499 2.6830906867980957 0.854985237121582 
2.626552104949951 3.028238296508789 0.34391456842422485 2.684323787689209 0.8480545282363892 
2.272902011871338 3.008997678756714 0.32414674758911133 2.6848509311676025 0.7929762601852417 
2.64052677154541 3.028472423553467 0.3510841727256775 2.6773881912231445 0.8691176176071167 
2.4293580055236816 2.9840970039367676 0.3417739272117615 2.6423232555389404 0.8453812599182129 
2.1468591690063477 2.9775919914245605 0.3298420310020447 2.647749900817871 0.8118167519569397 
2.203298568725586 3.014944553375244 0.31462401151657104 2.7003204822540283 0.7652747631072998 
2.5552759170532227 2.975507974624634 0.33063066005706787 2.6448771953582764 0.8138778805732727 
2.7139949798583984 3.0420947074890137 0.35993555188179016 2.682159185409546 0.8927133679389954 
2.4371399879455566 3.001624345779419 0.3547564744949341 2.6468677520751953 0.8814564347267151 
2.7275962829589844 3.0428245067596436 0.3615349233150482 2.6812896728515625 0.8985575437545776 
2.52493953704834 3.0259933471679688 0.3457357883453369 2.680257797241211 0.8518618941307068 
2.556504011154175 3.0226004123687744 0.3482682704925537 2.6743323802948 0.8609692454338074 
2.708857297897339 3.0339345932006836 0.3617405295372009 2.672194004058838 0.8991665840148926 
2.527472972869873 3.0215420722961426 0.33349135518074036 2.6880505084991455 0.8183166980743408 
2.450622081756592 3.0225746631622314 0.3475807011127472 2.6749937534332275 0.8588336706161499 
2.2379398345947266 3.0062737464904785 0.3429020047187805 2.663372039794922 0.8469312191009521 
2.303823232650757 3.0060858726501465 0.3371608555316925 2.6689248085021973 0.830718994140625 
2.350912094116211 3.0210957527160645 0.3482585549354553 2.672837257385254 0.860964834690094 
2.4886679649353027 3.008800506591797 0.33654677867889404 2.6722536087036133 0.8281446695327759 
2.486971616744995 3.019209623336792 0.3322594165802002 2.686950206756592 0.8150924444198608 
2.749021291732788 3.02133846282959 0.34522247314453125 2.6761157512664795 0.8522200584411621 
2.508615016937256 3.0105462074279785 0.3386901319026947 2.671855926513672 0.8335491418838501 
2.6014657020568848 3.031334400177002 0.32524359226226807 2.7060909271240234 0.7933045029640198 
2.3827569484710693 3.039590358734131 0.35260647535324097 2.686983585357666 0.8721060752868652 
2.5963687896728516 3.0203843116760254 0.3284534811973572 2.6919307708740234 0.8030983209609985 
2.605301856994629 3.030949592590332 0.34374111890792847 2.687208414077759 0.8467704057693481 
2.229248046875 2.9897360801696777 0.33575230836868286 2.6539840698242188 0.8276153802871704 
2.5942602157592773 3.0127334594726562 0.34990569949150085 2.662827968597412 0.8661373257637024 
2.5871076583862305 3.032611846923828 0.3486282229423523 2.68398380279541 0.861028254032135 
2.913395881652832 3.015976905822754 0.35229694843292236 2.663680076599121 0.8722832202911377 
2.508894920349121 3.005455493927002 0.35086268186569214 2.654592990875244 0.8692177534103394 
2.5066261291503906 3.024005889892578 0.3616357743740082 2.662369966506958 0.8996472358703613 
2.452561140060425 3.0172204971313477 0.3523642122745514 2.664856195449829 0.8730602264404297 
2.493655204772949 3.0288455486297607 0.3493037819862366 2.679541826248169 0.8633981347084045 
2.512051582336426 3.0228805541992188 0.3356249928474426 2.687255382537842 0.8241060972213745 
2.7769222259521484 3.0184688568115234 0.3473051190376282 2.671163558959961 0.858018159866333 
2.248568058013916 3.016702651977539 0.33212441205978394 2.6845784187316895 0.8146181106567383 
2.3745899200439453 2.987302303314209 0.3329331874847412 2.654369354248047 0.8191264867782593 
2.6202855110168457 3.0178472995758057 0.33713090419769287 2.6807165145874023 0.8287544250488281 
2.372342109680176 3.029102325439453 0.33927449584007263 2.6898276805877686 0.8344413042068481 
2.4189982414245605 3.0417802333831787 0.33131229877471924 2.710468053817749 0.8100106716156006 
2.1689226627349854 3.0128939151763916 0.33961164951324463 2.6732823848724365 0.83644700050354 
2.705822467803955 3.0402724742889404 0.3426591753959656 2.697613477706909 0.8437055349349976 
2.4063682556152344 3.023376941680908 0.3390241265296936 2.6843528747558594 0.8340249061584473 
2.36784029006958 3.003258228302002 0.33530768752098083 2.6679506301879883 0.8248366117477417 
2.4536776542663574 2.9725112915039062 0.33699074387550354 2.6355206966400146 0.8329041004180908 
2.501009702682495 3.020371675491333 0.33633947372436523 2.6840319633483887 0.826666533946991 
2.6952593326568604 3.0114316940307617 0.3430796265602112 2.6683521270751953 0.8467996120452881 
2.400973320007324 3.00046706199646 0.33706942200660706 2.6633975505828857 0.830201268196106 
2.553605794906616 3.02085542678833 0.3444579839706421 2.6763973236083984 0.8494502305984497 
2.5614829063415527 3.00775408744812 0.3442574143409729 2.663496732711792 0.8504573106765747 
2.5160560607910156 3.00406813621521 0.35089439153671265 2.6531739234924316 0.8699063658714294 
2.382289409637451 3.0219173431396484 0.34266236424446106 2.6792550086975098 0.8442658185958862 
2.356057643890381 3.0202107429504395 0.3395029306411743 2.6807079315185547 0.8358182907104492 
2.7614448070526123 3.038196325302124 0.35635751485824585 2.6818389892578125 0.8822610974311829 
2.5402181148529053 3.0317721366882324 0.3443222641944885 2.6874496936798096 0.8484064340591431 
2.6125521659851074 3.0090441703796387 0.3449662923812866 2.6640777587890625 0.8523740768432617 
2.449934720993042 3.0046634674072266 0.3414120376110077 2.6632513999938965 0.8423871397972107 
2.469352960586548 3.0213751792907715 0.3464242219924927 2.6749510765075684 0.8552848100662231 
2.380129814147949 3.0230135917663574 0.33473342657089233 2.6882801055908203 0.8219186067581177 
2.50630521774292 3.0226058959960938 0.3278194069862366 2.694786310195923 0.8018293976783752 
2.602832078933716 3.061654567718506 0.3272547125816345 2.7343997955322266 0.7969821691513062 
2.645885467529297 3.0293641090393066 0.34113550186157227 2.6882286071777344 0.8391991853713989 
2.5540454387664795 3.0289390087127686 0.34711548686027527 2.681823492050171 0.8563594818115234 
2.475890636444092 3.035836696624756 0.35783255100250244 2.678004264831543 0.8868726491928101 
2.249081611633301 2.9852631092071533 0.32756438851356506 2.657698631286621 0.8036097884178162 
2.520244836807251 3.0365376472473145 0.35305097699165344 2.6834867000579834 0.8728897571563721 
2.4994921684265137 3.044206142425537 0.3476962745189667 2.696509838104248 0.856665849685669 
2.840890884399414 3.0495307445526123 0.34011274576187134 2.7094178199768066 0.8343274593353271 
2.6646342277526855 3.0139894485473633 0.3469991385936737 2.666990280151367 0.8570938110351562 
2.737277030944824 3.03543758392334 0.3510541021823883 2.6843833923339844 0.8673923015594482 
2.4266061782836914 3.0134003162384033 0.3473290801048279 2.6660714149475098 0.8588678240776062 
2.3354315757751465 2.9925365447998047 0.34846243262290955 2.644073963165283 0.8641648292541504 
2.683870315551758 3.0106494426727295 0.353712260723114 2.65693736076355 0.878354549407959 
2.603095531463623 3.006974220275879 0.34976449608802795 2.657209873199463 0.8664435148239136 
2.447955369949341 3.014282703399658 0.35164692997932434 2.662635564804077 0.871588945388794 
2.666165828704834 3.028843879699707 0.3435361087322235 2.685307741165161 0.8468866348266602 
2.451509952545166 3.0098841190338135 0.33751440048217773 2.6723697185516357 0.8313361406326294 
2.2717301845550537 3.0191946029663086 0.33624592423439026 2.682948589324951 0.8263190984725952 
2.5077970027923584 3.037501335144043 0.3400166630744934 2.6974844932556152 0.8361469507217407 
2.519379138946533 3.038534164428711 0.3434850871562958 2.6950490474700928 0.8452867269515991 
2.274697780609131 2.9979236125946045 0.3284679651260376 2.6694555282592773 0.8059059381484985 
2.407406806945801 3.012650728225708 0.33494022488594055 2.6777102947235107 0.8234478831291199 
2.2092785835266113 2.9861435890197754 0.323140412569046 2.6630029678344727 0.7918851971626282 
2.6474738121032715 3.052647590637207 0.3428645431995392 2.7097830772399902 0.8431904315948486 
2.5659337043762207 3.007355213165283 0.34058547019958496 2.666769504547119 0.839591920375824 
2.3039655685424805 3.011920928955078 0.3443317413330078 2.6675891876220703 0.850047767162323 
2.369954824447632 3.009232521057129 0.3323511481285095 2.6768813133239746 0.8158147931098938 
2.462308406829834 3.029984951019287 0.3452066481113434 2.6847782135009766 0.850662350654602 
2.3723363876342773 3.0210776329040527 0.34324735403060913 2.677830219268799 0.8458912372589111 
2.6799540519714355 3.0413734912872314 0.34812232851982117 2.693251371383667 0.858065664768219 
2.448489189147949 3.0055832862854004 0.3526242971420288 2.652958869934082 0.8744097352027893 
2.745814323425293 2.9910993576049805 0.34357136487960815 2.6475279331207275 0.8500299453735352 
2.595554828643799 3.010901927947998 0.3420153260231018 2.668886661529541 0.8442848920822144 
2.8370368480682373 3.0309596061706543 0.335735946893692 2.695223808288574 0.8242263197898865 
2.5079455375671387 3.0234334468841553 0.3407468795776367 2.6826868057250977 0.8393353223800659 
2.606779098510742 3.0226383209228516 0.347724974155426 2.6749134063720703 0.8591738939285278 
2.403944969177246 3.020923137664795 0.3342137336730957 2.686709403991699 0.820246160030365 
2.2355306148529053 3.0077226161956787 0.33327516913414 2.674447536468506 0.8189873695373535 
2.456430196762085 3.024869203567505 0.332234263420105 2.6926350593566895 0.8145320415496826 
2.701035499572754 3.046441078186035 0.34792381525039673 2.698517322540283 0.8583056926727295 
2.4317939281463623 3.025718927383423 0.34458014369010925 2.681138753890991 0.8494905233383179 
2.3970253467559814 3.032961368560791 0.35393035411834717 2.6790308952331543 0.8759744763374329 
2.487274646759033 3.0275492668151855 0.3484799265861511 2.6790692806243896 0.8608019351959229 
2.4484047889709473 3.038593053817749 0.35133785009384155 2.687255382537842 0.8683729767799377 
2.6646618843078613 3.0401010513305664 0.35552120208740234 2.684579849243164 0.8802928924560547 
2.6992106437683105 3.029318332672119 0.3559010922908783 2.673417091369629 0.8813103437423706 
2.5485222339630127 3.0559651851654053 0.3516804873943329 2.70428466796875 0.8678508996963501 
2.427116870880127 3.0272037982940674 0.34069499373435974 2.6865086555480957 0.8385372161865234 
2.4398200511932373 3.004955530166626 0.34018823504447937 2.664767265319824 0.8390344977378845 
2.594017744064331 3.0445780754089355 0.3451656699180603 2.6994123458862305 0.8491719961166382 
2.5412278175354004 3.0049476623535156 0.3470595180988312 2.657888174057007 0.8589482307434082 
2.843534469604492 3.055262327194214 0.36529541015625 2.689966917037964 0.9076788425445557 
2.5169355869293213 3.011496067047119 0.3529852628707886 2.658511161804199 0.8753714561462402 
2.4857735633850098 3.02290940284729 0.34825077652931213 2.67465877532959 0.8602479100227356 
2.3995087146759033 3.014261245727539 0.3358679413795471 2.6783931255340576 0.8253201246261597 
2.4626753330230713 3.0106728076934814 0.3398929834365845 2.6707801818847656 0.8372387886047363 
2.4040255546569824 3.004401206970215 0.34266242384910583 2.661738634109497 0.846172571182251 
2.5783209800720215 3.018746852874756 0.3446526527404785 2.6740942001342773 0.8505000472068787 
2.6755075454711914 3.030304431915283 0.3390960693359375 2.6912083625793457 0.8334529399871826 
2.3421714305877686 3.030930757522583 0.3267703056335449 2.704160451889038 0.7985966205596924 
2.2162442207336426 2.971994400024414 0.32766270637512207 2.644331693649292 0.8056665062904358 
2.366919994354248 3.033205032348633 0.3344438374042511 2.698760986328125 0.8197517395019531 
2.4318864345550537 3.0239033699035645 0.3385956287384033 2.685307502746582 0.8325623273849487 
2.328108787536621 3.0031936168670654 0.3445970416069031 2.6585965156555176 0.8521409034729004 
2.4881181716918945 3.0174970626831055 0.34101903438568115 2.6764779090881348 0.8401846289634705 
2.6899642944335938 3.0478365421295166 0.3455175757408142 2.7023189067840576 0.850985050201416 
2.2259509563446045 3.0132548809051514 0.3502846658229828 2.6629700660705566 0.8684105277061462 
2.559157609939575 3.0355582237243652 0.3483506441116333 2.6872076988220215 0.8602555990219116 
2.3229498863220215 3.0098164081573486 0.34423476457595825 2.665581703186035 0.8504217863082886 
2.1541225910186768 2.9908955097198486 0.33382824063301086 2.657067060470581 0.821689248085022 
2.5407447814941406 3.0143277645111084 0.3554825484752655 2.6588451862335205 0.8825122714042664 
2.74529767036438 3.0146493911743164 0.35864853858947754 2.6560006141662598 0.8922067284584045 
2.6297965049743652 3.0267739295959473 0.34869349002838135 2.6780805587768555 0.861880362033844 
2.719654083251953 3.0411086082458496 0.35348570346832275 2.6876227855682373 0.8749586343765259 
2.588575839996338 2.997804641723633 0.3457643985748291 2.6520402431488037 0.8558061122894287 
2.6033549308776855 3.0170063972473145 0.33773159980773926 2.679274559020996 0.8308929204940796 
2.3222875595092773 3.0141608715057373 0.3325155973434448 2.681645393371582 0.8162006735801697 
2.682513952255249 3.0431742668151855 0.347635418176651 2.6955387592315674 0.8571847081184387 
2.2283077239990234 3.010162353515625 0.3341948390007019 2.675967216491699 0.820746898651123 
2.2880208492279053 3.0269176959991455 0.33918291330337524 2.687734842300415 0.8335449695587158 
2.210829973220825 3.0038437843322754 0.3267320394515991 2.6771116256713867 0.8000103235244751 
2.605043411254883 3.033562660217285 0.34380561113357544 2.6897571086883545 0.8463887572288513 
2.6493043899536133 3.0523602962493896 0.34208714962005615 2.710273265838623 0.8405987024307251 
2.375741958618164 3.010279655456543 0.32753995060920715 2.682739496231079 0.8019598722457886 
2.2466325759887695 3.015688419342041 0.3435332775115967 2.6721549034118652 0.8479639291763306 
2.5413331985473633 3.0365753173828125 0.33962103724479675 2.6969544887542725 0.8344318866729736 
2.3045177459716797 3.0229454040527344 0.3377557098865509 2.685189723968506 0.8310935497283936 
2.2962276935577393 2.988832950592041 0.3419340252876282 2.6468989849090576 0.8449578285217285 
2.6067466735839844 3.021294593811035 0.3484587073326111 2.6728358268737793 0.8619141578674316 
2.4794304370880127 3.0106201171875 0.34563660621643066 2.6649837493896484 0.8547489643096924 
2.517125129699707 2.9879097938537598 0.34588679671287537 2.6420228481292725 0.8568360805511475 
2.1789231300354004 2.958897352218628 0.3438945710659027 2.6150026321411133 0.8549273014068604 
2.1973512172698975 2.9798784255981445 0.3406526446342468 2.639225959777832 0.8429436683654785 
2.259159564971924 2.9716796875 0.345049649477005 2.6266303062438965 0.8570599555969238 
2.225736379623413 2.9647927284240723 0.3420941233634949 2.6226985454559326 0.8478723764419556 
2.722846746444702 2.970627784729004 0.34216147661209106 2.6284663677215576 0.8484761714935303 
2.441317081451416 2.9646406173706055 0.33144611120224 2.6331944465637207 0.8170959949493408 
2.0387156009674072 2.974137783050537 0.3283037841320038 2.645833969116211 0.8081443905830383 
2.50020694732666 2.9636034965515137 0.3350663185119629 2.628537178039551 0.8283922672271729 
2.573725700378418 2.9772233963012695 0.33155640959739685 2.64566707611084 0.8161718845367432 
2.4392929077148438 3.014573574066162 0.3385470509529114 2.6760263442993164 0.8333655595779419 
2.7002573013305664 2.980196475982666 0.3170527219772339 2.6631436347961426 0.775012731552124 
2.2465672492980957 2.9793684482574463 0.3241955041885376 2.655172824859619 0.7946842312812805 
2.4704906940460205 3.000281810760498 0.3354324996471405 2.664849281311035 0.82473224401474 
2.428947925567627 3.0253586769104004 0.3470360040664673 2.6783227920532227 0.857434093952179 
2.352259874343872 2.988619804382324 0.33288365602493286 2.6557364463806152 0.8182116746902466 
2.2877612113952637 2.9967894554138184 0.3348590135574341 2.661930561065674 0.8238314390182495 
2.3885133266448975 3.023008346557617 0.3409063518047333 2.6821019649505615 0.838850736618042 
2.401512622833252 3.0204455852508545 0.3531980514526367 2.667247772216797 0.875240683555603 
2.3893368244171143 3.0007708072662354 0.3510075807571411 2.649763345718384 0.8700182437896729 
2.5181970596313477 3.0303702354431152 0.34384816884994507 2.6865220069885254 0.8463972210884094 
2.1936521530151367 2.986848831176758 0.3436523675918579 2.6431965827941895 0.8500018119812012 
2.4391016960144043 3.0183117389678955 0.3556281328201294 2.6626834869384766 0.8825313448905945 
2.5454530715942383 2.9998388290405273 0.35392075777053833 2.645918369293213 0.8791608214378357 
2.42978572845459 3.0064263343811035 0.35042518377304077 2.656001091003418 0.8679761290550232 
2.816673994064331 3.0229992866516113 0.34616145491600037 2.676837682723999 0.8544282913208008 
2.753229856491089 2.9914209842681885 0.35276806354522705 2.638652801513672 0.8764160871505737 
2.5464470386505127 2.999206304550171 0.3367389440536499 2.6624672412872314 0.8293541073799133 
2.2905969619750977 2.968367338180542 0.3403260111808777 2.6280412673950195 0.8425692319869995 
2.30309796333313 2.985868453979492 0.32846367359161377 2.657404899597168 0.8073112368583679 
2.433088541030884 3.007939100265503 0.3373337388038635 2.670605421066284 0.8300699591636658 
2.166963577270508 2.9782848358154297 0.31979721784591675 2.6584877967834473 0.7821820974349976 
2.5200343132019043 3.0230257511138916 0.33033668994903564 2.6926889419555664 0.8088876008987427 
2.6311769485473633 3.0212299823760986 0.3376157879829407 2.6836142539978027 0.8293954730033875 
2.3773136138916016 3.0073018074035645 0.35229313373565674 2.6550090312957764 0.8732420206069946 
2.377408981323242 3.0085973739624023 0.33752182126045227 2.6710755825042725 0.8311014771461487 
2.3718485832214355 2.993152618408203 0.32134783267974854 2.671804666519165 0.7861070036888123 
2.562138557434082 3.016018867492676 0.35150623321533203 2.6645126342773438 0.8709259033203125 
2.1090903282165527 3.0007832050323486 0.3322013020515442 2.668581962585449 0.816596508026123 
2.5491418838500977 3.0148348808288574 0.34171736240386963 2.6731176376342773 0.8427149057388306 
2.5895895957946777 3.0193228721618652 0.355741411447525 2.663581371307373 0.8819348216056824 
2.4353578090667725 3.018078327178955 0.3551885485649109 2.6628899574279785 0.881199836730957 
2.3551888465881348 3.0031368732452393 0.34775251150131226 2.655384063720703 0.8608465194702148 
2.551973342895508 3.013239860534668 0.34201663732528687 2.6712229251861572 0.842736542224884 
2.366222858428955 2.992743968963623 0.3373868763446808 2.6553568840026855 0.8321666717529297 
2.578023672103882 3.0055947303771973 0.3387761116027832 2.666818618774414 0.8345340490341187 
2.461411476135254 3.020972728729248 0.34686508774757385 2.674107789993286 0.8570056557655334 
2.3793115615844727 2.9926533699035645 0.3249644339084625 2.6676888465881348 0.7966654300689697 
2.3100295066833496 3.022012233734131 0.34910011291503906 2.672912120819092 0.8629075288772583 
2.4223287105560303 2.9653310775756836 0.34269773960113525 2.622633457183838 0.8488827347755432 
2.2233667373657227 2.9846110343933105 0.3420952558517456 2.6425156593322754 0.8467607498168945 
2.3349764347076416 2.9673237800598145 0.32917362451553345 2.638150215148926 0.8108993172645569 
2.5053935050964355 2.9979357719421387 0.3450751304626465 2.652860641479492 0.8536872863769531 
2.382925510406494 2.9928274154663086 0.32142481207847595 2.6714024543762207 0.7866157293319702 
2.296713352203369 2.9998788833618164 0.33469516038894653 2.6651835441589355 0.823670506477356 
2.4017586708068848 2.986130952835083 0.33292967081069946 2.6532013416290283 0.819371223449707 
2.3187432289123535 2.9731760025024414 0.33301305770874023 2.640162944793701 0.8211835026741028 
2.384692668914795 2.987534761428833 0.32693201303482056 2.6606028079986572 0.8021646738052368 
2.744611978530884 3.044001579284668 0.35555827617645264 2.688443183898926 0.8804023265838623 
2.129427433013916 2.959622859954834 0.34078070521354675 2.618842363357544 0.8451746106147766 
2.5681912899017334 3.0179967880249023 0.3560245633125305 2.6619722843170166 0.8834018111228943 
2.578375816345215 3.0045223236083984 0.3457627296447754 2.658759593963623 0.855696439743042 
2.2161788940429688 2.995957612991333 0.3308497369289398 2.6651077270507812 0.8127785921096802 
2.215240001678467 2.9775991439819336 0.33199310302734375 2.64560604095459 0.817704439163208 
2.4276647567749023 3.007718086242676 0.3452925682067871 2.6624255180358887 0.8527988195419312 
2.6249747276306152 3.034372568130493 0.3531884551048279 2.6811840534210205 0.8728420734405518 
2.600050449371338 3.039228677749634 0.3484278917312622 2.690800666809082 0.8596624135971069 
2.461651563644409 3.0273211002349854 0.33547496795654297 2.6918461322784424 0.8226691484451294 
2.449490547180176 3.028775215148926 0.3407655656337738 2.688009738922119 0.8391448259353638 
2.2947847843170166 3.008028984069824 0.33062759041786194 2.677401542663574 0.8109427690505981 
2.742166042327881 3.0395028591156006 0.3573756814002991 2.6821272373199463 0.8853275775909424 
2.2444121837615967 3.0106091499328613 0.34167516231536865 2.668933868408203 0.8430163860321045 
2.6446614265441895 3.025498867034912 0.3434089422225952 2.6820898056030273 0.8466649055480957 
2.4775846004486084 3.031395435333252 0.3433120846748352 2.6880836486816406 0.8463595509529114 
2.199462413787842 3.005808115005493 0.34245264530181885 2.663355827331543 0.845679759979248 
2.6802818775177 3.046215057373047 0.3525310456752777 2.6936841011047363 0.8708533048629761 
2.281028985977173 3.016014337539673 0.34481847286224365 2.6711957454681396 0.8512295484542847 
2.2792487144470215 3.003220558166504 0.33170729875564575 2.671513080596924 0.8150014877319336 
2.225128173828125 3.0138778686523438 0.33794841170310974 2.675929307937622 0.8323483467102051 
2.4281954765319824 3.041067123413086 0.34014445543289185 2.700922727584839 0.8364619016647339 
2.534294843673706 3.0183284282684326 0.3467392325401306 2.6715891361236572 0.8563390970230103 
2.453925609588623 2.994021415710449 0.3402945399284363 2.6537270545959473 0.8405901193618774 
2.198176860809326 2.9749505519866943 0.3444850444793701 2.630465507507324 0.8544135093688965 
2.6178765296936035 3.0076169967651367 0.3461298942565918 2.661487102508545 0.8555458188056946 
2.4737701416015625 2.983736038208008 0.3387133479118347 2.6450226306915283 0.8360214233398438 
2.7027626037597656 2.98234486579895 0.35107287764549255 2.6312718391418457 0.8729432821273804 
2.163357734680176 2.9396328926086426 0.32734134793281555 2.6122918128967285 0.8074601888656616 
2.0586748123168945 2.9339818954467773 0.33215653896331787 2.60182523727417 0.822614312171936 
2.120995044708252 2.9649457931518555 0.3320562541484833 2.63288950920105 0.8200145959854126 
2.1839969158172607 2.963592529296875 0.33047693967819214 2.633115768432617 0.8147820234298706 
2.2403860092163086 2.955354690551758 0.32767292857170105 2.6276817321777344 0.8069722652435303 
2.2656595706939697 2.9330179691314697 0.32304856181144714 2.6099696159362793 0.7958694100379944 
2.2148807048797607 2.9298839569091797 0.32318755984306335 2.606696128845215 0.7961096167564392 
2.3675730228424072 2.9617884159088135 0.32523366808891296 2.636554718017578 0.7996845841407776 
2.3902435302734375 2.9518585205078125 0.3197554051876068 2.6321029663085938 0.7838150262832642 
2.4188427925109863 2.974545478820801 0.3368346691131592 2.6377110481262207 0.8318943381309509 
2.417834758758545 2.9416890144348145 0.32968801259994507 2.6120009422302246 0.813916802406311 
2.339200496673584 2.988961935043335 0.34730178117752075 2.641660213470459 0.8612583875656128 
2.2183823585510254 2.948009490966797 0.33159273862838745 2.6164166927337646 0.8193612098693848 
2.4745941162109375 2.990166187286377 0.33520570397377014 2.6549603939056396 0.8250842094421387 
2.7771687507629395 3.0139379501342773 0.33925971388816833 2.674678325653076 0.8367644548416138 
2.551190137863159 3.006134033203125 0.3372849225997925 2.668848991394043 0.8311372995376587 
2.665161609649658 3.0108280181884766 0.3519979417324066 2.658830165863037 0.8727174997329712 
2.766050338745117 3.031151294708252 0.3532489538192749 2.6779024600982666 0.8744114637374878 
2.5224404335021973 3.00131893157959 0.3401029706001282 2.6612157821655273 0.839224100112915 
2.458205223083496 3.0201029777526855 0.3510289490222931 2.669074058532715 0.8686134815216064 
2.529834508895874 3.0344161987304688 0.3409596085548401 2.6934566497802734 0.838647723197937 
2.5568833351135254 3.043945074081421 0.34432297945022583 2.69962215423584 0.8472298979759216 
2.4871714115142822 3.0446481704711914 0.331734836101532 2.7129132747650146 0.8108160495758057 
2.576432228088379 3.0590925216674805 0.3505927622318268 2.7084999084472656 0.8636224865913391 
2.441709518432617 3.023960590362549 0.3342508375644684 2.6897096633911133 0.8190762996673584 
2.420909881591797 3.0365395545959473 0.3555337190628052 2.6810059547424316 0.8806763291358948 
2.644097089767456 3.0238418579101562 0.35150477290153503 2.672337055206299 0.8682582974433899 
2.6541759967803955 3.048521041870117 0.36294275522232056 2.6855783462524414 0.9008474946022034 
2.7540018558502197 3.022376537322998 0.3536610007286072 2.668715476989746 0.8765234351158142 
2.4034423828125 2.981445789337158 0.339563250541687 2.6418826580047607 0.839414119720459 
2.7907984256744385 3.027070999145508 0.34842878580093384 2.6786422729492188 0.8617439866065979 
2.5575101375579834 3.007948398590088 0.3448610305786133 2.6630871295928955 0.851760983467102 
2.1351728439331055 2.9755048751831055 0.3349607586860657 2.6405441761016846 0.8259060382843018 
2.5941710472106934 3.004368782043457 0.342540979385376 2.661827564239502 0.8449320793151855 
2.1484076976776123 2.9735050201416016 0.3303227424621582 2.6431825160980225 0.812799870967865 
2.3631339073181152 2.9778971672058105 0.328854501247406 2.6490426063537598 0.8074107766151428 
2.238168478012085 2.9856362342834473 0.32683849334716797 2.6587977409362793 0.8016084432601929 
2.772496223449707 3.009246826171875 0.335048645734787 2.6741981506347656 0.8234328031539917 
2.5167808532714844 2.9951601028442383 0.3324427902698517 2.66271710395813 0.8157947659492493 
2.442552089691162 3.030427932739258 0.35041746497154236 2.6800105571746826 0.8657838106155396 
2.58905029296875 3.0109972953796387 0.33994072675704956 2.6710565090179443 0.8375142812728882 
2.5634775161743164 3.0125064849853516 0.34835824370384216 2.6641483306884766 0.8611146211624146 
2.2186503410339355 2.9902122020721436 0.3300783634185791 2.6601338386535645 0.8107801675796509 
2.4549081325531006 3.0193631649017334 0.34280720353126526 2.67655611038208 0.8448442220687866 
2.3091182708740234 3.0156049728393555 0.35292643308639526 2.6626787185668945 0.8746111392974854 
2.7695531845092773 3.0311732292175293 0.3532616198062897 2.6779117584228516 0.8733047842979431 
2.4532928466796875 3.039708375930786 0.3476855754852295 2.6920228004455566 0.8581647276878357 
2.712233066558838 3.0174267292022705 0.3592948317527771 2.6581318378448486 0.8928918838500977 
2.6907825469970703 3.048265218734741 0.36256110668182373 2.685704231262207 0.899420440196991 
2.4401779174804688 3.0133635997772217 0.3516230881214142 2.661740779876709 0.8707684278488159 
2.6020610332489014 3.025959014892578 0.3498237431049347 2.6761350631713867 0.8651337623596191 
2.551844596862793 3.027111768722534 0.350340873003006 2.6767709255218506 0.8661491274833679 
2.412404775619507 3.0292134284973145 0.33972933888435364 2.689484119415283 0.8359296321868896 
2.71463942527771 3.061291217803955 0.348330020904541 2.712961435317993 0.8575937747955322 
2.177788734436035 3.0276479721069336 0.3335992693901062 2.6940488815307617 0.8181706070899963 
2.3936538696289062 3.0266809463500977 0.3360840380191803 2.690596580505371 0.8257603049278259 
2.2832069396972656 3.018852949142456 0.31798455119132996 2.7008683681488037 0.7741681337356567 
2.455796480178833 3.0252439975738525 0.3329371213912964 2.6923069953918457 0.8162283897399902 
2.544355869293213 3.020832061767578 0.3358207046985626 2.685011386871338 0.824572741985321 
2.183793544769287 2.992856740951538 0.32635530829429626 2.666501522064209 0.7997630834579468 
2.912809133529663 3.009347677230835 0.3342602849006653 2.6750874519348145 0.8214499950408936 
2.272059202194214 3.004572868347168 0.33584144711494446 2.668731451034546 0.8263230323791504 
2.5573248863220215 3.0337140560150146 0.34306520223617554 2.6906485557556152 0.8442525863647461 
2.575023651123047 3.0323925018310547 0.33839884400367737 2.69399356842041 0.8309894800186157 
2.6502368450164795 3.0291261672973633 0.35381972789764404 2.675306558609009 0.8763326406478882 
2.744515895843506 3.0285861492156982 0.3554054796695709 2.6731808185577393 0.8813345432281494 
2.399386405944824 3.0127363204956055 0.35607996582984924 2.656656265258789 0.8853147625923157 
2.5288326740264893 3.0160913467407227 0.35255569219589233 2.6635358333587646 0.8739731907844543 
2.704416275024414 3.034860134124756 0.3708034157752991 2.6640565395355225 0.9257171750068665 
2.7462735176086426 3.0580928325653076 0.36818817257881165 2.6899046897888184 0.9155352115631104 
2.577071189880371 3.032909393310547 0.3659016788005829 2.6670079231262207 0.9111928939819336 
2.5536136627197266 3.0045664310455322 0.351955771446228 2.6526107788085938 0.8733586072921753 
2.533587694168091 3.0275650024414062 0.35341960191726685 2.6741456985473633 0.8746253848075867 
2.659820556640625 3.008220672607422 0.35330480337142944 2.6549160480499268 0.8759316802024841 
2.4176058769226074 3.0025508403778076 0.3466199040412903 2.655930995941162 0.8571949601173401 
2.593116044998169 3.018430709838867 0.3473234474658966 2.671107053756714 0.8578596115112305 
2.5376806259155273 3.0107579231262207 0.3373587131500244 2.673398971557617 0.829620897769928 
2.5557234287261963 2.984431266784668 0.32823336124420166 2.6561977863311768 0.8056540489196777 
2.48793888092041 3.0112907886505127 0.3363898694515228 2.674901008605957 0.8267773389816284 
2.4240918159484863 2.9989683628082275 0.3381808400154114 2.660787582397461 0.8323653340339661 
2.3548693656921387 3.0078248977661133 0.33056169748306274 2.677262783050537 0.8102318644523621 
2.631431818008423 3.032161235809326 0.3412589132785797 2.6909022331237793 0.838558554649353 
2.2929117679595947 3.0007882118225098 0.33320119976997375 2.6675868034362793 0.8195580244064331 
2.3695621490478516 2.9849462509155273 0.3176209330558777 2.667325258255005 0.7754813432693481 
2.2518415451049805 2.9755756855010986 0.33225616812705994 2.643319606781006 0.8178081512451172 
2.30344820022583 2.9853856563568115 0.33969640731811523 2.645689010620117 0.8390528559684753 
2.5630369186401367 3.0070607662200928 0.3488083779811859 2.658252239227295 0.8636727929115295 
2.268251895904541 2.994103193283081 0.3414314091205597 2.6526718139648438 0.8438005447387695 
2.922609806060791 2.997471809387207 0.34627220034599304 2.6511995792388916 0.8567044734954834 
2.571113109588623 2.9980242252349854 0.33873799443244934 2.6592862606048584 0.8344218730926514 
2.374795913696289 2.9938716888427734 0.33934512734413147 2.654526710510254 0.8376210927963257 
2.619396686553955 3.020780086517334 0.3452203571796417 2.6755597591400146 0.8519132137298584 
2.50285267829895 3.0036282539367676 0.3455478549003601 2.658080577850342 0.8541395664215088 
2.2934999465942383 3.0037999153137207 0.3473140597343445 2.6564855575561523 0.8594874143600464 
2.3679440021514893 2.9900102615356445 0.3400697112083435 2.6499404907226562 0.8398826122283936 
2.5371360778808594 3.013883590698242 0.34595462679862976 2.667929172515869 0.854368269443512 
2.206859827041626 2.9852445125579834 0.3249185383319855 2.6603260040283203 0.7962415218353271 
2.658381700515747 3.010042905807495 0.33929604291915894 2.6707468032836914 0.8356176018714905 
2.0562310218811035 2.9647345542907715 0.32522961497306824 2.63950514793396 0.7989487648010254 
2.1236331462860107 2.975849151611328 0.3277837634086609 2.6480650901794434 0.8052374720573425 
2.3965229988098145 3.0016722679138184 0.3454144299030304 2.6562581062316895 0.8535172939300537 
2.2998757362365723 2.981022834777832 0.3354993462562561 2.6455235481262207 0.8271304368972778 
2.2469565868377686 2.9787960052490234 0.3253627419471741 2.653433322906494 0.7983207702636719 
2.3644838333129883 2.977187156677246 0.3315613865852356 2.645625591278076 0.8153630495071411 
2.8564834594726562 2.9706249237060547 0.336519330739975 2.634105682373047 0.8299311399459839 
2.637092113494873 3.004338264465332 0.34008145332336426 2.6642568111419678 0.8374042510986328 
2.574967384338379 3.0016732215881348 0.33941271901130676 2.6622605323791504 0.8357893824577332 
2.4398345947265625 2.986168384552002 0.3459590971469879 2.640209197998047 0.8561869859695435 
2.2562451362609863 3.006917953491211 0.34106433391571045 2.665853500366211 0.8406842947006226 
2.6758065223693848 3.0348129272460938 0.35171836614608765 2.6830945014953613 0.8698878884315491 
2.3663229942321777 2.9584407806396484 0.3352363407611847 2.623204231262207 0.8274571895599365 
2.407033920288086 3.0078699588775635 0.3392319083213806 2.668637752532959 0.835747241973877 
2.6179521083831787 3.0328445434570312 0.34358587861061096 2.6892588138580322 0.8460209965705872 
2.2494020462036133 2.978544235229492 0.3317185044288635 2.6468257904052734 0.816250205039978 
2.279963970184326 3.004497528076172 0.34184736013412476 2.6626501083374023 0.8436075448989868 
2.2158541679382324 2.9957776069641113 0.3414718210697174 2.6543056964874268 0.8435153365135193 
2.4031155109405518 3.0180625915527344 0.34897512197494507 2.6690874099731445 0.8629704117774963 
2.656156539916992 3.01125168800354 0.33998599648475647 2.6712656021118164 0.8380488753318787 
2.105118751525879 2.9539899826049805 0.32093560695648193 2.633054494857788 0.7871625423431396 
2.1517152786254883 2.9762415885925293 0.32420724630355835 2.652034282684326 0.7948470711708069 
2.2269845008850098 2.9772772789001465 0.33910495042800903 2.6381726264953613 0.8382634520530701 
2.365023136138916 2.9958667755126953 0.33380764722824097 2.6620593070983887 0.8208918571472168 
2.5570502281188965 2.9687917232513428 0.3437265455722809 2.6250650882720947 0.8525457382202148 
2.7117016315460205 2.992337942123413 0.3539220094680786 2.638416051864624 0.879475474357605 
2.7793591022491455 3.009319543838501 0.3526322543621063 2.6566872596740723 0.8743035793304443 
2.4664602279663086 3.010253429412842 0.3432680368423462 2.666985511779785 0.8475677371025085 
2.311173915863037 2.9975926876068115 0.34179797768592834 2.655794620513916 0.844849705696106 
2.41875958442688 2.978238821029663 0.3367905020713806 2.6414482593536377 0.8319647312164307 
2.238609552383423 2.969053030014038 0.34474658966064453 2.6243064403533936 0.855808436870575 
2.6565542221069336 3.0130112171173096 0.35677197575569153 2.6562390327453613 0.8859328031539917 
2.219980239868164 2.998509645462036 0.339855432510376 2.65865421295166 0.8384459614753723 
2.592878818511963 2.9821200370788574 0.3446301221847534 2.6374897956848145 0.8526111245155334 
2.3661723136901855 2.985313892364502 0.32965266704559326 2.655661106109619 0.808661699295044 
2.3431901931762695 2.993882179260254 0.34498438239097595 2.648897886276245 0.8536263108253479 
2.6755218505859375 3.0305323600769043 0.35345590114593506 2.6770763397216797 0.8746956586837769 
2.0259816646575928 2.958090305328369 0.3353460431098938 2.622744083404541 0.8290164470672607 
2.255828619003296 3.0120763778686523 0.34515389800071716 2.6669223308563232 0.8520501255989075 
2.4345908164978027 3.024583339691162 0.3275567591190338 2.6970267295837402 0.8004511594772339 
2.5342905521392822 2.9912924766540527 0.3330599367618561 2.6582324504852295 0.8200242519378662 
2.342872142791748 2.9921092987060547 0.34044086933135986 2.6516685485839844 0.8403475284576416 
2.426356077194214 3.0079283714294434 0.3440748155117035 2.663853645324707 0.8499142527580261 
2.266413688659668 3.010422706604004 0.3475501835346222 2.662872314453125 0.860108494758606 
2.2283263206481934 2.9773974418640137 0.3307185769081116 2.646678924560547 0.8144522309303284 
2.293825149536133 2.9999051094055176 0.33896780014038086 2.660937547683716 0.8364776372909546 
2.350870132446289 2.9798026084899902 0.34095776081085205 2.6388447284698486 0.8434496521949768 
2.616203784942627 3.006070137023926 0.3488473892211914 2.6572227478027344 0.8639887571334839 
2.6995058059692383 3.0127511024475098 0.3435034155845642 2.669247627258301 0.8481553196907043 
2.496110439300537 2.969942092895508 0.32070836424827576 2.649233818054199 0.7855973243713379 
2.3572933673858643 2.999720335006714 0.34847182035446167 2.6512484550476074 0.8629790544509888 
2.508085250854492 2.9929888248443604 0.34868109226226807 2.644307851791382 0.8645614385604858 
2.47383189201355 3.007453441619873 0.3470635414123535 2.6603899002075195 0.8583096265792847 
2.5015571117401123 3.020399570465088 0.3395158052444458 2.6808834075927734 0.8351173400878906 
2.4819607734680176 3.0020415782928467 0.33814316987991333 2.663898468017578 0.8331067562103271 
2.2502310276031494 2.9779725074768066 0.3286740183830261 2.6492984294891357 0.8078000545501709 
2.513392448425293 3.0029397010803223 0.35061243176460266 2.652327060699463 0.8688894510269165 
2.502035617828369 3.0165140628814697 0.3548799455165863 2.6616339683532715 0.8805145621299744 
2.6184041500091553 3.0216808319091797 0.35250145196914673 2.6691794395446777 0.8727078437805176 
2.5233519077301025 3.0038509368896484 0.3512352705001831 2.652615785598755 0.8709620833396912 
2.2108447551727295 2.9544472694396973 0.33976098895072937 2.6146860122680664 0.8418748378753662 
2.487330436706543 2.9868900775909424 0.3386611342430115 2.648228883743286 0.8363181352615356 
2.424415111541748 3.01459002494812 0.34111499786376953 2.6734747886657715 0.8402588367462158 
2.3370771408081055 2.969573736190796 0.3225700259208679 2.6470038890838623 0.7915452718734741 
2.521160840988159 3.0138139724731445 0.32699328660964966 2.6868205070495605 0.8001765012741089 
2.4607224464416504 3.000255823135376 0.33590441942214966 2.664351463317871 0.8268066048622131 
2.2287797927856445 2.9872846603393555 0.33486300706863403 2.652421712875366 0.8246231079101562 
2.5432615280151367 3.001984119415283 0.3278316259384155 2.674152374267578 0.8036532402038574 
2.6052777767181396 3.0207180976867676 0.3397000730037689 2.681018114089966 0.836326003074646 
2.406564712524414 3.0086822509765625 0.34341391921043396 2.6652681827545166 0.8468369245529175 
2.112182140350342 2.9984960556030273 0.33239832520484924 2.66609787940979 0.8165239095687866 
2.26690673828125 3.003394842147827 0.3302766680717468 2.6731181144714355 0.8106759786605835 
2.4247798919677734 3.01578426361084 0.34455668926239014 2.67122745513916 0.8501933217048645 
2.718289852142334 3.0328874588012695 0.3514458239078522 2.6814417839050293 0.8688755631446838 
2.4287161827087402 3.00386905670166 0.3492129445075989 2.654655933380127 0.8649489879608154 
2.5267460346221924 3.0205368995666504 0.3577921390533447 2.6627445220947266 0.8885525465011597 
2.3803677558898926 2.988386869430542 0.35123410820961 2.637152671813965 0.872164249420166 
2.722294807434082 3.032364845275879 0.3553277850151062 2.677037239074707 0.8800157308578491 
2.6054940223693848 3.0170207023620605 0.35498034954071045 2.6620402336120605 0.8806394338607788 
2.394202947616577 3.012176513671875 0.35298672318458557 2.6591897010803223 0.8754167556762695 
2.1339592933654785 2.9970598220825195 0.3302183747291565 2.666841745376587 0.8105988502502441 
2.6059646606445312 3.0050618648529053 0.3448569178581238 2.660205125808716 0.8516141176223755 
2.332171678543091 3.019221305847168 0.3446599841117859 2.6745612621307373 0.8507769703865051 
2.813930034637451 3.0489349365234375 0.34961986541748047 2.699315071105957 0.86232590675354 
2.3522861003875732 2.9607057571411133 0.3288150727748871 2.6318905353546143 0.8100463151931763 
2.489161491394043 2.9963908195495605 0.3475230932235718 2.648867607116699 0.8596735000610352 
2.4287948608398438 2.9775571823120117 0.33989036083221436 2.637666940689087 0.8396164774894714 
2.576106071472168 3.00925874710083 0.34879881143569946 2.6604599952697754 0.8631250858306885 
2.4444162845611572 2.9937868118286133 0.3440299332141876 2.649756908416748 0.8497677445411682 
2.3127856254577637 2.9822802543640137 0.3388196527957916 2.643460750579834 0.8365960717201233 
2.7282257080078125 2.99226713180542 0.3414403796195984 2.6508266925811768 0.8416945934295654 
2.524570941925049 2.9883360862731934 0.33289167284965515 2.655444383621216 0.8182244896888733 
2.4655508995056152 3.007572889328003 0.3314419686794281 2.676130771636963 0.8116949796676636 
2.5350213050842285 3.0029327869415283 0.3399760127067566 2.662956714630127 0.8367218971252441 
2.634322166442871 3.031406879425049 0.3504318594932556 2.6809747219085693 0.8655368089675903 
2.2080440521240234 2.9862256050109863 0.333499014377594 2.652726650238037 0.8202484846115112 
2.258013963699341 2.9669618606567383 0.3142322897911072 2.6527295112609863 0.7668501734733582 
2.4574172496795654 3.014934539794922 0.34629112482070923 2.6686434745788574 0.8552314639091492 
2.512810230255127 3.0173869132995605 0.3358684480190277 2.681518793106079 0.825738787651062 
2.5261693000793457 3.0281152725219727 0.35208237171173096 2.6760330200195312 0.8704444169998169 
2.5020008087158203 3.0029008388519287 0.34650638699531555 2.6563944816589355 0.8563395738601685 
2.716722011566162 3.0252442359924316 0.34058678150177 2.6846578121185303 0.8382558822631836 
2.798224449157715 3.039595127105713 0.3530781865119934 2.686516761779785 0.8727957010269165 
2.2481184005737305 3.00199031829834 0.3456086218357086 2.656381845474243 0.854895830154419 
2.306270122528076 2.9967150688171387 0.34293144941329956 2.6537833213806152 0.8469021320343018 
2.143723964691162 2.983151912689209 0.33171916007995605 2.651432514190674 0.8162932395935059 
2.4145889282226562 3.013705253601074 0.3511810302734375 2.6625242233276367 0.8697097301483154 
2.123762369155884 2.940826892852783 0.33076274394989014 2.6100640296936035 0.8170213103294373 
2.5132627487182617 2.9932639598846436 0.3393866717815399 2.6538774967193604 0.8379137516021729 
2.093132495880127 2.9462027549743652 0.3416353464126587 2.604567527770996 0.8477489352226257 
2.3482799530029297 2.980741024017334 0.3422349691390991 2.6385061740875244 0.8467282056808472 
2.47128963470459 2.962324380874634 0.3361876606941223 2.6261367797851562 0.8306649923324585 
2.2902536392211914 2.958838701248169 0.34178128838539124 2.6170573234558105 0.847787618637085 
2.1902706623077393 2.974801540374756 0.3377905488014221 2.6370110511779785 0.834057092666626 
2.4837746620178223 2.940896511077881 0.3410835862159729 2.5998129844665527 0.8463433980941772 
2.4687750339508057 2.963594436645508 0.34087657928466797 2.62271785736084 0.8450292348861694 
2.0247955322265625 2.917055130004883 0.3302052617073059 2.5868496894836426 0.8174302577972412 
2.6249547004699707 2.9761602878570557 0.3370818495750427 2.6390786170959473 0.8324776291847229 
2.090479612350464 2.938220500946045 0.314909428358078 2.6233110427856445 0.7716415524482727 
2.704195022583008 2.9821224212646484 0.33153483271598816 2.650587558746338 0.8162146806716919 
2.4493656158447266 2.9648003578186035 0.32493239641189575 2.6398677825927734 0.7983925938606262 
2.1426830291748047 2.9719347953796387 0.32871195673942566 2.6432228088378906 0.8086970448493958 
2.738452434539795 3.020637035369873 0.3379301428794861 2.6827070713043213 0.8312826156616211 
2.455845355987549 3.009768009185791 0.33876028656959534 2.6710078716278076 0.8346672058105469 
2.345644474029541 3.0187530517578125 0.3365131616592407 2.6822397708892822 0.8267326951026917 
2.363908290863037 3.017564296722412 0.34322959184646606 2.6743345260620117 0.8466798663139343 
2.1816186904907227 3.0232994556427 0.3443800210952759 2.6789193153381348 0.8498184680938721 
2.579223871231079 3.036418914794922 0.34309157729148865 2.6933274269104004 0.8441802263259888 
2.4997801780700684 3.0321543216705322 0.34209007024765015 2.6900644302368164 0.841585636138916 
2.272134780883789 3.013475179672241 0.34228748083114624 2.67118763923645 0.8442914485931396 
2.37136173248291 3.0235419273376465 0.34770864248275757 2.675833225250244 0.8589409589767456 
2.4741873741149902 2.9972968101501465 0.3387422561645508 2.6585545539855957 0.8348076939582825 
2.685009002685547 3.038188934326172 0.35539066791534424 2.682798147201538 0.8790453672409058 
2.198399543762207 3.0058369636535645 0.34140223264694214 2.6644349098205566 0.841919481754303 
2.511305809020996 3.0234036445617676 0.3423936069011688 2.6810102462768555 0.8437075614929199 
2.2186357975006104 2.9618358612060547 0.32987433671951294 2.6319615840911865 0.8124275207519531 
2.456946849822998 2.9885430335998535 0.33766138553619385 2.650881767272949 0.8330759406089783 
2.4692134857177734 2.965301752090454 0.33219629526138306 2.633105516433716 0.8177565336227417 
2.4623632431030273 2.9779794216156006 0.347979873418808 2.6299996376037598 0.8629748821258545 
2.483917713165283 2.9992761611938477 0.3412103056907654 2.6580657958984375 0.8423563241958618 
2.3261094093322754 2.9759867191314697 0.34020471572875977 2.63578200340271 0.8407468795776367 
2.5269765853881836 3.013035774230957 0.34754088521003723 2.665494918823242 0.8596686720848083 
2.621748208999634 3.001307487487793 0.3351691961288452 2.6661386489868164 0.8236122131347656 
2.377411365509033 3.01824951171875 0.34917566180229187 2.669074058532715 0.8637116551399231 
2.703685760498047 3.025869846343994 0.35598301887512207 2.669886589050293 0.8826035261154175 
2.5708541870117188 2.9811251163482666 0.33649325370788574 2.644631862640381 0.8306055068969727 
2.001993179321289 2.9686155319213867 0.337291955947876 2.6313233375549316 0.8337951898574829 
2.5660314559936523 3.0287632942199707 0.34258633852005005 2.6861770153045654 0.8439970016479492 
2.4728264808654785 3.0047242641448975 0.34042418003082275 2.6643002033233643 0.839576005935669 
2.7019896507263184 3.0113484859466553 0.34626859426498413 2.6650800704956055 0.8553183078765869 
2.3115477561950684 2.9800589084625244 0.33716219663619995 2.6428966522216797 0.8322548866271973 
2.2229063510894775 2.9809703826904297 0.33222800493240356 2.648742437362671 0.8184912204742432 
2.1448676586151123 2.9553208351135254 0.3165174126625061 2.638803243637085 0.7747794389724731 
2.214170455932617 2.9902825355529785 0.3341861367225647 2.6560964584350586 0.8227508664131165 
2.253171920776367 3.006089448928833 0.3382616639137268 2.667827844619751 0.8334555625915527 
2.1815409660339355 2.981602191925049 0.3344222605228424 2.6471798419952393 0.8243840932846069 
2.4818849563598633 2.9737329483032227 0.3381224572658539 2.635610580444336 0.8352821469306946 
2.5517826080322266 3.0043468475341797 0.34722572565078735 2.657121181488037 0.8593600988388062 
2.5333824157714844 3.0073795318603516 0.33812442421913147 2.669254779815674 0.8330392837524414 
2.2109012603759766 2.9365575313568115 0.31592464447021484 2.6206328868865967 0.7740858793258667 
2.4832353591918945 3.0002589225769043 0.3476908206939697 2.6525683403015137 0.8618000745773315 
2.3195602893829346 2.992663860321045 0.33503222465515137 2.6576316356658936 0.8256140351295471 
2.127453088760376 2.9143476486206055 0.33208346366882324 2.5822644233703613 0.8232448101043701 
2.239840269088745 2.9630913734436035 0.3351721167564392 2.6279191970825195 0.827940821647644 
2.551431179046631 2.978961229324341 0.339921236038208 2.639039993286133 0.8405663967132568 
2.440077304840088 2.986743450164795 0.34478557109832764 2.6419577598571777 0.8537521958351135 
2.1340951919555664 2.9401066303253174 0.327455073595047 2.6126515865325928 0.8079386353492737 
2.407135009765625 2.98681640625 0.33646515011787415 2.6503515243530273 0.8303797245025635 
2.4980220794677734 2.9971866607666016 0.3461892604827881 2.6509971618652344 0.8572590947151184 
2.0919528007507324 2.9678475856781006 0.3409504294395447 2.6268973350524902 0.8440302014350891 
2.580357551574707 2.9958345890045166 0.3493434190750122 2.646491289138794 0.8657684326171875 
2.566976547241211 3.0289182662963867 0.33967694640159607 2.689241409301758 0.8348329067230225 
3.00241756439209 3.0141096115112305 0.3515273630619049 2.6625823974609375 0.8713717460632324 
2.675711154937744 3.0444552898406982 0.3486391305923462 2.6958160400390625 0.8594620823860168 
2.3599929809570312 3.028686046600342 0.3231309652328491 2.7055552005767822 0.7869247198104858 
2.20365309715271 3.0152292251586914 0.33169683814048767 2.683532238006592 0.8133822679519653 
2.4574573040008545 3.050018310546875 0.3405585289001465 2.7094597816467285 0.8357378244400024 
2.461855173110962 3.038571357727051 0.33055970072746277 2.7080113887786865 0.8084543943405151 
2.6765356063842773 3.049929141998291 0.36927536129951477 2.6806540489196777 0.9190279841423035 
2.7777328491210938 3.0531766414642334 0.3609192371368408 2.6922574043273926 0.8937661647796631 
2.5344793796539307 3.0197994709014893 0.3602723777294159 2.659526824951172 0.896057665348053 
2.4869141578674316 3.0362844467163086 0.36134445667266846 2.6749401092529297 0.8970555663108826 
2.7377352714538574 3.0521230697631836 0.3607798218727112 2.691343307495117 0.8949447274208069 
2.3266046047210693 3.007758378982544 0.34845462441444397 2.659303665161133 0.8628017902374268 
2.552395820617676 3.020967483520508 0.35093650221824646 2.6700308322906494 0.8678657412528992 
2.1746833324432373 2.966935157775879 0.3266751766204834 2.6402599811553955 0.802217960357666 
2.1639509201049805 2.9830482006073 0.33522576093673706 2.647822380065918 0.8259916305541992 
2.3493456840515137 2.9975624084472656 0.33664190769195557 2.6609206199645996 0.8291897773742676 
2.14616060256958 2.9442408084869385 0.3210981488227844 2.623142719268799 0.7889933586120605 
2.272611141204834 2.960230827331543 0.32972562313079834 2.630505323410034 0.8127841949462891 
1.9527215957641602 2.930861473083496 0.3184208869934082 2.612440586090088 0.7817795276641846 
2.1960437297821045 2.912060260772705 0.32866305112838745 2.583397388458252 0.8124925494194031 
2.0021774768829346 2.896106481552124 0.3182061016559601 2.5779004096984863 0.7845253348350525 
2.3275628089904785 2.954679250717163 0.342179536819458 2.612499713897705 0.8490790128707886 
2.24772310256958 2.9109578132629395 0.3257320523262024 2.5852255821228027 0.8041173815727234 
2.165109634399414 2.930239677429199 0.3340764045715332 2.596163034439087 0.82794189453125 
2.4549646377563477 2.92634654045105 0.33580416440963745 2.5905423164367676 0.8327832221984863 
2.2972183227539062 2.9255599975585938 0.33870774507522583 2.5868520736694336 0.8405004143714905 
2.291776180267334 2.941298484802246 0.3329703211784363 2.608327865600586 0.823643147945404 
2.0504212379455566 2.9325976371765137 0.3369562029838562 2.5956413745880127 0.8360555171966553 
2.233205795288086 2.949955940246582 0.3144347667694092 2.635521411895752 0.7700014710426331 
2.3749136924743652 2.970752716064453 0.33870601654052734 2.632046937942505 0.836920976638794 
2.35137939453125 2.977540969848633 0.33741533756256104 2.6401257514953613 0.833024799823761 
2.2987284660339355 2.937347888946533 0.3324856162071228 2.6048624515533447 0.8224657773971558 
2.1266040802001953 2.9256515502929688 0.3271480202674866 2.598503589630127 0.8075816631317139 
2.6110172271728516 2.9718289375305176 0.33025580644607544 2.641573190689087 0.8137001395225525 
2.4249300956726074 2.9643161296844482 0.3375996947288513 2.626716375350952 0.8353709578514099 
2.379307270050049 2.9629881381988525 0.33848562836647034 2.624502658843994 0.8367225527763367 
2.2619667053222656 2.950139045715332 0.3240601718425751 2.6260790824890137 0.7962155938148499 
2.799635171890259 2.9980385303497314 0.3364356756210327 2.6616029739379883 0.8293774127960205 
2.667753219604492 2.980786085128784 0.3388948142528534 2.6418914794921875 0.8377797603607178 
2.663095474243164 3.011824369430542 0.35541480779647827 2.656409740447998 0.8822879791259766 
2.66056489944458 3.0071771144866943 0.35559630393981934 2.651580810546875 0.8817166686058044 
2.620142936706543 3.010344982147217 0.3512555956840515 2.6590893268585205 0.8699135780334473 
2.3709561824798584 2.9999239444732666 0.3401302695274353 2.6597936153411865 0.8387342691421509 
2.434711456298828 2.9912376403808594 0.3416635990142822 2.649573802947998 0.8436976671218872 
2.231074333190918 2.9923148155212402 0.3372880816459656 2.655026912689209 0.8304221630096436 
2.4348793029785156 2.993227005004883 0.3474349081516266 2.645792007446289 0.8603626489639282 
2.3167364597320557 2.986650228500366 0.3331757187843323 2.6534745693206787 0.8196555376052856 
2.1808948516845703 2.9882757663726807 0.3325374722480774 2.655738353729248 0.8172205090522766 
2.5516505241394043 3.0303030014038086 0.35609495639801025 2.674207925796509 0.881708025932312 
2.4913418292999268 2.9871678352355957 0.3430033028125763 2.644164562225342 0.8476290702819824 
2.179535388946533 2.9712750911712646 0.3393290042877197 2.631946086883545 0.8381507396697998 
2.297408103942871 2.9824490547180176 0.33327144384384155 2.6491775512695312 0.8196601271629333 
2.3760499954223633 2.9852612018585205 0.3421163558959961 2.6431448459625244 0.8445888757705688 
2.176952600479126 2.9657585620880127 0.33594733476638794 2.6298112869262695 0.8299283981323242 
2.1184656620025635 2.9374172687530518 0.3343798518180847 2.6030373573303223 0.8266782760620117 
2.5585286617279053 2.985185146331787 0.3492089509963989 2.6359763145446777 0.8654248714447021 
2.002264976501465 2.941547393798828 0.32535305619239807 2.616194248199463 0.8014329075813293 
2.6837639808654785 2.993412971496582 0.32704126834869385 2.6663718223571777 0.8022816777229309 
2.5730037689208984 2.939333915710449 0.33340874314308167 2.6059250831604004 0.823789119720459 
2.0358242988586426 2.898800849914551 0.3188098073005676 2.579990863800049 0.7854276895523071 
2.7826738357543945 2.978055715560913 0.33484071493148804 2.6432151794433594 0.8254503607749939 
2.48636531829834 2.9594650268554688 0.3304991126060486 2.6289658546447754 0.8147170543670654 
2.446751594543457 2.9830479621887207 0.32361412048339844 2.6594338417053223 0.7930715680122375 
2.302173137664795 2.9955368041992188 0.3398037552833557 2.6557328701019287 0.8382017612457275 
2.6178061962127686 3.0012147426605225 0.3214885890483856 2.6797261238098145 0.7861931324005127 
2.5467069149017334 3.017180919647217 0.3390308618545532 2.678150177001953 0.8339574337005615 
2.3716788291931152 2.9688382148742676 0.3377370238304138 2.631101131439209 0.8340727090835571 
2.3340392112731934 2.9993605613708496 0.3422146439552307 2.6571459770202637 0.8446865081787109 
2.473202705383301 3.0265698432922363 0.3461620807647705 2.680407762527466 0.8538017272949219 
2.5598397254943848 3.00608229637146 0.3414279818534851 2.66465425491333 0.8416488170623779 
2.4106264114379883 3.0174708366394043 0.3475892245769501 2.669881820678711 0.8590266704559326 
2.467391014099121 3.031203508377075 0.3375239074230194 2.6936798095703125 0.8286610841751099 
2.272904634475708 3.0080924034118652 0.3400719165802002 2.668020486831665 0.8380222320556641 
2.414581298828125 3.0117557048797607 0.3541221022605896 2.6576337814331055 0.8774926662445068 
2.2853331565856934 2.9667463302612305 0.3271061182022095 2.6396398544311523 0.8037182092666626 
2.3155040740966797 2.985126495361328 0.34733325242996216 2.6377933025360107 0.8608246445655823 
2.6576735973358154 3.0284676551818848 0.353559672832489 2.67490816116333 0.8754426836967468 
2.5341384410858154 3.009066104888916 0.3565073013305664 2.6525588035583496 0.8849334716796875 
2.7330424785614014 3.013920307159424 0.3540177345275879 2.659902572631836 0.8784597516059875 
2.7951765060424805 3.0334770679473877 0.35504984855651855 2.678427219390869 0.880059540271759 
2.3359594345092773 3.000998020172119 0.3455720543861389 2.655425786972046 0.8551949858665466 
2.3090081214904785 2.996305465698242 0.3307254910469055 2.6655797958374023 0.8120293617248535 
2.569622039794922 3.006201982498169 0.34294968843460083 2.663252353668213 0.8460389375686646 
2.5737297534942627 3.0297796726226807 0.35075822472572327 2.6790213584899902 0.8666583895683289 
2.389585494995117 3.0191476345062256 0.343386709690094 2.6757607460021973 0.8457860946655273 
2.2319912910461426 3.011993885040283 0.3343147039413452 2.6776793003082275 0.8208844065666199 
2.149415969848633 2.9671897888183594 0.32762014865875244 2.6395697593688965 0.8053630590438843 
2.5193562507629395 3.0016350746154785 0.3432498574256897 2.6583852767944336 0.847143292427063 
2.420769691467285 2.992738723754883 0.3335813581943512 2.6591572761535645 0.8202636241912842 
2.127986431121826 2.98347806930542 0.33169686794281006 2.6517813205718994 0.81584632396698 
1.929440975189209 2.927729368209839 0.3168126940727234 2.6109163761138916 0.7777522802352905 
2.3005754947662354 2.983372211456299 0.33835262060165405 2.64501953125 0.8358197212219238 
2.2430531978607178 2.9448935985565186 0.3217170238494873 2.6231765747070312 0.7909610271453857 
2.1527364253997803 2.930354595184326 0.32992538809776306 2.600429058074951 0.8149635791778564 
2.6483116149902344 3.0018553733825684 0.3514806628227234 2.6503748893737793 0.8718521595001221 
2.055706739425659 2.9150922298431396 0.3338063061237335 2.5812859535217285 0.8282372951507568 
2.923234462738037 3.0053935050964355 0.34740573167800903 2.6579880714416504 0.8598415851593018 
2.33278226852417 2.9827075004577637 0.3516596555709839 2.6310477256774902 0.8739031553268433 
2.1954891681671143 2.9837536811828613 0.3338160514831543 2.649937629699707 0.8222509622573853 
2.4655725955963135 3.024221897125244 0.3588007092475891 2.6654212474823 0.8902589082717896 
2.3550639152526855 2.987062454223633 0.34158509969711304 2.645477294921875 0.8447836637496948 
2.320495367050171 2.983613967895508 0.33015698194503784 2.653456687927246 0.8119348883628845 
2.288501262664795 2.9742279052734375 0.3441872000694275 2.6300408840179443 0.8532249927520752 
2.6076176166534424 3.0100884437561035 0.3412804901599884 2.6688079833984375 0.8417374491691589 
2.542579412460327 3.006732225418091 0.35421618819236755 2.6525161266326904 0.8780691623687744 
2.1952481269836426 2.9439220428466797 0.33202797174453735 2.611894130706787 0.8207010626792908 
2.3967182636260986 2.9861292839050293 0.3349323272705078 2.6511969566345215 0.8252779245376587 
2.2212319374084473 2.9853954315185547 0.3424980640411377 2.642897367477417 0.8467955589294434 
2.4057202339172363 2.97068190574646 0.3386775255203247 2.632004499435425 0.8373146057128906 
2.3315207958221436 2.9669229984283447 0.3330634832382202 2.633859395980835 0.8208906054496765 
2.5610992908477783 3.003837823867798 0.3337952792644501 2.6700425148010254 0.8201653361320496 
2.2732949256896973 2.9979424476623535 0.33921271562576294 2.6587297916412354 0.8372644782066345 
2.2133595943450928 2.971679210662842 0.33093705773353577 2.640742301940918 0.8150618076324463 
2.1571316719055176 2.951634645462036 0.3195742070674896 2.6320605278015137 0.7846017479896545 
2.2500953674316406 2.954744338989258 0.3241389989852905 2.6306052207946777 0.7976211905479431 
2.34157133102417 2.984677791595459 0.3370288014411926 2.647649049758911 0.8314822912216187 
2.0241665840148926 2.9481148719787598 0.33019980788230896 2.617915153503418 0.8151164054870605 
2.4733128547668457 3.0083165168762207 0.34640413522720337 2.661912202835083 0.8570687174797058 
2.1948156356811523 2.938777446746826 0.33382147550582886 2.6049561500549316 0.8263350129127502 
2.369877338409424 2.9692506790161133 0.32675090432167053 2.6424996852874756 0.8041266202926636 
2.191005229949951 2.946535348892212 0.3362427055835724 2.610292434692383 0.833328127861023 
2.2937793731689453 2.9232895374298096 0.3390911817550659 2.584198236465454 0.8432283401489258 
2.1826295852661133 2.938251495361328 0.336900532245636 2.601350784301758 0.8354353904724121 
2.3318750858306885 2.984971523284912 0.3293185532093048 2.6556529998779297 0.8091506958007812 
2.4340553283691406 2.9636669158935547 0.34824979305267334 2.615417003631592 0.8672668933868408 
2.273613452911377 2.9737792015075684 0.3403472602367401 2.633431911468506 0.8419317603111267 
2.625761032104492 2.996901273727417 0.3450459837913513 2.651854991912842 0.8537747859954834 
2.320866346359253 2.991136074066162 0.34935760498046875 2.6417784690856934 0.8669021725654602 
2.3411731719970703 2.9443013668060303 0.330185204744339 2.6141161918640137 0.8154839277267456 
2.1797447204589844 2.9568700790405273 0.3315161168575287 2.625354290008545 0.8176902532577515 
2.276061534881592 2.9736945629119873 0.3276631534099579 2.646031379699707 0.8057769536972046 
2.235286235809326 2.984121799468994 0.3329646587371826 2.6511571407318115 0.8191583752632141 
2.2853891849517822 2.989769458770752 0.33582350611686707 2.6539459228515625 0.8266702890396118 
2.4246270656585693 2.9779491424560547 0.3244650959968567 2.6534838676452637 0.7953578233718872 
2.497163772583008 2.992767572402954 0.33534958958625793 2.6574180126190186 0.826020359992981 
2.440154552459717 2.9862356185913086 0.33749133348464966 2.6487441062927246 0.8323299884796143 
2.215056896209717 2.9775638580322266 0.33128035068511963 2.6462836265563965 0.815660297870636 
2.283238410949707 2.998478412628174 0.33691442012786865 2.6615641117095947 0.8295992016792297 
2.3238587379455566 2.9780139923095703 0.32867512106895447 2.649338722229004 0.8082340955734253 
2.499845504760742 3.0258421897888184 0.3544473946094513 2.6713948249816895 0.8781447410583496 
2.371659517288208 3.0069568157196045 0.33501681685447693 2.6719398498535156 0.8225945234298706 
2.4728004932403564 2.9913506507873535 0.3595063090324402 2.6318445205688477 0.8957111835479736 
2.531852960586548 3.0350685119628906 0.36509162187576294 2.6699771881103516 0.9085996150970459 
2.6092886924743652 2.9824001789093018 0.34716516733169556 2.635234832763672 0.8613330125808716 
2.3192334175109863 2.962963104248047 0.35512882471084595 2.6078341007232666 0.8870151042938232 
2.509943962097168 2.958937644958496 0.3525950312614441 2.606342315673828 0.8789558410644531 
2.2375028133392334 2.959914207458496 0.3400264382362366 2.619887590408325 0.8420766592025757 
2.394204616546631 2.9528651237487793 0.34187260270118713 2.610992431640625 0.8483954071998596 
2.2267260551452637 2.94100284576416 0.3366878628730774 2.6043148040771484 0.8329854011535645 
2.329169511795044 2.986206531524658 0.34631240367889404 2.639894485473633 0.8593835830688477 
2.324380874633789 2.9908337593078613 0.32636672258377075 2.6644670963287354 0.8000836372375488 
2.440619945526123 3.0029468536376953 0.34108173847198486 2.661864757537842 0.8414798974990845 
2.38792085647583 3.0002424716949463 0.31970274448394775 2.680539608001709 0.7797207832336426 
2.1615538597106934 2.995598316192627 0.32082536816596985 2.6747732162475586 0.7837494611740112 
2.4157185554504395 2.989358425140381 0.3189746141433716 2.6703836917877197 0.7789692878723145 
2.226767063140869 2.9747071266174316 0.32015132904052734 2.6545557975769043 0.7837327718734741 
1.9467346668243408 2.9735794067382812 0.3421960175037384 2.631383180618286 0.8481492400169373 
2.427762985229492 3.031217575073242 0.3556349277496338 2.6755826473236084 0.8817039728164673 
2.2536098957061768 2.963773488998413 0.3382858335971832 2.6254875659942627 0.8367477655410767 
2.3692514896392822 3.0091335773468018 0.35287976264953613 2.6562538146972656 0.8752491474151611 
2.7661874294281006 3.0106449127197266 0.35900169610977173 2.6516432762145996 0.8937467336654663 
2.4771804809570312 2.9788124561309814 0.3405299186706543 2.638282537460327 0.8422962427139282 
2.1989755630493164 2.9391589164733887 0.2996310591697693 2.6395277976989746 0.7279775738716125 
2.6698451042175293 2.9913129806518555 0.34992581605911255 2.6413872241973877 0.8680423498153687 
2.6194252967834473 2.990346670150757 0.3443797528743744 2.6459670066833496 0.8528016209602356 
2.455244541168213 2.9677484035491943 0.34342247247695923 2.62432599067688 0.8516967296600342 
2.42449951171875 2.977691173553467 0.35358956456184387 2.6241016387939453 0.8792673945426941 
2.138673782348633 2.9553756713867188 0.3329532742500305 2.622422456741333 0.8211607933044434 
2.5860276222229004 2.986258029937744 0.34209662675857544 2.6441612243652344 0.8466981649398804 
2.7591261863708496 3.0064125061035156 0.3429604768753052 2.6634521484375 0.8457378149032593 
2.3063390254974365 2.9701547622680664 0.333681583404541 2.6364731788635254 0.8231933116912842 
2.4190545082092285 2.9806621074676514 0.31621792912483215 2.6644442081451416 0.7710609436035156 
2.4263744354248047 2.9719786643981934 0.32047927379608154 2.6514995098114014 0.7841516137123108 
2.3357601165771484 2.977759838104248 0.3474186658859253 2.630341053009033 0.8610812425613403 
2.514176368713379 2.9960379600524902 0.34815776348114014 2.6478803157806396 0.8609943985939026 
2.4464406967163086 2.9849965572357178 0.3226131796836853 2.662383556365967 0.7890632152557373 
2.5075430870056152 2.9767367839813232 0.33907654881477356 2.637660503387451 0.8371186256408691 
2.5121915340423584 2.961935520172119 0.3372552990913391 2.6246800422668457 0.8327316045761108 
2.4768319129943848 3.0315499305725098 0.3444201946258545 2.687129497528076 0.8477177023887634 
2.5430774688720703 2.9897866249084473 0.33036547899246216 2.65942120552063 0.8101380467414856 
3.038947105407715 3.02982234954834 0.35900548100471497 2.6708168983459473 0.8903000354766846 
2.931945562362671 3.015747547149658 0.35908737778663635 2.6566600799560547 0.8923919796943665 
3.0516467094421387 3.0391645431518555 0.368180513381958 2.6709842681884766 0.916465163230896 
2.4166316986083984 3.03279447555542 0.3481553792953491 2.6846389770507812 0.8591251969337463 
2.7126379013061523 3.057438373565674 0.3553643822669983 2.7020740509033203 0.8772577047348022 
2.399919033050537 3.029740810394287 0.3277219533920288 2.7020187377929688 0.8006863594055176 
2.666349172592163 3.057762861251831 0.3496943414211273 2.708068370819092 0.8603780269622803 
2.878933906555176 3.0735697746276855 0.36472874879837036 2.708841323852539 0.902493417263031 
2.406628370285034 3.041962146759033 0.3451669216156006 2.6967952251434326 0.8491894006729126 
2.677713394165039 3.053964853286743 0.3579438328742981 2.69602108001709 0.8846699595451355 
2.719365358352661 3.0525054931640625 0.3673287034034729 2.6851768493652344 0.9123580455780029 
2.704059600830078 3.062371015548706 0.37399548292160034 2.688375473022461 0.9311963319778442 
2.44448184967041 3.0153961181640625 0.32950830459594727 2.6858878135681152 0.8062559366226196 
2.4015355110168457 3.0310120582580566 0.3430154621601105 2.6879963874816895 0.8447749614715576 
2.593024969100952 3.0027058124542236 0.3485264778137207 2.654179096221924 0.8631464242935181 
2.4600629806518555 2.9612514972686768 0.3381441831588745 2.623107433319092 0.8356268405914307 
2.5151736736297607 2.986680507659912 0.3516788184642792 2.6350016593933105 0.8726187348365784 
2.3271501064300537 2.989475727081299 0.33465051651000977 2.654825210571289 0.8240945339202881 
2.741884231567383 2.9909889698028564 0.3366302251815796 2.6543586254119873 0.8295891880989075 
2.481609344482422 3.004981517791748 0.33580243587493896 2.6691789627075195 0.8249194622039795 
2.4852685928344727 2.99973464012146 0.3310253620147705 2.6687092781066895 0.8126604557037354 
2.5477333068847656 3.001511335372925 0.3327409029006958 2.6687703132629395 0.8166913986206055 
2.3302581310272217 2.947070837020874 0.3111552894115448 2.635915517807007 0.7595740556716919 
2.673373222351074 2.9958176612854004 0.34463638067245483 2.651181221008301 0.851947546005249 
2.3445568084716797 2.992227554321289 0.3402000069618225 2.6520273685455322 0.8390071392059326 
2.598602294921875 3.0414786338806152 0.35569676756858826 2.6857821941375732 0.8799687027931213 
2.291151762008667 2.9994637966156006 0.3364351689815521 2.6630284786224365 0.8275125622749329 
2.4913315773010254 3.030038833618164 0.3224986493587494 2.7075400352478027 0.784765362739563 
2.7316784858703613 3.0394058227539062 0.33002373576164246 2.7093820571899414 0.8063331246376038 
2.3865127563476562 3.0243477821350098 0.3437138795852661 2.680634021759033 0.8474056124687195 
2.5553128719329834 3.052825450897217 0.3459542691707611 2.7068710327148438 0.8506965637207031 
2.5903444290161133 3.0276029109954834 0.358529269695282 2.6690735816955566 0.8893218636512756 
2.300058364868164 3.020090103149414 0.3556060791015625 2.6644840240478516 0.8823380470275879 
2.658507823944092 3.0282161235809326 0.3496035039424896 2.678612470626831 0.8637399077415466 
2.4102389812469482 3.001270294189453 0.35186830163002014 2.649401903152466 0.8733187913894653 
2.5199673175811768 3.019473075866699 0.35311663150787354 2.6663565635681152 0.8752281665802002 
2.4397380352020264 3.0048649311065674 0.35614871978759766 2.648716449737549 0.885075032711029 
2.2779135704040527 3.007197380065918 0.3431173264980316 2.6640799045562744 0.8472017049789429 
2.5842578411102295 2.997037410736084 0.3389750123023987 2.658062219619751 0.8349502682685852 
2.1492936611175537 2.9755666255950928 0.33978691697120667 2.635779857635498 0.8406839966773987 
2.574087619781494 2.9864611625671387 0.34288880228996277 2.6435723304748535 0.847773551940918 
2.566361904144287 3.007687568664551 0.34770822525024414 2.6599795818328857 0.8602412343025208 
2.0704574584960938 2.9550821781158447 0.3296928405761719 2.6253890991210938 0.812951922416687 
2.5510005950927734 2.9673213958740234 0.330592542886734 2.6367287635803223 0.8140139579772949 
2.659231662750244 2.977492094039917 0.3394867777824402 2.638005495071411 0.8390660881996155 
2.4748282432556152 3.0061306953430176 0.33771076798439026 2.66841983795166 0.8311432600021362 
2.743680953979492 2.999692440032959 0.3383401036262512 2.6613521575927734 0.8332246541976929 
2.440168857574463 3.0256857872009277 0.34806278347969055 2.6776230335235596 0.8601748943328857 
2.2944490909576416 3.011300563812256 0.3264712989330292 2.6848292350769043 0.7978716492652893 
2.422788381576538 3.003657817840576 0.3427409529685974 2.660917043685913 0.8458533883094788 
2.6925697326660156 3.0338246822357178 0.3534647822380066 2.6803598403930664 0.8743167519569397 
2.4660117626190186 2.991511106491089 0.340837299823761 2.6506738662719727 0.8415020704269409 
2.8289475440979004 3.020442247390747 0.3499523997306824 2.670489549636841 0.8652920722961426 
2.60760498046875 3.0332393646240234 0.3501918315887451 2.6830475330352783 0.8645129203796387 
2.648862838745117 3.051053524017334 0.348816454410553 2.7022368907928467 0.8595072031021118 
2.3836026191711426 3.013174057006836 0.34731796383857727 2.665856122970581 0.8586740493774414 
2.504269599914551 3.0280885696411133 0.355148583650589 2.6729400157928467 0.880623459815979 
2.46329927444458 3.02032732963562 0.3357706069946289 2.684556722640991 0.8242073059082031 
2.294588327407837 3.0088951587677 0.32769840955734253 2.681196689605713 0.801976203918457 
2.8064451217651367 3.0571608543395996 0.3478732109069824 2.709287643432617 0.8556466102600098 
2.66900897026062 3.0350589752197266 0.3558473289012909 2.679211378097534 0.8807697296142578 
2.208278179168701 2.996190309524536 0.3422694802284241 2.653920888900757 0.8457795977592468 
2.6488685607910156 3.0334880352020264 0.3464559316635132 2.6870322227478027 0.8545657396316528 
2.518991470336914 3.008958578109741 0.34318938851356506 2.665769100189209 0.8462157249450684 
2.2893455028533936 2.9727706909179688 0.34180766344070435 2.6309633255004883 0.8452547788619995 
2.4836130142211914 2.98311710357666 0.3380816578865051 2.645035743713379 0.8339248895645142 
2.315614700317383 2.968146562576294 0.3401774764060974 2.627969264984131 0.8414509296417236 
2.4820783138275146 3.0002589225769043 0.3576481342315674 2.642611026763916 0.889477014541626 
2.6336588859558105 3.0016860961914062 0.3463771939277649 2.655308961868286 0.8559237718582153 
2.6881966590881348 2.9952590465545654 0.33985912799835205 2.655400037765503 0.8378693461418152 
2.274203300476074 2.9945292472839355 0.33006009459495544 2.6644692420959473 0.8086486458778381 
2.5420656204223633 2.9842193126678467 0.3340074121952057 2.650211811065674 0.8225029706954956 
2.2864267826080322 2.970811367034912 0.32565373182296753 2.6451575756073 0.7986125946044922 
2.43084716796875 2.976835250854492 0.3316833972930908 2.6451520919799805 0.8156499862670898 
2.48283052444458 3.0089166164398193 0.3439732789993286 2.6649434566497803 0.8482951521873474 
2.5681509971618652 2.999863624572754 0.3391091227531433 2.6607542037963867 0.8354762196540833 
2.3803935050964355 2.956364631652832 0.3282940983772278 2.628070592880249 0.8078479766845703 
2.723646640777588 3.0192577838897705 0.3485400676727295 2.670717716217041 0.8610249757766724 
2.340432643890381 2.96455454826355 0.3425120413303375 2.622042655944824 0.8487857580184937 
2.376828193664551 2.985408306121826 0.35097038745880127 2.6344380378723145 0.8719098567962646 
2.4505648612976074 3.005272388458252 0.3518294095993042 2.6534430980682373 0.872313380241394 
2.3767733573913574 2.973294734954834 0.33271414041519165 2.640580415725708 0.8199125528335571 
2.480680465698242 3.0398035049438477 0.3552496135234833 2.684553623199463 0.8793364763259888 
2.3208823204040527 2.99530029296875 0.3441568613052368 2.6511435508728027 0.8514187335968018 
2.5454506874084473 3.0077645778656006 0.35722827911376953 2.650536060333252 0.888624906539917 
2.455455780029297 2.9882187843322754 0.35450252890586853 2.633716106414795 0.88238126039505 
2.8979954719543457 3.043491840362549 0.3603377342224121 2.6831541061401367 0.8932269811630249 
2.2557551860809326 2.971257448196411 0.3353744149208069 2.63588285446167 0.8273928165435791 
2.2702555656433105 2.992879867553711 0.3371967077255249 2.6556830406188965 0.8312103152275085 
2.3558359146118164 2.9955227375030518 0.33720898628234863 2.658313751220703 0.8306539058685303 
2.1211037635803223 2.98099946975708 0.33792996406555176 2.6430697441101074 0.8339500427246094 
2.0656983852386475 2.976408004760742 0.3215501308441162 2.654857635498047 0.78740394115448 
2.416862726211548 3.0197863578796387 0.3365992605686188 2.6831870079040527 0.8272263407707214 
2.2764694690704346 2.959599733352661 0.32055237889289856 2.639047622680664 0.7860120534896851 
2.6069183349609375 2.9946532249450684 0.35502299666404724 2.6396303176879883 0.8832004070281982 
2.8179807662963867 2.9790902137756348 0.3436216711997986 2.6354689598083496 0.850572943687439 
2.3789453506469727 2.9623188972473145 0.3306082487106323 2.6317105293273926 0.8162530660629272 
2.532410144805908 2.9964845180511475 0.34799376130104065 2.6484906673431396 0.8628051280975342 
2.1563382148742676 2.9967336654663086 0.33414703607559204 2.6625869274139404 0.8222976326942444 
2.1619057655334473 2.9584317207336426 0.3163296580314636 2.642101764678955 0.7730854749679565 
2.6046788692474365 3.0263681411743164 0.3498723804950714 2.6764955520629883 0.8646998405456543 
2.5445218086242676 3.0306968688964844 0.34862834215164185 2.6820685863494873 0.8611403703689575 
2.5084919929504395 3.033622980117798 0.3407742977142334 2.6928486824035645 0.8373581171035767 
2.1523289680480957 2.971101999282837 0.3334275186061859 2.637674331665039 0.822022557258606 
2.289032459259033 2.9770030975341797 0.32945406436920166 2.6475489139556885 0.8095453381538391 
2.535404920578003 3.023162364959717 0.35092693567276 2.6722352504730225 0.8678131103515625 
2.6337640285491943 3.0118446350097656 0.35807061195373535 2.653773784637451 0.8894317150115967 
2.451124668121338 2.975372791290283 0.33593636751174927 2.6394362449645996 0.8289833664894104 
2.377648115158081 2.980891704559326 0.348124623298645 2.6327672004699707 0.8639545440673828 
2.170361280441284 2.973736524581909 0.3429492712020874 2.6307873725891113 0.8497710824012756 
2.5307424068450928 2.981389284133911 0.3521561026573181 2.629232883453369 0.8746132254600525 
2.448275566101074 2.9594764709472656 0.33955293893814087 2.6199233531951904 0.8403294682502747 
2.4872684478759766 2.9879331588745117 0.3519921898841858 2.6359410285949707 0.8740481734275818 
2.2926597595214844 3.005962610244751 0.3391651511192322 2.666797637939453 0.8356360197067261 
2.965911626815796 3.0259480476379395 0.3629651963710785 2.662982940673828 0.9011645317077637 
2.450571060180664 3.0181567668914795 0.34363847970962524 2.67451810836792 0.8467550277709961 
2.5309739112854004 3.0114400386810303 0.33317479491233826 2.678265333175659 0.8169931173324585 
2.1852223873138428 2.96005916595459 0.3387136459350586 2.6213455200195312 0.8371524810791016 
2.3332858085632324 2.992497682571411 0.34257009625434875 2.6499276161193848 0.8462233543395996 
2.707760810852051 3.0104823112487793 0.3507484793663025 2.659733772277832 0.8671604990959167 
2.772413730621338 2.9967293739318848 0.35472047328948975 2.6420087814331055 0.8809685707092285 
2.4685444831848145 2.9751086235046387 0.34769102931022644 2.627417802810669 0.8613842129707336 
2.4837403297424316 3.0022828578948975 0.34381332993507385 2.6584694385528564 0.8496754169464111 
2.436257839202881 2.987074136734009 0.3377408981323242 2.6493332386016846 0.8333338499069214 
2.5019829273223877 3.0079681873321533 0.34259313344955444 2.665374994277954 0.8457154035568237 
2.394364595413208 2.982560634613037 0.3389657437801361 2.643594980239868 0.8358925580978394 
2.556016445159912 3.02524995803833 0.34017306566238403 2.6850767135620117 0.8369923830032349 
2.131502151489258 2.992266893386841 0.3237268626689911 2.6685400009155273 0.7928049564361572 
2.5507121086120605 3.0320241451263428 0.3395713269710541 2.692452907562256 0.8342143297195435 
2.3156440258026123 3.0160107612609863 0.3344580829143524 2.6815528869628906 0.8202584981918335 
2.4829330444335938 2.99775767326355 0.34076008200645447 2.6569976806640625 0.8406606912612915 
2.346496105194092 2.973951816558838 0.33856672048568726 2.635385036468506 0.8358567953109741 
2.518847942352295 2.9980735778808594 0.3416650891304016 2.6564083099365234 0.842461347579956 
2.279393196105957 2.9660630226135254 0.34015458822250366 2.625908374786377 0.8412257432937622 
2.662646770477295 3.004584789276123 0.3527985215187073 2.6517860889434814 0.8758217692375183 
2.8817687034606934 2.9933178424835205 0.35401153564453125 2.63930606842041 0.880445659160614 
2.292147159576416 2.965785026550293 0.32455894351005554 2.641226053237915 0.7960988879203796 
2.3676743507385254 2.98577880859375 0.3415190577507019 2.644259452819824 0.8443949818611145 
1.958716869354248 2.9661269187927246 0.3249456584453583 2.641181468963623 0.7982949018478394 
2.3467495441436768 2.969435453414917 0.33569514751434326 2.6337404251098633 0.8287382125854492 
2.723602294921875 3.0044467449188232 0.3482680916786194 2.6561784744262695 0.8611949682235718 
2.5902161598205566 3.0158143043518066 0.3523528277873993 2.663461446762085 0.8730639219284058 
2.140223741531372 2.956697940826416 0.3282146453857422 2.628483295440674 0.8076800107955933 
2.44983172416687 2.9895687103271484 0.3426002860069275 2.646968364715576 0.8466565608978271 
2.0484983921051025 2.9699959754943848 0.33562541007995605 2.634370803833008 0.8288460969924927 
2.068525791168213 2.964473247528076 0.3327891230583191 2.6316840648651123 0.821042001247406 
2.0662617683410645 2.939281702041626 0.3247465491294861 2.614535331726074 0.7998853921890259 
2.4419050216674805 2.979926586151123 0.3471425473690033 2.632783889770508 0.8609835505485535 
2.461883544921875 2.992804527282715 0.338800847530365 2.654003620147705 0.8353314995765686 
2.382349967956543 2.9893250465393066 0.35142263770103455 2.63790225982666 0.8718004822731018 
2.0778615474700928 2.9308102130889893 0.335243821144104 2.595566511154175 0.8310766220092773 
2.5674939155578613 2.9543027877807617 0.3376438617706299 2.6166586875915527 0.8360018134117126 
2.7624621391296387 2.974297523498535 0.3493446707725525 2.624952793121338 0.8676278591156006 
2.064451217651367 2.9543981552124023 0.33042407035827637 2.623973846435547 0.8143422603607178 
2.0668625831604004 2.9387216567993164 0.3177332878112793 2.620988368988037 0.7799926996231079 
2.271601676940918 2.9307973384857178 0.3289945721626282 2.6018025875091553 0.8128163814544678 
2.41912841796875 2.962714910507202 0.32435640692710876 2.6383585929870605 0.7976768016815186 
2.4397945404052734 2.9911253452301025 0.33642467856407166 2.654700517654419 0.8294055461883545 
2.292229652404785 2.969721555709839 0.3248872458934784 2.644834280014038 0.7982120513916016 
2.3886115550994873 2.9849143028259277 0.33939796686172485 2.6455161571502686 0.8381536602973938 
2.3384149074554443 2.9537646770477295 0.3346986770629883 2.6190662384033203 0.8266289234161377 
2.1534042358398438 2.955735683441162 0.33157283067703247 2.6241626739501953 0.817939043045044 
2.179183006286621 2.949540615081787 0.33498021960258484 2.61456036567688 0.8274312019348145 
2.560547113418579 2.992774486541748 0.3484531044960022 2.6443214416503906 0.8640379905700684 
1.9937055110931396 2.937767744064331 0.33644160628318787 2.6013259887695312 0.8337430953979492 
2.189422369003296 2.9692459106445312 0.33414971828460693 2.635096311569214 0.8243395090103149 
2.2470269203186035 2.968280792236328 0.34909307956695557 2.619187593460083 0.8676413297653198 
2.5921030044555664 2.979872703552246 0.34379154443740845 2.6360812187194824 0.851125180721283 
2.529693603515625 2.98321533203125 0.355659157037735 2.627556085586548 0.8857967853546143 
2.2698678970336914 2.9776368141174316 0.34629935026168823 2.6313376426696777 0.859772801399231 
2.4213554859161377 2.934065818786621 0.33134210109710693 2.6027235984802246 0.8190804123878479 
2.20061993598938 2.9345481395721436 0.32487753033638 2.609670639038086 0.7997183799743652 
2.2276415824890137 2.96354341506958 0.32506826519966125 2.6384754180908203 0.7980034351348877 
2.984466552734375 3.0186867713928223 0.3552396297454834 2.663447380065918 0.8805990815162659 
2.4774668216705322 2.951737403869629 0.3363357484340668 2.61540150642395 0.8315232396125793 
2.482333183288574 2.983126401901245 0.3434118628501892 2.639714479446411 0.8493370413780212 
2.221755027770996 2.9740335941314697 0.31848540902137756 2.655548334121704 0.77762770652771 
2.287235736846924 2.983482837677002 0.3429829478263855 2.640500068664551 0.8481432199478149 
2.36309814453125 2.9904003143310547 0.3313511610031128 2.6590490341186523 0.8141008615493774 
2.4562113285064697 3.005107879638672 0.3505471348762512 2.6545610427856445 0.868134617805481 
2.466984748840332 2.9821038246154785 0.3431010842323303 2.639002799987793 0.8483439683914185 
2.625214099884033 3.0289807319641113 0.3579438328742981 2.671036958694458 0.8873345851898193 
2.2888336181640625 2.997061014175415 0.34613174200057983 2.6509292125701904 0.8564937114715576 
2.3127408027648926 3.005796432495117 0.33786365389823914 2.6679327487945557 0.8316892385482788 
2.480560302734375 2.984255790710449 0.34037595987319946 2.6438798904418945 0.8395841121673584 
2.158264636993408 2.971811532974243 0.33721381425857544 2.6345977783203125 0.8329856991767883 
2.3416035175323486 2.984752893447876 0.32260334491729736 2.662149429321289 0.7892550230026245 
2.071079730987549 2.9563050270080566 0.31953954696655273 2.636765480041504 0.7829002141952515 
2.17476224899292 2.9723072052001953 0.3233133554458618 2.648993968963623 0.7920248508453369 
2.3143391609191895 2.9536185264587402 0.32996973395347595 2.6236488819122314 0.8135181069374084 
2.213261842727661 2.9430088996887207 0.3302783966064453 2.6127307415008545 0.8154641389846802 
2.582393169403076 2.9705538749694824 0.3345758616924286 2.6359777450561523 0.8252221345901489 
2.619788646697998 2.999668836593628 0.34673094749450684 2.652937889099121 0.8581470847129822 
2.3576018810272217 2.9249844551086426 0.34035906195640564 2.584625482559204 0.8451456427574158 
2.5009255409240723 2.953821897506714 0.3495938777923584 2.6042280197143555 0.8701552152633667 
2.5772979259490967 2.9750380516052246 0.33907759189605713 2.635960340499878 0.8381667733192444 
2.196901321411133 2.918537139892578 0.32827630639076233 2.5902609825134277 0.8104836940765381 
2.959371566772461 3.0120532512664795 0.3564337193965912 2.6556196212768555 0.8844799995422363 
2.372129201889038 2.9945623874664307 0.35317084193229675 2.6413915157318115 0.8766547441482544 
2.2503647804260254 2.981987476348877 0.33569052815437317 2.646296977996826 0.8277086019515991 
2.3897674083709717 2.976381301879883 0.3404494524002075 2.635931968688965 0.8404617309570312 
2.3486223220825195 2.9937548637390137 0.3313925266265869 2.662362575531006 0.8140777945518494 
2.237475872039795 2.978184461593628 0.3348701596260071 2.6433143615722656 0.8252132534980774 
1.999664545059204 2.9707343578338623 0.3219250440597534 2.6488094329833984 0.7887638807296753 
2.541550636291504 3.0155162811279297 0.35112303495407104 2.664393424987793 0.8690409660339355 
2.1582107543945312 2.9535446166992188 0.3323257863521576 2.621218681335449 0.8196337223052979 
2.5702548027038574 3.0205307006835938 0.34323838353157043 2.677292585372925 0.8451703786849976 
2.455580234527588 2.9745631217956543 0.34531325101852417 2.6292500495910645 0.8565388321876526 
2.2164556980133057 2.963406562805176 0.33406689763069153 2.6293396949768066 0.8244556784629822 
2.2391252517700195 2.961050510406494 0.3338158130645752 2.62723445892334 0.8242600560188293 
1.9803884029388428 2.929880380630493 0.32813894748687744 2.601741313934326 0.8099647760391235 
2.322021007537842 2.9725449085235596 0.34549880027770996 2.6270461082458496 0.8572364449501038 
2.2061591148376465 2.9327392578125 0.33844131231307983 2.5942978858947754 0.8399913311004639 
2.150820016860962 2.9152748584747314 0.31648746132850647 2.598787307739258 0.7773560285568237 
2.5853066444396973 2.942972183227539 0.33006149530410767 2.612910747528076 0.8154792785644531 
2.617493152618408 2.99676513671875 0.346381813287735 2.650383234024048 0.857043981552124 
2.2156825065612793 2.9566025733947754 0.33962714672088623 2.6169753074645996 0.8412841558456421 
2.4758846759796143 3.0003042221069336 0.3605602979660034 2.6397438049316406 0.8983185887336731 
2.500410556793213 2.9483375549316406 0.34307780861854553 2.605259656906128 0.8512384295463562 
2.39363431930542 2.943427562713623 0.3344624638557434 2.6089649200439453 0.827162504196167 
2.3366148471832275 2.9562814235687256 0.33836132287979126 2.617919921875 0.8374073505401611 
2.1115448474884033 2.945133686065674 0.3310491442680359 2.6140847206115723 0.8172624111175537 
2.4308245182037354 2.994046211242676 0.34578102827072144 2.6482653617858887 0.854889452457428 
2.0502867698669434 2.9206020832061768 0.31459513306617737 2.6060070991516113 0.7723343372344971 
2.509277820587158 3.0088672637939453 0.34029802680015564 2.668569564819336 0.8386140465736389 
2.2465009689331055 2.940232276916504 0.3364788889884949 2.6037535667419434 0.8325831890106201 
2.1880478858947754 2.9424386024475098 0.32319387793540955 2.6192450523376465 0.7939613461494446 
2.1163086891174316 2.939941644668579 0.31213152408599854 2.627810001373291 0.7629256248474121 
2.551725149154663 2.969412326812744 0.342055082321167 2.627357244491577 0.8450324535369873 
1.9759671688079834 2.943605899810791 0.32591626048088074 2.617689609527588 0.8021820783615112 
2.420952558517456 2.9641828536987305 0.34014537930488586 2.624037504196167 0.8419021368026733 
2.107478618621826 2.9214487075805664 0.327941358089447 2.5935075283050537 0.8099921941757202 
2.2274599075317383 2.9222774505615234 0.3265013098716736 2.595776081085205 0.8063231706619263 
2.306180477142334 2.938992977142334 0.3362615406513214 2.602731227874756 0.8330684900283813 
2.264575958251953 2.9309639930725098 0.3376721739768982 2.593291759490967 0.8365657329559326 
2.4746904373168945 2.972341537475586 0.3339703679084778 2.638370990753174 0.8236849904060364 
2.4359540939331055 2.955630302429199 0.34312760829925537 2.6125028133392334 0.8518743515014648 
2.3520960807800293 2.9568943977355957 0.33092716336250305 2.625967502593994 0.8157652616500854 
2.3708934783935547 2.9418110847473145 0.3444100022315979 2.5974011421203613 0.8562644720077515 
1.9276407957077026 2.91949462890625 0.33950647711753845 2.5799880027770996 0.8453298807144165 
1.9925689697265625 2.905287504196167 0.3234408497810364 2.5818467140197754 0.7976272106170654 
2.485081672668457 2.9731156826019287 0.34409722685813904 2.629018545150757 0.8525995016098022 
2.0646982192993164 2.9239935874938965 0.3321409225463867 2.5918524265289307 0.8214648962020874 
2.304569959640503 2.9630484580993652 0.32482847571372986 2.6382200717926025 0.7985809445381165 
2.2193093299865723 2.951439142227173 0.3369958996772766 2.614443302154541 0.8338828682899475 
2.611034631729126 2.9491498470306396 0.3407762944698334 2.6083736419677734 0.8446362018585205 
2.385446071624756 2.9623911380767822 0.3313906788825989 2.631000518798828 0.8178836107254028 
2.3969428539276123 2.9469616413116455 0.3235038220882416 2.623457908630371 0.7955123782157898 
2.3223061561584473 2.9744491577148438 0.3338055908679962 2.64064359664917 0.8234660625457764 
2.252657175064087 2.9520459175109863 0.3205394744873047 2.6315064430236816 0.7860142588615417 
2.202333688735962 2.9675703048706055 0.3410404622554779 2.6265296936035156 0.8437881469726562 
2.542747735977173 2.9753177165985107 0.34176167845726013 2.6335558891296387 0.8448004722595215 
2.4897453784942627 3.0158803462982178 0.34557902812957764 2.6703011989593506 0.8535745143890381 
2.447816848754883 3.0249416828155518 0.3383426070213318 2.686598777770996 0.8314298391342163 
2.464153289794922 3.0298056602478027 0.3460606038570404 2.6837451457977295 0.8536273241043091 
2.360835552215576 2.986971855163574 0.3427668809890747 2.644205093383789 0.8469095826148987 
2.3120315074920654 2.997851610183716 0.34341955184936523 2.6544322967529297 0.8490269184112549 
2.3955092430114746 3.0005085468292236 0.34226343035697937 2.658245086669922 0.8445811867713928 
2.341423988342285 2.9795031547546387 0.3418831527233124 2.637619733810425 0.8450260758399963 
2.169137954711914 2.965761661529541 0.33546018600463867 2.6303014755249023 0.8286886215209961 
2.357161521911621 2.9677951335906982 0.35203444957733154 2.6157608032226562 0.876467227935791 
2.473037004470825 2.9993348121643066 0.3586118817329407 2.6407227516174316 0.892209529876709 
2.335789918899536 2.9492170810699463 0.3407731056213379 2.6084439754486084 0.8452130556106567 
2.2864761352539062 2.9872825145721436 0.35265207290649414 2.6346302032470703 0.8764680027961731 
2.2892041206359863 2.972886323928833 0.3377947211265564 2.635091543197632 0.8332482576370239 
2.2279579639434814 2.9536361694335938 0.3339218199253082 2.6197142601013184 0.8254138231277466 
2.552844524383545 2.9967756271362305 0.33972954750061035 2.65704607963562 0.8380676507949829 
1.8973889350891113 2.8826258182525635 0.31592535972595215 2.5667004585266113 0.7783223986625671 
2.181960344314575 2.909623146057129 0.32436564564704895 2.5852575302124023 0.799736738204956 
1.9551100730895996 2.89668607711792 0.3180152475833893 2.5786707401275635 0.7838517427444458 
2.529736042022705 2.9853968620300293 0.3517203629016876 2.633676528930664 0.873702347278595 
2.2264394760131836 2.9212069511413574 0.3323160409927368 2.58889102935791 0.8222143650054932 
2.152318000793457 2.9013824462890625 0.32059234380722046 2.5807900428771973 0.790335476398468 
2.436678409576416 2.9666121006011963 0.3223951458930969 2.644217014312744 0.7912079095840454 
2.0952248573303223 2.9028091430664062 0.32089293003082275 2.581916093826294 0.7914086580276489 
2.532952308654785 2.966778516769409 0.32644352316856384 2.6403350830078125 0.8018450736999512 
2.1560897827148438 2.9461631774902344 0.3234593868255615 2.622703790664673 0.7952727675437927 
2.0847482681274414 2.930370330810547 0.32610318064689636 2.604267120361328 0.8039513826370239 
2.3090291023254395 2.946045398712158 0.33229148387908936 2.6137540340423584 0.8205118179321289 
2.154125452041626 2.936962842941284 0.32974013686180115 2.607222557067871 0.8149399757385254 
2.359109401702881 2.9431638717651367 0.33306288719177246 2.6101009845733643 0.8231967687606812 
2.3452231884002686 2.997530937194824 0.3492443561553955 2.648286819458008 0.8661948442459106 
1.9741029739379883 2.961977481842041 0.3272547721862793 2.6347227096557617 0.8063275814056396 
2.0391697883605957 2.9591197967529297 0.33202797174453735 2.627091884613037 0.8195573091506958 
2.2432146072387695 2.9646873474121094 0.3377644419670105 2.626923084259033 0.8353676199913025 
1.9392263889312744 2.9132509231567383 0.3259885907173157 2.5872626304626465 0.8050730228424072 
2.2055764198303223 2.9777157306671143 0.3454110026359558 2.6323046684265137 0.8570233583450317 
2.4725656509399414 2.965212345123291 0.34483224153518677 2.62037992477417 0.8550837635993958 
2.553866147994995 2.9861443042755127 0.33689558506011963 2.6492486000061035 0.8318290710449219 
2.2487292289733887 2.959376811981201 0.3376866579055786 2.621690273284912 0.8352301120758057 
2.7236573696136475 3.019045352935791 0.36274516582489014 2.6563000679016113 0.9025505781173706 
2.1892380714416504 2.9729983806610107 0.33263012766838074 2.6403682231903076 0.8190124034881592 
2.216031551361084 2.9568839073181152 0.32477861642837524 2.6321053504943848 0.7985105514526367 
2.04669189453125 2.9152300357818604 0.32166188955307007 2.5935678482055664 0.7918429374694824 
2.022960662841797 2.9336652755737305 0.33764663338661194 2.5960183143615723 0.8372172117233276 
2.181088924407959 2.9391703605651855 0.3190343677997589 2.62013578414917 0.7829228639602661 
2.101566791534424 2.937702178955078 0.3336905241012573 2.6040117740631104 0.8258904218673706 
2.1989073753356934 2.9698486328125 0.3404242694377899 2.6294243335723877 0.8426448702812195 
2.364269733428955 2.9400691986083984 0.3384283483028412 2.6016407012939453 0.8390263319015503 
1.8249558210372925 2.8712925910949707 0.3255667984485626 2.5457258224487305 0.8070412874221802 
2.5163846015930176 2.9221999645233154 0.33127081394195557 2.5909290313720703 0.8205341696739197 
2.470783233642578 2.949345111846924 0.33794111013412476 2.6114039421081543 0.837639331817627 
2.499077558517456 2.992227077484131 0.3499002158641815 2.642326831817627 0.8677184581756592 
2.383842706680298 2.9463372230529785 0.3304450213909149 2.6158924102783203 0.815706729888916 
2.1577796936035156 2.931966781616211 0.3307574391365051 2.6012094020843506 0.8172633647918701 
2.1534416675567627 2.9031779766082764 0.329257607460022 2.573920488357544 0.8152410984039307 
2.326094627380371 2.976287603378296 0.34189173579216003 2.6343958377838135 0.8466700315475464 
2.2444088459014893 2.9954237937927246 0.33764708042144775 2.6577768325805664 0.8323892951011658 
2.28330397605896 2.9691076278686523 0.33800870180130005 2.631098985671997 0.8348029851913452 
2.170480251312256 2.9781951904296875 0.333805114030838 2.644390106201172 0.8228213787078857 
2.125802755355835 2.9589831829071045 0.33203306794166565 2.626950263977051 0.8186424970626831 
2.4213573932647705 2.931502342224121 0.32877200841903687 2.6027302742004395 0.8122795820236206 
2.038640022277832 2.9248878955841064 0.3231399655342102 2.601747989654541 0.7961351871490479 
2.2768516540527344 2.9854347705841064 0.34651511907577515 2.6389195919036865 0.8579994440078735 
2.221039295196533 2.9380228519439697 0.33140552043914795 2.6066174507141113 0.8184843063354492 
2.0996525287628174 2.907163143157959 0.32892441749572754 2.5782384872436523 0.8143169283866882 
2.369725227355957 2.9626429080963135 0.34162473678588867 2.6210179328918457 0.8457428216934204 
2.214310884475708 2.964507579803467 0.34293657541275024 2.6215710639953613 0.8495094180107117 
2.172764778137207 2.918759346008301 0.32849550247192383 2.590263843536377 0.8123798370361328 
2.436251640319824 2.946784496307373 0.3229951858520508 2.6237893104553223 0.7927385568618774 
2.4087698459625244 2.9845967292785645 0.33930134773254395 2.6452951431274414 0.8391841650009155 
2.370706558227539 2.9546055793762207 0.33326220512390137 2.6213433742523193 0.8227485418319702 
2.010115146636963 2.898550510406494 0.3203858435153961 2.57816481590271 0.7910498380661011 
2.221902847290039 2.9457204341888428 0.32134002447128296 2.624380350112915 0.7889187335968018 
2.1468687057495117 2.930389404296875 0.3356611430644989 2.594728469848633 0.8321723937988281 
2.1382017135620117 2.9135706424713135 0.32948315143585205 2.584087610244751 0.8157452344894409 
2.2723281383514404 2.9642558097839355 0.3422257900238037 2.622030258178711 0.8484163284301758 
1.9128477573394775 2.9153313636779785 0.32679039239883423 2.588541269302368 0.8073416352272034 
2.1765143871307373 2.9306883811950684 0.34013691544532776 2.5905513763427734 0.8441507816314697 
2.2805285453796387 2.902876853942871 0.32196223735809326 2.5809149742126465 0.7937661409378052 
2.2944960594177246 2.9068994522094727 0.33674612641334534 2.57015323638916 0.835990309715271 
2.2413227558135986 2.944349765777588 0.34617865085601807 2.5981714725494385 0.8612222671508789 
2.0195465087890625 2.922412157058716 0.32862454652786255 2.593787431716919 0.8128541707992554 
2.249122381210327 2.9201483726501465 0.3355844020843506 2.584563732147217 0.8317446708679199 
2.3697938919067383 2.8976693153381348 0.3233512043952942 2.5743179321289062 0.7990607023239136 
2.437519073486328 2.9051129817962646 0.3198549747467041 2.5852582454681396 0.787775993347168 
2.510295867919922 2.955685615539551 0.34075161814689636 2.614933967590332 0.8446208238601685 
2.018122673034668 2.8918094635009766 0.3227812349796295 2.569028377532959 0.797012209892273 
2.3703091144561768 2.945573329925537 0.32850974798202515 2.617063522338867 0.8095545768737793 
2.446277141571045 2.9844250679016113 0.3274190425872803 2.657005786895752 0.8034625053405762 
2.287315845489502 2.9840798377990723 0.331241250038147 2.6528382301330566 0.8146288990974426 
2.233638286590576 2.941354751586914 0.32452017068862915 2.6168346405029297 0.7988516092300415 
2.3778789043426514 2.976775884628296 0.35045257210731506 2.6263232231140137 0.8698451519012451 
2.367347240447998 2.9800362586975098 0.3449459373950958 2.6350903511047363 0.8543401956558228 
2.5694994926452637 2.9771857261657715 0.3494776785373688 2.6277079582214355 0.866100549697876 
2.4086787700653076 2.9459705352783203 0.33689868450164795 2.609071969985962 0.8333228826522827 
2.2502079010009766 2.9940991401672363 0.3376249372959137 2.6564741134643555 0.8320223689079285 
2.450101137161255 2.9391281604766846 0.3347855508327484 2.604342460632324 0.8279449939727783 
2.482302188873291 2.9834935665130615 0.33791106939315796 2.645582437515259 0.8329216837882996 
2.2376933097839355 2.9517455101013184 0.33762696385383606 2.6141185760498047 0.8362143039703369 
2.3191182613372803 2.9710440635681152 0.33728206157684326 2.6337618827819824 0.8331431746482849 
2.4595861434936523 2.9804391860961914 0.342267781496048 2.638171434402466 0.8454557061195374 
2.4963161945343018 2.962639808654785 0.34289515018463135 2.6197445392608643 0.8498347401618958 
2.1685683727264404 2.972846508026123 0.33740681409835815 2.63543963432312 0.8329668641090393 
2.424304485321045 2.9783380031585693 0.34470653533935547 2.633631467819214 0.8538665175437927 
2.5444140434265137 2.9856796264648438 0.348025918006897 2.6376535892486572 0.8618549108505249 
2.4288482666015625 2.984912395477295 0.34280872344970703 2.642103672027588 0.8468590974807739 
2.1381564140319824 2.9497103691101074 0.2897466719150543 2.659963607788086 0.6987748146057129 
2.276142120361328 2.9513258934020996 0.33440065383911133 2.6169252395629883 0.8253813982009888 
2.443406105041504 2.989140510559082 0.3358929455280304 2.653247356414795 0.826239824295044 
2.4118735790252686 2.9622881412506104 0.317176878452301 2.645111083984375 0.7743878960609436 
2.1290087699890137 2.921700954437256 0.32693058252334595 2.5947704315185547 0.8072085976600647 
2.3228635787963867 2.9660720825195312 0.3258112072944641 2.640260934829712 0.7992674708366394 
2.3420825004577637 3.0031001567840576 0.3228182792663574 2.6802818775177 0.7875264883041382 
2.5320005416870117 2.9830145835876465 0.3302334249019623 2.6527810096740723 0.8108445405960083 
2.1420235633850098 2.9632091522216797 0.33441686630249023 2.6287920475006104 0.824828028678894 
2.6687405109405518 2.989837646484375 0.3471743166446686 2.6426632404327393 0.8603640198707581 
2.6098368167877197 3.0151140689849854 0.35791611671447754 2.657197952270508 0.8887491822242737 
2.605278491973877 2.9835057258605957 0.3424229323863983 2.641083002090454 0.8472864031791687 
2.4089694023132324 2.974241018295288 0.35571107268333435 2.618529796600342 0.8861891031265259 
2.3352255821228027 2.9550657272338867 0.35634732246398926 2.5987181663513184 0.8905284404754639 
2.535430908203125 2.973865509033203 0.3635063171386719 2.6103591918945312 0.9090946912765503 
2.6245627403259277 2.985593557357788 0.3576524555683136 2.627941131591797 0.8918076753616333 
2.638324737548828 3.0006961822509766 0.35593560338020325 2.6447603702545166 0.8852846622467041 
2.187239170074463 2.9368832111358643 0.33881884813308716 2.598064422607422 0.8396209478378296 
2.097464084625244 2.951282262802124 0.32334446907043457 2.6279377937316895 0.7940002679824829 
2.224468231201172 2.9774057865142822 0.3407832384109497 2.636622428894043 0.8431169390678406 
2.4759087562561035 3.0009708404541016 0.33594390749931335 2.6650266647338867 0.8261153697967529 
2.1207075119018555 2.918675422668457 0.32698291540145874 2.5916924476623535 0.8069491386413574 
2.1650266647338867 2.9567575454711914 0.33363959193229675 2.6231184005737305 0.8234589099884033 
2.0875277519226074 2.9333279132843018 0.3181954026222229 2.6151325702667236 0.7807275652885437 
2.017162561416626 2.9051051139831543 0.31054598093032837 2.5945591926574707 0.7607118487358093 
2.48868989944458 2.96828031539917 0.3329063653945923 2.635373830795288 0.8197523355484009 
2.28881573677063 2.994539976119995 0.3309344947338104 2.6636054515838623 0.812877893447876 
2.158046245574951 2.9365668296813965 0.31261885166168213 2.623948097229004 0.7646921873092651 
2.1087536811828613 2.9564788341522217 0.32844364643096924 2.628035068511963 0.8097690343856812 
2.126204013824463 2.9785361289978027 0.34104907512664795 2.6374869346618652 0.843951940536499 
2.209510564804077 2.966005325317383 0.33336058259010315 2.6326446533203125 0.8226611614227295 
2.0199036598205566 2.9167981147766113 0.3272119164466858 2.5895862579345703 0.8083214163780212 
2.016810178756714 2.93869686126709 0.33799898624420166 2.6006975173950195 0.8386216163635254 
1.9163240194320679 2.9223031997680664 0.3337157666683197 2.5885872840881348 0.8276382088661194 
2.4395480155944824 2.937833070755005 0.33726826310157776 2.600564956665039 0.8368479013442993 
2.4417543411254883 2.9047160148620605 0.33790159225463867 2.5668141841888428 0.8409194946289062 
2.3417816162109375 2.914050579071045 0.3324945569038391 2.5815563201904297 0.8251139521598816 
2.2459330558776855 2.9016900062561035 0.3345722556114197 2.567117691040039 0.8320474624633789 
2.526731491088867 2.9505832195281982 0.33854997158050537 2.6120333671569824 0.8396140336990356 
2.238025188446045 2.9379913806915283 0.33760759234428406 2.600383758544922 0.8378894329071045 
2.271739959716797 2.9430508613586426 0.33006513118743896 2.612985610961914 0.8149699568748474 
2.334001302719116 2.9762673377990723 0.3334871530532837 2.642780303955078 0.8223328590393066 
2.0337514877319336 2.9402966499328613 0.31286609172821045 2.6274304389953613 0.7656146883964539 
2.269484519958496 2.963665246963501 0.32757464051246643 2.6360907554626465 0.8055624961853027 
2.0867021083831787 2.941277503967285 0.32679134607315063 2.6144859790802 0.8053116798400879 
2.459670066833496 2.972097396850586 0.33863937854766846 2.633457899093628 0.8357992172241211 
2.3771305084228516 2.968019962310791 0.3431100845336914 2.6249098777770996 0.8498204946517944 
2.215224504470825 2.9633822441101074 0.331391841173172 2.631990432739258 0.8163620233535767 
2.3503456115722656 2.9798614978790283 0.3373178243637085 2.6425437927246094 0.8316972255706787 
2.6176679134368896 3.0014591217041016 0.34231406450271606 2.659144878387451 0.8447749018669128 
2.2456483840942383 2.9466450214385986 0.3268224596977234 2.6198225021362305 0.8053209781646729 
2.478803873062134 2.963474750518799 0.3426440954208374 2.6208302974700928 0.848401665687561 
2.0201709270477295 2.9183197021484375 0.3266919255256653 2.591628074645996 0.806430995464325 
2.164363384246826 2.9536819458007812 0.3389858603477478 2.6146962642669678 0.8390257358551025 
2.4050683975219727 2.9680159091949463 0.33789679408073425 2.6301190853118896 0.8348526358604431 
2.0154194831848145 2.9276528358459473 0.333286851644516 2.5943660736083984 0.8251639604568481 
2.4062721729278564 2.98160719871521 0.3483141362667084 2.6332929134368896 0.863827109336853 
2.3410935401916504 2.9625625610351562 0.34613507986068726 2.616427421569824 0.8600438833236694 
2.0923423767089844 2.9445555210113525 0.330446720123291 2.6141090393066406 0.816003680229187 
2.266587734222412 2.9033725261688232 0.3510698974132538 2.552302360534668 0.8788756728172302 
2.3705618381500244 2.9708712100982666 0.3441973328590393 2.626674175262451 0.8533174991607666 
2.4307165145874023 2.9788239002227783 0.3515149652957916 2.6273088455200195 0.8740538954734802 
2.526942014694214 2.959935426712036 0.34878796339035034 2.611147403717041 0.8675668239593506 
2.2863540649414062 2.9198567867279053 0.3389343023300171 2.5809226036071777 0.8413742780685425 
2.6357643604278564 2.9675850868225098 0.34689563512802124 2.620689630508423 0.861781120300293 
2.453367233276367 2.970709800720215 0.33002179861068726 2.640687942504883 0.8118518590927124 
2.054347515106201 2.9100193977355957 0.31729912757873535 2.5927202701568604 0.7803726196289062 
2.3183670043945312 2.9487290382385254 0.3388877809047699 2.6098411083221436 0.8398705124855042 
2.3355162143707275 2.9394397735595703 0.33601808547973633 2.603421688079834 0.8307722806930542 
2.2451205253601074 2.9310550689697266 0.3308340013027191 2.6002209186553955 0.8172404766082764 
2.289823293685913 2.960419178009033 0.32693585753440857 2.633483409881592 0.804436206817627 
2.4362869262695312 2.9859213829040527 0.33766353130340576 2.6482579708099365 0.832465410232544 
2.0435948371887207 2.9196488857269287 0.3175487816333771 2.602100133895874 0.7806882858276367 
2.116438865661621 2.953451633453369 0.3390183448791504 2.6144330501556396 0.8392796516418457 
2.080244541168213 2.919358253479004 0.3207077980041504 2.5986506938934326 0.7887086272239685 
2.129271984100342 2.946516513824463 0.3176007866859436 2.628915786743164 0.7769071459770203 
2.3059499263763428 2.9548115730285645 0.3399026393890381 2.6149089336395264 0.8418809771537781 
2.3188018798828125 2.985171318054199 0.33414918184280396 2.651021957397461 0.8223391771316528 
2.4722211360931396 2.9620141983032227 0.32554006576538086 2.636474132537842 0.799487829208374 
2.522308826446533 2.9873058795928955 0.34694063663482666 2.6403651237487793 0.8592966794967651 
2.4889063835144043 3.018289566040039 0.3472197949886322 2.671069622039795 0.8573025465011597 
2.066718101501465 2.9155561923980713 0.32271477580070496 2.592841386795044 0.794312596321106 
2.7679319381713867 3.00063157081604 0.35652458667755127 2.644106864929199 0.8853622078895569 
2.7531280517578125 2.9582321643829346 0.3477437496185303 2.6104884147644043 0.8640110492706299 
2.294213056564331 2.9348654747009277 0.3282269239425659 2.6066384315490723 0.8087955713272095 
2.491288423538208 2.955904006958008 0.3343547284603119 2.621549129486084 0.8249362111091614 
2.4922118186950684 2.9796156883239746 0.34887033700942993 2.6307454109191895 0.8650145530700684 
2.4173078536987305 2.9833834171295166 0.3455532193183899 2.6378302574157715 0.8558043241500854 
2.2497775554656982 2.9881341457366943 0.33735352754592896 2.65078067779541 0.8316044211387634 
2.1577038764953613 2.9488556385040283 0.3321091830730438 2.616746425628662 0.8203415870666504 
2.492722988128662 2.997083902359009 0.33702096343040466 2.660062789916992 0.8295445442199707 
2.513991355895996 2.998857021331787 0.34740519523620605 2.651451826095581 0.8595237135887146 
2.013070583343506 2.94944429397583 0.3275132179260254 2.6219310760498047 0.8063309192657471 
2.3459830284118652 2.9536688327789307 0.3448309898376465 2.6088380813598633 0.8555980920791626 
2.458416700363159 2.9867987632751465 0.3382069170475006 2.648591995239258 0.8330826759338379 
2.4587764739990234 2.957509994506836 0.33340126276016235 2.6241085529327393 0.8213872313499451 
2.632917881011963 3.0012927055358887 0.3539898991584778 2.6473028659820557 0.8776079416275024 
2.2255501747131348 2.9361531734466553 0.3248066306114197 2.611346483230591 0.8001744151115417 
2.2774710655212402 2.933012008666992 0.3349272608757019 2.5980849266052246 0.8287470936775208 
2.477799415588379 2.991649627685547 0.3264176547527313 2.665231943130493 0.8008990287780762 
2.3210091590881348 2.9632627964019775 0.345916748046875 2.6173462867736816 0.858542799949646 
2.241943836212158 2.9562368392944336 0.3424420952796936 2.6137948036193848 0.8480955958366394 
2.4906139373779297 2.9733142852783203 0.354949951171875 2.6183643341064453 0.8823792338371277 
2.7286946773529053 3.0009989738464355 0.33962583541870117 2.6613731384277344 0.8369712829589844 
2.2128143310546875 2.979024887084961 0.3394055962562561 2.6396188735961914 0.83841872215271 
2.277127504348755 2.958946466445923 0.3325674831867218 2.6263790130615234 0.8200169801712036 
2.415776252746582 2.9723081588745117 0.32632511854171753 2.6459832191467285 0.8002980947494507 
2.451904773712158 2.978731632232666 0.34392938017845154 2.6348023414611816 0.8520419597625732 
2.367443084716797 2.968414783477783 0.33688050508499146 2.6315343379974365 0.8322974443435669 
2.5322532653808594 3.010580062866211 0.33397412300109863 2.6766059398651123 0.8199779391288757 
2.216491222381592 2.952474355697632 0.3316740095615387 2.620800256729126 0.8183450698852539 
2.1980104446411133 2.9562532901763916 0.34501999616622925 2.6112332344055176 0.8569267392158508 
2.278937816619873 2.9417548179626465 0.3477028012275696 2.5940520763397217 0.8655493259429932 
2.553607940673828 2.9773306846618652 0.34906038641929626 2.628270149230957 0.8663835525512695 
2.2812962532043457 2.955411672592163 0.3456372022628784 2.609774589538574 0.8581196069717407 
2.5010459423065186 2.979167938232422 0.3521547317504883 2.6270129680633545 0.8746811151504517 
2.3526437282562256 2.9899635314941406 0.35325396060943604 2.636709690093994 0.8782689571380615 
2.1855154037475586 2.9442009925842285 0.3375878930091858 2.6066131591796875 0.8356225490570068 
2.0816876888275146 2.9456868171691895 0.34185272455215454 2.6038341522216797 0.8479368686676025 
2.0825865268707275 2.943948745727539 0.32642877101898193 2.617520332336426 0.8031904697418213 
2.1655306816101074 2.9177703857421875 0.31579747796058655 2.601972818374634 0.7747032642364502 
2.1424360275268555 2.9213805198669434 0.32255831360816956 2.5988223552703857 0.7932970523834229 
2.6900100708007812 2.9557878971099854 0.3326324224472046 2.623155355453491 0.8196702599525452 
2.2427711486816406 2.948430061340332 0.32919543981552124 2.619234800338745 0.8118942379951477 
2.213101863861084 2.8654444217681885 0.3221256136894226 2.5433189868927 0.7966907620429993 
2.2520463466644287 2.9194529056549072 0.3234018385410309 2.596050977706909 0.7958623170852661 
2.3628597259521484 2.9529106616973877 0.3322734236717224 2.6206371784210205 0.8191189169883728 
2.2128677368164062 2.9367613792419434 0.3406210243701935 2.5961406230926514 0.8443921804428101 
2.426229953765869 2.9283995628356934 0.33411914110183716 2.594280242919922 0.8260079622268677 
2.4321095943450928 2.9327011108398438 0.33547064661979675 2.5972304344177246 0.8292686343193054 
2.3406331539154053 2.9556045532226562 0.33467596769332886 2.6209285259246826 0.8253042697906494 
2.033682346343994 2.9109714031219482 0.3181114196777344 2.592859983444214 0.7822074294090271 
1.968677043914795 2.9239087104797363 0.3307209312915802 2.5931878089904785 0.8176478147506714 
2.2926442623138428 2.9394490718841553 0.3440552353858948 2.5953938961029053 0.8546557426452637 
1.9760158061981201 2.9308695793151855 0.3249613046646118 2.6059083938598633 0.8009551167488098 
2.181006908416748 2.901972532272339 0.3296114504337311 2.5723609924316406 0.8156725168228149 
2.1209306716918945 2.9102745056152344 0.3217732906341553 2.588501214981079 0.7927218079566956 
2.2972357273101807 2.9391913414001465 0.3251992166042328 2.613992214202881 0.8000625371932983 
2.230376720428467 2.926347255706787 0.34084275364875793 2.5855045318603516 0.8469836711883545 
1.9926893711090088 2.886547565460205 0.32388079166412354 2.562666893005371 0.8019728660583496 
1.9980354309082031 2.8804445266723633 0.32409095764160156 2.5563535690307617 0.8021795153617859 
2.133122205734253 2.9197473526000977 0.33284443616867065 2.586902618408203 0.8246620893478394 
2.3215079307556152 2.884465456008911 0.3271249830722809 2.557340383529663 0.8114994764328003 
2.2728114128112793 2.95048189163208 0.33801063895225525 2.612471342086792 0.8375181555747986 
2.16847825050354 2.9239656925201416 0.33361130952835083 2.5903544425964355 0.8266380429267883 
2.1315999031066895 2.9036707878112793 0.3186489939689636 2.585021734237671 0.7837264537811279 
2.174903392791748 2.890158176422119 0.32051241397857666 2.569645881652832 0.7913092374801636 
2.4071474075317383 2.9795610904693604 0.3408832252025604 2.6386778354644775 0.843087375164032 
2.2288308143615723 2.9163599014282227 0.3232211470603943 2.5931389331817627 0.7972609996795654 
2.1556482315063477 2.914715528488159 0.3326731324195862 2.5820424556732178 0.8246109485626221 
2.240394353866577 2.888075828552246 0.3195230960845947 2.5685529708862305 0.787397027015686 
2.1265716552734375 2.9215469360351562 0.33191782236099243 2.5896291732788086 0.8196010589599609 
2.351595640182495 2.953862190246582 0.32935380935668945 2.6245083808898926 0.8114998936653137 
2.252938747406006 2.922691822052002 0.33932608366012573 2.5833659172058105 0.8421708345413208 
2.020599365234375 2.9164135456085205 0.328029066324234 2.5883843898773193 0.8094468712806702 
2.551706552505493 3.0084924697875977 0.34688618779182434 2.6616063117980957 0.8580856323242188 
2.6312191486358643 2.9244210720062256 0.3324672281742096 2.591953754425049 0.8222038745880127 
1.8733608722686768 2.9068188667297363 0.31961697340011597 2.5872020721435547 0.786697268486023 
2.1097335815429688 2.9214015007019043 0.3328375518321991 2.588563919067383 0.8239493370056152 
2.354377508163452 2.9480090141296387 0.3312561511993408 2.616752862930298 0.8181455135345459 
2.303102493286133 2.9375569820404053 0.3363238573074341 2.6012332439422607 0.8332346677780151 
2.5142486095428467 2.9668631553649902 0.3370684087276459 2.6297948360443115 0.8325812816619873 
2.400726795196533 2.954080104827881 0.3452647030353546 2.6088154315948486 0.8566567897796631 
1.9684592485427856 2.9034461975097656 0.3326604664325714 2.5707859992980957 0.825006365776062 
2.4608688354492188 2.9575557708740234 0.33435431122779846 2.623201370239258 0.8252720832824707 
2.2966485023498535 2.9556779861450195 0.33915627002716064 2.6165215969085693 0.839383602142334 
2.301866054534912 2.9352054595947266 0.31555870175361633 2.6196465492248535 0.7727231979370117 
2.467724323272705 2.9963111877441406 0.35282009840011597 2.643491268157959 0.875554621219635 
2.3875374794006348 2.9511961936950684 0.34129074215888977 2.609905481338501 0.8448179364204407 
2.133888006210327 2.9612722396850586 0.3371924161911011 2.624079704284668 0.8331972360610962 
2.3238894939422607 2.9399917125701904 0.3373550772666931 2.6026368141174316 0.8345292806625366 
2.2494826316833496 2.9480910301208496 0.33185896277427673 2.616231918334961 0.8184794783592224 
2.535684108734131 2.9548544883728027 0.34326907992362976 2.6115851402282715 0.8508584499359131 
2.6489367485046387 3.0087318420410156 0.3439978361129761 2.66473388671875 0.8478946685791016 
2.1325008869171143 2.8997883796691895 0.3348533511161804 2.5649349689483643 0.8305166959762573 
2.442087173461914 2.9612019062042236 0.346549928188324 2.614651918411255 0.8603785634040833 
2.1834120750427246 2.959677219390869 0.3338647484779358 2.625812292098999 0.8238435387611389 
2.320441722869873 2.939197540283203 0.33485889434814453 2.6043386459350586 0.8275161385536194 
2.680050849914551 2.9445788860321045 0.3448100686073303 2.59976863861084 0.8563085198402405 
2.3857414722442627 2.963139772415161 0.33350396156311035 2.629635810852051 0.8221744298934937 
2.296268939971924 2.9155054092407227 0.32804858684539795 2.5874569416046143 0.8103514909744263 
2.0771565437316895 2.9229109287261963 0.3318355679512024 2.5910754203796387 0.8206397294998169 
2.4777941703796387 2.9615325927734375 0.3369750380516052 2.6245574951171875 0.8333993554115295 
2.2090296745300293 2.950723648071289 0.32462263107299805 2.626101016998291 0.7968147993087769 
2.11012601852417 2.932607650756836 0.32176923751831055 2.6108386516571045 0.7911279201507568 
2.1865217685699463 2.9484519958496094 0.33010950684547424 2.618342638015747 0.813316822052002 
2.0696325302124023 2.920973300933838 0.3219629228115082 2.5990099906921387 0.7933584451675415 
2.230161666870117 2.962887763977051 0.3324962854385376 2.630391836166382 0.8200235366821289 
2.2746365070343018 2.9365921020507812 0.33795860409736633 2.598633289337158 0.837158203125 
1.8565658330917358 2.8745975494384766 0.32042446732521057 2.554173231124878 0.7923687696456909 
2.195847988128662 2.929816961288452 0.33476564288139343 2.5950512886047363 0.8286069631576538 
2.355379104614258 2.9255177974700928 0.33480262756347656 2.590715169906616 0.8296802043914795 
2.4459047317504883 2.9512319564819336 0.3461940288543701 2.6050379276275635 0.8596185445785522 
2.199629545211792 2.9169235229492188 0.3322019577026367 2.584721565246582 0.8225560188293457 
2.2497525215148926 2.8713672161102295 0.3248526453971863 2.5465147495269775 0.8034229874610901 
2.24770450592041 2.9413905143737793 0.3427060842514038 2.598684549331665 0.8504130244255066 
2.0577023029327393 2.9085211753845215 0.32165849208831787 2.586862802505493 0.7925074100494385 
2.0091686248779297 2.863731622695923 0.3136167824268341 2.550114631652832 0.7728478908538818 
2.2370479106903076 2.910426616668701 0.32910966873168945 2.5813167095184326 0.8136686086654663 
1.9520514011383057 2.8887319564819336 0.31632331013679504 2.572408676147461 0.779507040977478 
1.8373730182647705 2.8815817832946777 0.32215261459350586 2.559429168701172 0.7965570688247681 
2.603485107421875 2.91866397857666 0.33555710315704346 2.5831069946289062 0.8307673931121826 
2.336186408996582 2.8987174034118652 0.320893257856369 2.577824115753174 0.7908710241317749 
2.243459939956665 2.9259486198425293 0.32889387011528015 2.597054958343506 0.8112362623214722 
2.1971640586853027 2.8949456214904785 0.31685853004455566 2.5780868530273438 0.7800830602645874 
2.1324002742767334 2.8983235359191895 0.3216574788093567 2.5766661167144775 0.7926939725875854 
2.521101236343384 2.9844493865966797 0.3392166495323181 2.645232677459717 0.8379346132278442 
2.7361111640930176 2.9872539043426514 0.34909602999687195 2.638157844543457 0.8646628260612488 
2.317343235015869 2.9265756607055664 0.33318349719047546 2.5933918952941895 0.8230242729187012 
2.619999408721924 3.009356737136841 0.3396301865577698 2.669726610183716 0.8366894721984863 
2.3193438053131104 3.0005862712860107 0.3389322757720947 2.661653995513916 0.834822952747345 
1.9930517673492432 2.8903608322143555 0.3237196207046509 2.566641330718994 0.7994552850723267 
2.093034267425537 2.9374096393585205 0.32336485385894775 2.614044666290283 0.7945742607116699 
1.9326424598693848 2.955872058868408 0.33211469650268555 2.6237573623657227 0.8203421235084534 
2.423746109008789 3.0264101028442383 0.35004764795303345 2.6763625144958496 0.8650578260421753 
2.7856826782226562 3.019458293914795 0.33952468633651733 2.679933547973633 0.8348783850669861 
2.420448064804077 2.9686694145202637 0.33560851216316223 2.633060932159424 0.8282004594802856 
2.0476579666137695 2.9049625396728516 0.32532262802124023 2.5796399116516113 0.8039501309394836 
2.4022724628448486 2.982560634613037 0.347533643245697 2.6350269317626953 0.8604986667633057 
2.125115156173706 2.9216701984405518 0.3237569332122803 2.5979132652282715 0.7986453771591187 
2.4729743003845215 2.996737003326416 0.3401895761489868 2.6565475463867188 0.8397870063781738 
2.38199520111084 2.95289945602417 0.348521888256073 2.604377269744873 0.8664692640304565 
2.5379960536956787 2.9817001819610596 0.35140082240104675 2.6302995681762695 0.872128963470459 
2.2333571910858154 2.9669768810272217 0.34434378147125244 2.6226329803466797 0.8530547618865967 
2.3549532890319824 2.953522205352783 0.3520064651966095 2.601515531539917 0.8766200542449951 
1.9334282875061035 2.9278597831726074 0.33570152521133423 2.592158317565918 0.8322624564170837 
2.1444625854492188 2.901580572128296 0.3354060649871826 2.5661745071411133 0.8331642150878906 
2.3163838386535645 2.990677833557129 0.34137582778930664 2.6493020057678223 0.8424010276794434 
1.8484832048416138 2.911043167114258 0.33431190252304077 2.5767312049865723 0.8301749229431152 
2.4882917404174805 2.986130952835083 0.34563323855400085 2.6404976844787598 0.8547119498252869 
2.3338828086853027 2.9418344497680664 0.3355315923690796 2.6063027381896973 0.8310298919677734 
2.3050384521484375 2.905212640762329 0.3266456723213196 2.5785670280456543 0.8077155947685242 
2.121715545654297 2.8643367290496826 0.323999285697937 2.540337562561035 0.8018412590026855 
1.8726606369018555 2.8833465576171875 0.31859830021858215 2.564748525619507 0.7865804433822632 
1.7755608558654785 2.809807777404785 0.29877161979675293 2.5110363960266113 0.7336504459381104 
2.051645040512085 2.8886702060699463 0.3136713206768036 2.5749988555908203 0.7710208296775818 
2.083848476409912 2.8624861240386963 0.30849337577819824 2.553992748260498 0.7593522667884827 
2.194868326187134 2.8624634742736816 0.3122437000274658 2.5502195358276367 0.7688555121421814 
2.0867252349853516 2.8667728900909424 0.31912094354629517 2.547652006149292 0.7886244654655457 
2.411222219467163 2.8916237354278564 0.32968205213546753 2.561941623687744 0.8164803981781006 
1.9219905138015747 2.8427746295928955 0.3171166777610779 2.525658130645752 0.7843776941299438 
2.6406173706054688 2.961864948272705 0.332608699798584 2.629256248474121 0.8202913999557495 
2.033634662628174 2.886174201965332 0.3236543834209442 2.5625200271606445 0.8005365133285522 
2.191014289855957 2.911987543106079 0.3272210359573364 2.584766387939453 0.8081610202789307 
2.2457709312438965 2.918222427368164 0.33144134283065796 2.5867810249328613 0.8205683827400208 
1.8760883808135986 2.8446059226989746 0.3117573857307434 2.532848358154297 0.7687773704528809 
2.241340160369873 2.9451870918273926 0.34036099910736084 2.604825973510742 0.8434792757034302 
2.0465567111968994 2.912572145462036 0.30775779485702515 2.6048145294189453 0.7519254684448242 
2.2353506088256836 2.8945934772491455 0.33284515142440796 2.561748504638672 0.8261178731918335 
2.177671432495117 2.936666488647461 0.3320785462856293 2.604588031768799 0.8208878636360168 
2.0711097717285156 2.9364051818847656 0.3256029188632965 2.610802173614502 0.8008302450180054 
2.1108884811401367 2.889242649078369 0.32607293128967285 2.5631697177886963 0.8071831464767456 
2.4074225425720215 2.9168825149536133 0.33391696214675903 2.58296537399292 0.8275305032730103 
2.1224420070648193 2.9208791255950928 0.3291611671447754 2.5917179584503174 0.8136954307556152 
2.2217063903808594 2.8968465328216553 0.3391472101211548 2.557699203491211 0.844219446182251 
2.4642348289489746 2.9634108543395996 0.351984441280365 2.611426591873169 0.8756971955299377 
2.137289047241211 2.9132723808288574 0.3303298354148865 2.582942485809326 0.8177875280380249 
2.335635185241699 2.9220707416534424 0.33696386218070984 2.5851070880889893 0.8360152840614319 
2.660714626312256 2.990787982940674 0.3600293695926666 2.630758285522461 0.8962302207946777 
2.145780563354492 2.914832592010498 0.3301771283149719 2.584655523300171 0.8174223899841309 
2.319223403930664 2.9657187461853027 0.3347456455230713 2.6309731006622314 0.8258523941040039 
2.5722925662994385 2.966742992401123 0.33532261848449707 2.631420135498047 0.8270313739776611 
2.417661190032959 2.9353649616241455 0.33156758546829224 2.603797435760498 0.81830894947052 
2.5034940242767334 2.969459295272827 0.3359394967556 2.6335198879241943 0.8290032744407654 
2.4812822341918945 2.9792723655700684 0.329182893037796 2.650089740753174 0.8089300990104675 
2.306159496307373 2.9316487312316895 0.33709633350372314 2.5945522785186768 0.8348559737205505 
2.2733254432678223 2.940802812576294 0.33997514843940735 2.600827693939209 0.8429714441299438 
1.9793514013290405 2.9048333168029785 0.32197386026382446 2.582859516143799 0.7938690185546875 
2.3566908836364746 2.962052583694458 0.3313533663749695 2.6306991577148438 0.8150186538696289 
2.0171093940734863 2.901542901992798 0.3308057188987732 2.570737361907959 0.8196797370910645 
2.052239418029785 2.904088258743286 0.3344719409942627 2.5696163177490234 0.8301957845687866 
2.409209728240967 2.9585413932800293 0.3443557024002075 2.6141855716705322 0.8537617921829224 
2.213303565979004 2.922079563140869 0.33068573474884033 2.5913939476013184 0.8176649808883667 
2.1405770778656006 2.9121365547180176 0.33561283349990845 2.576523542404175 0.8335370421409607 
2.3566062450408936 2.9503915309906006 0.3324727416038513 2.6179189682006836 0.8193219900131226 
2.4168701171875 2.9583044052124023 0.3339390456676483 2.6243653297424316 0.8237899541854858 
2.596114158630371 2.920818328857422 0.3263772130012512 2.5944411754608154 0.8041830062866211 
2.2680892944335938 2.915466070175171 0.3422967791557312 2.573169231414795 0.8505403995513916 
2.0633935928344727 2.887819290161133 0.316361665725708 2.571457624435425 0.7780789136886597 
2.0958495140075684 2.913055181503296 0.31608495116233826 2.5969700813293457 0.7757441997528076 
2.486330270767212 2.9974355697631836 0.33093252778053284 2.6665029525756836 0.8127065896987915 
2.4972519874572754 3.002912998199463 0.33156323432922363 2.67134952545166 0.8133307695388794 
2.289454936981201 2.950099468231201 0.3268398940563202 2.6232595443725586 0.8038659691810608 
2.2654147148132324 2.949221611022949 0.34031644463539124 2.60890531539917 0.8431575298309326 
2.0403871536254883 2.940000057220459 0.3378424048423767 2.6021575927734375 0.8369150161743164 
2.46496844291687 2.949586868286133 0.33294349908828735 2.6166434288024902 0.8211830854415894 
2.592583179473877 3.013559579849243 0.35909295082092285 2.6544666290283203 0.8921867609024048 
2.540424346923828 2.9896726608276367 0.3564034104347229 2.6332693099975586 0.8863821029663086 
1.9687670469284058 2.932173013687134 0.3337612748146057 2.5984115600585938 0.8260040283203125 
2.2438790798187256 2.981729030609131 0.3410475552082062 2.640681505203247 0.8436676263809204 
2.1509780883789062 2.908864736557007 0.3379777669906616 2.5708870887756348 0.8390204906463623 
2.3313260078430176 2.939258098602295 0.3366079032421112 2.6026501655578613 0.8328909873962402 
2.2583682537078857 2.9547038078308105 0.33314675092697144 2.6215572357177734 0.8227224349975586 
2.4076321125030518 2.987114429473877 0.3330423831939697 2.6540720462799072 0.8195093870162964 
2.1634366512298584 2.9495849609375 0.34159302711486816 2.607992172241211 0.8468809127807617 
2.459057569503784 2.9506611824035645 0.32974690198898315 2.6209139823913574 0.8129759430885315 
2.1418800354003906 2.885096549987793 0.3205021023750305 2.5645947456359863 0.7914864420890808 
2.204150676727295 2.928684711456299 0.33484143018722534 2.5938429832458496 0.828821063041687 
1.8588361740112305 2.864360809326172 0.3197912573814392 2.544569492340088 0.7914061546325684 
2.0506339073181152 2.9209342002868652 0.32552024722099304 2.5954136848449707 0.8034524321556091 
1.906632900238037 2.8993730545043945 0.313968688249588 2.585404396057129 0.7712703943252563 
2.377598285675049 2.9040961265563965 0.3268950581550598 2.5772013664245605 0.806623101234436 
1.7590984106063843 2.8640265464782715 0.31188032031059265 2.5521464347839355 0.767985999584198 
2.1676418781280518 2.8902993202209473 0.32711556553840637 2.563183546066284 0.8092825412750244 
2.5100784301757812 2.912245988845825 0.3395456075668335 2.5727005004882812 0.8432331085205078 
2.13022518157959 2.8993568420410156 0.33210891485214233 2.5672478675842285 0.8240326046943665 
2.0366978645324707 2.9010865688323975 0.31991541385650635 2.5811710357666016 0.7888789176940918 
2.791868209838867 2.914799213409424 0.33150577545166016 2.5832934379577637 0.8222662806510925 
2.356477737426758 2.9276883602142334 0.3315160572528839 2.596172332763672 0.8206945657730103 
2.119598388671875 2.890496253967285 0.3093891143798828 2.5811071395874023 0.7594152688980103 
2.3023383617401123 2.9442625045776367 0.32771623134613037 2.616546392440796 0.8078803420066833 
2.404139518737793 2.962730884552002 0.33542120456695557 2.6273093223571777 0.8288229703903198 
2.0966663360595703 2.905406951904297 0.323169082403183 2.582237720489502 0.796858549118042 
2.0791304111480713 2.953195810317993 0.3342898190021515 2.618905782699585 0.8258969187736511 
2.132556438446045 2.9479689598083496 0.3299424648284912 2.6180264949798584 0.8133479952812195 
2.358855724334717 2.977451801300049 0.3449394106864929 2.632512092590332 0.8539242148399353 
2.4724433422088623 2.966087818145752 0.34700819849967957 2.61907958984375 0.8599677085876465 
2.0778756141662598 2.9668240547180176 0.330269992351532 2.636554002761841 0.8129310011863708 
2.31078839302063 2.943873167037964 0.3362138569355011 2.607659339904785 0.8313195109367371 
2.391517400741577 2.9760994911193848 0.3469071090221405 2.629192352294922 0.8601796627044678 
2.309086322784424 2.9422266483306885 0.33967506885528564 2.6025514602661133 0.841258704662323 
2.010509490966797 2.9380805492401123 0.3267602324485779 2.6113202571868896 0.8058457374572754 
1.8089200258255005 2.8716049194335938 0.3164829611778259 2.555121898651123 0.7815932035446167 
2.2123217582702637 2.9606986045837402 0.34327977895736694 2.6174187660217285 0.8517232537269592 
2.0049266815185547 2.914341449737549 0.333914577960968 2.5804266929626465 0.8285279273986816 
1.8993422985076904 2.8723721504211426 0.317732572555542 2.5546398162841797 0.7850195169448853 
1.9971895217895508 2.8953158855438232 0.32774248719215393 2.5675735473632812 0.8121838569641113 
1.9197499752044678 2.8244919776916504 0.3126167953014374 2.5118751525878906 0.7739884853363037 
2.5655274391174316 2.916142225265503 0.3225681185722351 2.593574047088623 0.7942967414855957 
2.2024054527282715 2.9142301082611084 0.3377441167831421 2.5764858722686768 0.8391898274421692 
2.4526801109313965 2.8629372119903564 0.3223862051963806 2.540550947189331 0.7988263368606567 
2.1319408416748047 2.8673839569091797 0.3236740827560425 2.5437097549438477 0.8018129467964172 
2.396643877029419 2.9172208309173584 0.3347039818763733 2.582516670227051 0.8302245140075684 
2.1180896759033203 2.940619945526123 0.3336213231086731 2.6069986820220947 0.8255125284194946 
2.039825677871704 2.8959579467773438 0.3260021507740021 2.569955825805664 0.8066744804382324 
2.1643226146698 2.930100440979004 0.33249521255493164 2.5976052284240723 0.8224972486495972 
2.2951483726501465 2.956451416015625 0.33724504709243774 2.619206428527832 0.8335654139518738 
2.1897971630096436 2.9292140007019043 0.3232003450393677 2.606013774871826 0.7941646575927734 
2.3086256980895996 2.94608736038208 0.3314848840236664 2.614602565765381 0.8169926404953003 
2.160593032836914 2.9067928791046143 0.31097549200057983 2.5958173274993896 0.7624840140342712 
1.9319450855255127 2.9070286750793457 0.31656843423843384 2.5904603004455566 0.7782629132270813 
2.2058162689208984 2.927716016769409 0.3169989287853241 2.6107170581817627 0.7777588367462158 
2.2992639541625977 2.9418344497680664 0.3375304341316223 2.604304075241089 0.8344904184341431 
2.400972366333008 2.961644172668457 0.3423347473144531 2.619309663772583 0.8465721607208252 
2.1256394386291504 2.965782403945923 0.3431667387485504 2.6226155757904053 0.8501113653182983 
1.9071662425994873 2.912674903869629 0.3281087279319763 2.584566116333008 0.8103950023651123 
2.4452552795410156 2.9786086082458496 0.34208595752716064 2.6365227699279785 0.8454760313034058 
2.29699969291687 2.912252426147461 0.31858134269714355 2.5936708450317383 0.7835416793823242 
2.054262399673462 2.9142656326293945 0.31701529026031494 2.597250461578369 0.779332160949707 
1.9732351303100586 2.9231646060943604 0.3282312750816345 2.594933271408081 0.8113795518875122 
1.918592929840088 2.849550247192383 0.32369464635849 2.525855541229248 0.8037687540054321 
2.05558180809021 2.837510108947754 0.3243083655834198 2.5132017135620117 0.8065904378890991 
2.1406819820404053 2.891491413116455 0.3377065062522888 2.5537848472595215 0.8404740691184998 
1.9587366580963135 2.882049083709717 0.3246389627456665 2.55741024017334 0.8044160604476929 
1.9104992151260376 2.84615421295166 0.31844189763069153 2.527712345123291 0.7882212400436401 
2.367091178894043 2.9008169174194336 0.3340088725090027 2.5668082237243652 0.8294808268547058 
1.933469295501709 2.8608574867248535 0.33091914653778076 2.5299384593963623 0.8238681554794312 
2.25323486328125 2.9187252521514893 0.336784690618515 2.5819406509399414 0.8363677859306335 
2.289914131164551 2.9168665409088135 0.34335729479789734 2.5735089778900146 0.8546415567398071 
1.9946315288543701 2.8437395095825195 0.312974214553833 2.5307655334472656 0.7712622284889221 
1.7802791595458984 2.8287620544433594 0.31334471702575684 2.5154170989990234 0.7745203971862793 
2.119142532348633 2.8820743560791016 0.3289892077445984 2.5530850887298584 0.8156815767288208 
2.4694724082946777 2.916813373565674 0.3329135775566101 2.583899974822998 0.8252258896827698 
2.1262595653533936 2.8611555099487305 0.3217717409133911 2.539383888244629 0.7962672710418701 
2.3280227184295654 2.922532796859741 0.33322766423225403 2.5893051624298096 0.8246815204620361 
2.2749242782592773 2.9011614322662354 0.3275488018989563 2.573612689971924 0.8091039061546326 
2.16945219039917 2.8949038982391357 0.32695966958999634 2.567944049835205 0.8088473081588745 
2.3396759033203125 2.929595947265625 0.33387887477874756 2.595716953277588 0.8255044221878052 
2.194547176361084 2.9293556213378906 0.33117198944091797 2.5981836318969727 0.8169441819190979 
2.6209397315979004 2.949031352996826 0.32935869693756104 2.6196725368499756 0.8118174076080322 
1.9786113500595093 2.8807055950164795 0.313967227935791 2.5667383670806885 0.773030161857605 
2.0689802169799805 2.931436538696289 0.3180738687515259 2.6133627891540527 0.7808759808540344 
2.214698314666748 2.9484763145446777 0.33129075169563293 2.617185592651367 0.8167579770088196 
1.9808892011642456 2.8932671546936035 0.3189985752105713 2.5742685794830322 0.7866130471229553 
2.0448620319366455 2.8964147567749023 0.32355523109436035 2.572859287261963 0.7988142371177673 
2.4470176696777344 2.953397035598755 0.32139790058135986 2.6319990158081055 0.7886030077934265 
2.114798069000244 2.896206855773926 0.3218781650066376 2.574328660964966 0.793982982635498 
1.8302638530731201 2.8489420413970947 0.3142339587211609 2.534708023071289 0.775061845779419 
1.777972936630249 2.885721445083618 0.31786900758743286 2.56785249710083 0.7838681936264038 
2.1734588146209717 2.9109411239624023 0.32881924510002136 2.5821218490600586 0.8119672536849976 
2.6178417205810547 2.9601967334747314 0.32909566164016724 2.631101131439209 0.809834361076355 
2.093552589416504 2.889225482940674 0.32328394055366516 2.56594181060791 0.799486517906189 
2.0532963275909424 2.9251346588134766 0.33421987295150757 2.590914726257324 0.8284339308738708 
2.3042478561401367 2.9014363288879395 0.33549222350120544 2.565943956375122 0.8335235714912415 
1.951829195022583 2.897942066192627 0.3386322259902954 2.559309720993042 0.8429936170578003 
2.341965675354004 2.9081289768218994 0.34000492095947266 2.5681240558624268 0.8459370732307434 
2.176980495452881 2.904791831970215 0.3246171176433563 2.580174446105957 0.8012158870697021 
2.3001372814178467 2.8604085445404053 0.32946062088012695 2.5309479236602783 0.8180620670318604 
2.1063852310180664 2.863612174987793 0.3181068003177643 2.5455050468444824 0.7847520112991333 
2.3684799671173096 2.8670668601989746 0.3201489746570587 2.5469179153442383 0.7910565137863159 
2.4109277725219727 2.9010961055755615 0.330635130405426 2.570460796356201 0.8189120888710022 
2.0292091369628906 2.8717689514160156 0.31769677996635437 2.554072380065918 0.7829171419143677 
2.047175407409668 2.873579263687134 0.3270890712738037 2.54649019241333 0.810249388217926 
2.321728229522705 2.906637191772461 0.3335108160972595 2.5731263160705566 0.8249368667602539 
2.1260132789611816 2.9117655754089355 0.3169025778770447 2.5948634147644043 0.777585506439209 
2.53507661819458 2.9413771629333496 0.32820117473602295 2.613175868988037 0.8079540729522705 
2.069035768508911 2.9032773971557617 0.3344786465167999 2.568798542022705 0.8293403387069702 
2.1795969009399414 2.9260175228118896 0.32921719551086426 2.5968003273010254 0.811980664730072 
2.590144634246826 2.98150634765625 0.352324515581131 2.6291818618774414 0.8740071058273315 
2.092222213745117 2.9118571281433105 0.33080291748046875 2.5810539722442627 0.8185110092163086 
1.9040416479110718 2.890019655227661 0.32436999678611755 2.5656497478485107 0.8009597063064575 
2.3075685501098633 2.942352771759033 0.3373018801212311 2.605051040649414 0.8348956108093262 
2.3190391063690186 2.9121735095977783 0.32462799549102783 2.587545871734619 0.8004454374313354 
2.273423194885254 2.8912336826324463 0.3210512399673462 2.5701823234558105 0.7921828031539917 
2.3325767517089844 2.9005048274993896 0.331918329000473 2.568586587905884 0.8226168155670166 
2.2152066230773926 2.911600351333618 0.32759103178977966 2.5840094089508057 0.8084251880645752 
2.304015874862671 2.917564868927002 0.33051884174346924 2.587045669555664 0.8184168338775635 
2.0546655654907227 2.9198765754699707 0.33189693093299866 2.587979793548584 0.8214088678359985 
2.198982000350952 2.9028127193450928 0.3245377540588379 2.578275203704834 0.8009107112884521 
2.1472692489624023 2.9320600032806396 0.3403262495994568 2.591733694076538 0.8453839421272278 
2.2652640342712402 2.896420955657959 0.3293551206588745 2.567065715789795 0.8161267042160034 
2.1612913608551025 2.877211332321167 0.3242667317390442 2.5529444217681885 0.8033483624458313 
2.3666458129882812 2.9249210357666016 0.3365247845649719 2.5883960723876953 0.8332169055938721 
2.184407949447632 2.9539613723754883 0.33418887853622437 2.619772434234619 0.8254059553146362 
2.352193593978882 2.9133777618408203 0.32480132579803467 2.588576316833496 0.8013557195663452 
2.1477112770080566 2.889030933380127 0.32260578870773315 2.566425323486328 0.7959480881690979 
2.46795916557312 2.971050977706909 0.33755913376808167 2.6334917545318604 0.8330862522125244 
2.345050811767578 2.897066116333008 0.30829179286956787 2.5887742042541504 0.7549625635147095 
1.9578872919082642 2.855283260345459 0.3085131347179413 2.5467700958251953 0.7592049837112427 
2.371818780899048 2.8758046627044678 0.31454989314079285 2.5612545013427734 0.7731252908706665 
2.3687665462493896 2.9028027057647705 0.32123973965644836 2.5815629959106445 0.7916298508644104 
2.3804783821105957 2.941845417022705 0.33036133646965027 2.6114840507507324 0.8141539692878723 
2.118989944458008 2.9104597568511963 0.33164989948272705 2.5788097381591797 0.8207637071609497 
2.551640272140503 2.96567440032959 0.35345226526260376 2.612222194671631 0.879462480545044 
2.1611320972442627 2.972651481628418 0.3414701819419861 2.631181240081787 0.8447134494781494 
2.168968439102173 2.936462879180908 0.33662012219429016 2.5998425483703613 0.8322879672050476 
2.346562385559082 2.934811592102051 0.3374673128128052 2.597344160079956 0.8357753157615662 
2.0572450160980225 2.931035041809082 0.3322529196739197 2.5987820625305176 0.8209624886512756 
2.4271340370178223 2.948188304901123 0.34137317538261414 2.6068150997161865 0.8456263542175293 
2.254725694656372 2.939542770385742 0.3382529020309448 2.601289749145508 0.8368499875068665 
2.018216133117676 2.9090921878814697 0.32956835627555847 2.579523801803589 0.8152899742126465 
2.507260799407959 2.9766123294830322 0.338263601064682 2.6383485794067383 0.8337288498878479 
2.2218995094299316 2.927579402923584 0.3191740810871124 2.608405351638794 0.7827599048614502 
2.339582920074463 2.9755682945251465 0.3154505491256714 2.6601176261901855 0.7695505619049072 
2.2079193592071533 2.878985643386841 0.33209747076034546 2.5468881130218506 0.8248570561408997 
2.4932844638824463 2.9691994190216064 0.3536217510700226 2.6155776977539062 0.8793167471885681 
2.2439165115356445 2.944690465927124 0.3496677875518799 2.595022678375244 0.871294379234314 
2.2587409019470215 2.9102015495300293 0.3407381772994995 2.5694632530212402 0.8476826548576355 
2.161532163619995 2.910214424133301 0.3270326852798462 2.583181858062744 0.8069688081741333 
2.441359758377075 2.9384875297546387 0.3421590328216553 2.5963284969329834 0.8499035835266113 
2.5441699028015137 2.942502498626709 0.3432523012161255 2.599250316619873 0.8520790338516235 
2.312830686569214 2.90610408782959 0.33668360114097595 2.569420576095581 0.8366197347640991 
1.9525238275527954 2.866472005844116 0.32609421014785767 2.5403778553009033 0.8084748983383179 
2.2260866165161133 2.956336498260498 0.3357152044773102 2.6206212043762207 0.8300542831420898 
2.0528483390808105 2.8771448135375977 0.3227563500404358 2.5543885231018066 0.7981408834457397 
2.091855049133301 2.904491662979126 0.32438844442367554 2.5801031589508057 0.8002744317054749 
2.484323024749756 2.939117431640625 0.3223804831504822 2.616736888885498 0.7936265468597412 
2.219390392303467 2.952476978302002 0.3363109529018402 2.616166114807129 0.8310093879699707 
2.0409793853759766 2.9156084060668945 0.3233878016471863 2.5922205448150635 0.7967305183410645 
2.1431777477264404 2.8628549575805664 0.31185197830200195 2.5510032176971436 0.767963171005249 
2.130326747894287 2.91367506980896 0.31392085552215576 2.5997543334960938 0.7703804969787598 
2.0215530395507812 2.9049582481384277 0.32052356004714966 2.584434747695923 0.7896293997764587 
1.7942620515823364 2.8915700912475586 0.3161928653717041 2.5753769874572754 0.778485894203186 
1.953472375869751 2.8938393592834473 0.3248145878314972 2.5690248012542725 0.8038725852966309 
2.417717456817627 2.941856622695923 0.32592636346817017 2.6159300804138184 0.8033391237258911 
2.0083634853363037 2.8530712127685547 0.31160372495651245 2.5414676666259766 0.7679188251495361 
2.0247809886932373 2.8702142238616943 0.32729268074035645 2.542921543121338 0.8119504451751709 
2.383110523223877 2.904265880584717 0.33425962924957275 2.5700061321258545 0.8291265368461609 
2.271876096725464 2.8691816329956055 0.32416731119155884 2.5450141429901123 0.8027976751327515 
2.327491283416748 2.9078197479248047 0.33393973112106323 2.5738799571990967 0.8295087218284607 
2.0553998947143555 2.85080885887146 0.3174894154071808 2.5333194732666016 0.7852576375007629 
2.400092601776123 2.9541525840759277 0.3510488271713257 2.6031036376953125 0.8741142153739929 
1.8973639011383057 2.9058632850646973 0.3261869549751282 2.579676389694214 0.8064916133880615 
2.1169793605804443 2.8758320808410645 0.3284915089607239 2.5473403930664062 0.8146024346351624 
1.9553325176239014 2.8490538597106934 0.31972736120224 2.5293266773223877 0.7917550802230835 
1.9812662601470947 2.900075912475586 0.3307386636734009 2.5693371295928955 0.8192356824874878 
2.5466299057006836 2.9442334175109863 0.3472583293914795 2.596975326538086 0.8631186485290527 
1.9983855485916138 2.8891148567199707 0.32605844736099243 2.563056230545044 0.8070393800735474 
1.9425462484359741 2.8766355514526367 0.3228314220905304 2.5538039207458496 0.7989671230316162 
1.9360491037368774 2.8969101905822754 0.3366541266441345 2.560255765914917 0.8362885117530823 
2.212441921234131 2.8963401317596436 0.3267784118652344 2.56956148147583 0.8084656000137329 
2.5880818367004395 2.916140079498291 0.33676809072494507 2.579371929168701 0.8347070813179016 
2.418107509613037 2.913111925125122 0.3253800868988037 2.5877318382263184 0.8024486303329468 
2.1463143825531006 2.864150285720825 0.30494993925094604 2.5592002868652344 0.7475363612174988 
2.3704757690429688 2.9249267578125 0.3374607563018799 2.587466239929199 0.8355191349983215 
2.510565996170044 2.9090332984924316 0.3238191604614258 2.585214138031006 0.7987009286880493 
2.224864959716797 2.8809611797332764 0.30667391419410706 2.574286937713623 0.7501798868179321 
1.844215989112854 2.8410634994506836 0.3114607632160187 2.5296027660369873 0.7677040696144104 
2.3611702919006348 2.9554202556610107 0.3282735049724579 2.6271467208862305 0.8084734678268433 
2.1220831871032715 2.9165806770324707 0.3156598210334778 2.6009209156036377 0.7749743461608887 
2.3613784313201904 2.9121484756469727 0.3276260793209076 2.584522247314453 0.8087760806083679 
2.2029836177825928 2.936476469039917 0.3325456976890564 2.603930950164795 0.8223053216934204 
2.5201735496520996 2.943189859390259 0.33588898181915283 2.6073007583618164 0.8319138884544373 
2.514302968978882 2.954281806945801 0.33670613169670105 2.6175758838653564 0.8320354223251343 
2.092071056365967 2.9146926403045654 0.3319573402404785 2.582735538482666 0.821670651435852 
2.1333513259887695 2.9296064376831055 0.3301573693752289 2.5994491577148438 0.8146069049835205 
2.773634672164917 3.013737916946411 0.3478335738182068 2.6659042835235596 0.8596420884132385 
2.250964879989624 2.945742607116699 0.336850643157959 2.608891725540161 0.8331631422042847 
1.990243911743164 2.894233226776123 0.3309715986251831 2.5632615089416504 0.8202723264694214 
2.3135581016540527 2.9616143703460693 0.33321917057037354 2.6283953189849854 0.8206169009208679 
2.1296420097351074 2.9081645011901855 0.31989115476608276 2.588273525238037 0.7866607904434204 
2.5069174766540527 2.9705095291137695 0.3536439836025238 2.616865634918213 0.8793238401412964 
2.1318607330322266 2.9219722747802734 0.33807462453842163 2.583897590637207 0.838517427444458 
2.0235462188720703 2.933257579803467 0.33503103256225586 2.598226547241211 0.8291575312614441 
2.2297987937927246 2.9221768379211426 0.3346058130264282 2.587570905685425 0.8284398317337036 
1.9427192211151123 2.9294276237487793 0.3294087052345276 2.6000189781188965 0.8134428858757019 
2.3402600288391113 2.944613218307495 0.3297136723995209 2.6148996353149414 0.8136324882507324 
2.3369579315185547 2.931281566619873 0.3356893062591553 2.595592498779297 0.8308351039886475 
2.329871892929077 2.90362286567688 0.32966047525405884 2.573962450027466 0.8152734637260437 
2.079355239868164 2.847449779510498 0.3183412253856659 2.529108762741089 0.7878173589706421 
1.814575433731079 2.8144772052764893 0.3132416307926178 2.5012354850769043 0.775161862373352 
2.2950520515441895 2.953408718109131 0.3345993459224701 2.618809461593628 0.8244252800941467 
2.0117785930633545 2.866119384765625 0.32428061962127686 2.5418386459350586 0.8025319576263428 
2.1849870681762695 2.8709373474121094 0.32697349786758423 2.54396390914917 0.8090894818305969 
2.035161018371582 2.8333916664123535 0.3122144639492035 2.521177291870117 0.7708423137664795 
2.3330068588256836 2.904574394226074 0.32719922065734863 2.5773751735687256 0.8078681826591492 
2.2082762718200684 2.88840651512146 0.32610028982162476 2.5623059272766113 0.8055066466331482 
1.9498045444488525 2.8422961235046387 0.30830803513526917 2.5339879989624023 0.7595470547676086 
2.459038734436035 2.887016534805298 0.31672924757003784 2.5702872276306152 0.7801475524902344 
1.8843214511871338 2.8512330055236816 0.31833547353744507 2.532897472381592 0.7871637344360352 
2.1307806968688965 2.862506628036499 0.32507115602493286 2.537435293197632 0.8044993877410889 
2.164119243621826 2.82336163520813 0.30736851692199707 2.515993118286133 0.7582096457481384 
2.0692310333251953 2.869410514831543 0.31899747252464294 2.550413131713867 0.7870639562606812 
2.412491798400879 2.905735731124878 0.32689177989959717 2.5788440704345703 0.8089392185211182 
1.9557242393493652 2.835812568664551 0.30744409561157227 2.5283684730529785 0.7569503784179688 
2.256913661956787 2.9158225059509277 0.3316505551338196 2.584172248840332 0.8198521733283997 
2.112536907196045 2.949669361114502 0.32895609736442566 2.620713472366333 0.8094260692596436 
2.3191492557525635 2.9415652751922607 0.33373141288757324 2.6078338623046875 0.8237687945365906 
1.8381186723709106 2.900601863861084 0.32594749331474304 2.5746543407440186 0.8059155941009521 
1.9848546981811523 2.905714273452759 0.3306434154510498 2.575070858001709 0.8195967674255371 
2.150219440460205 2.958984136581421 0.3425024747848511 2.6164817810058594 0.8490796089172363 
2.379655599594116 2.9158568382263184 0.3341105878353119 2.5817461013793945 0.8280682563781738 
1.922677755355835 2.9005331993103027 0.33224350214004517 2.5682897567749023 0.8247735500335693 
1.963451862335205 2.904846668243408 0.3297731876373291 2.575073719024658 0.8157765865325928 
1.9517539739608765 2.882335901260376 0.3289589285850525 2.553377151489258 0.8164657354354858 
1.8692593574523926 2.911604881286621 0.32268568873405457 2.588919162750244 0.79622483253479 
2.005946159362793 2.907426357269287 0.33086684346199036 2.576559543609619 0.8202908635139465 
1.7433984279632568 2.854792833328247 0.3062533140182495 2.548539638519287 0.7528202533721924 
2.317296028137207 2.9163269996643066 0.3287711441516876 2.5875558853149414 0.8121270537376404 
2.5334434509277344 2.9275026321411133 0.3294551968574524 2.5980472564697266 0.8150120973587036 
2.0601396560668945 2.81036114692688 0.3100437521934509 2.500317335128784 0.7670252323150635 
2.2875680923461914 2.908522605895996 0.32637542486190796 2.5821471214294434 0.8059068918228149 
2.244180679321289 2.909972667694092 0.32040947675704956 2.5895631313323975 0.7885481119155884 
2.0281996726989746 2.8393726348876953 0.3148202896118164 2.524552345275879 0.7785181999206543 
2.0751776695251465 2.8990302085876465 0.33000290393829346 2.5690274238586426 0.816598117351532 
2.259286880493164 2.8958263397216797 0.33314788341522217 2.562678575515747 0.8275648355484009 
1.9481087923049927 2.8855414390563965 0.3326018452644348 2.5529394149780273 0.8270620107650757 
2.0137200355529785 2.903827428817749 0.3227384090423584 2.5810890197753906 0.7957720160484314 
2.391674041748047 2.927034854888916 0.3435121178627014 2.5835225582122803 0.8538569211959839 
2.5327043533325195 2.9406585693359375 0.32666414976119995 2.6139943599700928 0.8054433465003967 
2.5814852714538574 2.975160598754883 0.34884878993034363 2.626311779022217 0.8656505346298218 
2.369438648223877 2.943986654281616 0.34119540452957153 2.6027913093566895 0.845812201499939 
2.396649122238159 2.931166410446167 0.3365689814090729 2.594597339630127 0.8333598375320435 
2.201934337615967 2.9378857612609863 0.3363211750984192 2.601564407348633 0.8318864703178406 
2.078497886657715 2.926851749420166 0.33138853311538696 2.595463275909424 0.8190375566482544 
2.1883063316345215 2.947707176208496 0.3323849141597748 2.6153223514556885 0.8198186159133911 
1.8755519390106201 2.8992600440979004 0.32435351610183716 2.574906349182129 0.8007473945617676 
2.256333827972412 2.9374489784240723 0.3320125937461853 2.605436325073242 0.8183184862136841 
2.2529234886169434 2.939781904220581 0.32027095556259155 2.6195108890533447 0.7860377430915833 
2.197695732116699 2.922740936279297 0.32774460315704346 2.594996452331543 0.8085745573043823 
2.0339643955230713 2.902524948120117 0.3194638192653656 2.583061456680298 0.7877398729324341 
1.7087615728378296 2.874006986618042 0.31923824548721313 2.5547690391540527 0.789206862449646 
2.039584159851074 2.8686676025390625 0.328826367855072 2.5398411750793457 0.8162755966186523 
2.443676471710205 2.8877804279327393 0.32543718814849854 2.562343120574951 0.806298017501831 
2.0330471992492676 2.905147075653076 0.334586501121521 2.5705604553222656 0.8300009965896606 
2.160905361175537 2.897170066833496 0.3261229991912842 2.571047067642212 0.8074455261230469 
1.9417036771774292 2.900055170059204 0.3225008249282837 2.57755446434021 0.7966524362564087 
2.0381531715393066 2.893523693084717 0.32082244753837585 2.5727014541625977 0.7915754318237305 
2.3330323696136475 2.898090124130249 0.33549678325653076 2.5625932216644287 0.8335165977478027 
2.585381507873535 2.9776082038879395 0.335260808467865 2.6423473358154297 0.8270044326782227 
2.160407066345215 2.881291151046753 0.32689911127090454 2.554392099380493 0.8114922046661377 
2.164281129837036 2.871506929397583 0.3215828835964203 2.54992413520813 0.7955302000045776 
2.4588451385498047 2.9249463081359863 0.3268774449825287 2.5980687141418457 0.8051841259002686 
2.2098424434661865 2.918860673904419 0.33235764503479004 2.586503028869629 0.8230679035186768 
2.141227960586548 2.9119017124176025 0.3312933146953583 2.580608606338501 0.820049524307251 
2.2422537803649902 2.9595956802368164 0.3433452844619751 2.616250514984131 0.8501102924346924 
2.390915870666504 2.950517177581787 0.3398577570915222 2.61065936088562 0.8407986164093018 
2.451026678085327 2.9697656631469727 0.33073297142982483 2.6390328407287598 0.8134472966194153 
2.321484088897705 2.9168083667755127 0.3341939449310303 2.5826144218444824 0.8270177245140076 
2.3790760040283203 2.9316320419311523 0.3354692757129669 2.5961625576019287 0.8307361602783203 
2.2397103309631348 2.9569315910339355 0.33444368839263916 2.622488021850586 0.8249534368515015 
2.0622289180755615 2.908505439758301 0.3313151001930237 2.577190399169922 0.8198958039283752 
2.157209873199463 2.957242727279663 0.33076292276382446 2.6264796257019043 0.8138630986213684 
2.073185443878174 2.920491933822632 0.32471731305122375 2.5957746505737305 0.7997853755950928 
2.3505308628082275 2.9303369522094727 0.3313905596733093 2.5989465713500977 0.8191370964050293 
2.2059080600738525 2.9082818031311035 0.33134180307388306 2.5769400596618652 0.8200598955154419 
2.108297348022461 2.912510871887207 0.3333807587623596 2.579130172729492 0.8252980709075928 
2.5590152740478516 2.923081874847412 0.33921849727630615 2.5838632583618164 0.8412870764732361 
2.0317015647888184 2.893256664276123 0.3315461575984955 2.5617105960845947 0.8218258619308472 
1.8881789445877075 2.830714225769043 0.3106190264225006 2.5200953483581543 0.7667896151542664 
2.105557441711426 2.8621203899383545 0.31557783484458923 2.5465426445007324 0.7794584035873413 
2.4778072834014893 2.9785261154174805 0.34116968512535095 2.6373565196990967 0.8421725630760193 
2.1283912658691406 2.914255142211914 0.33353641629219055 2.580718517303467 0.826714277267456 
2.062866449356079 2.867982864379883 0.32063424587249756 2.5473484992980957 0.793259859085083 
2.238658905029297 2.8444457054138184 0.31843429803848267 2.5260114669799805 0.786439061164856 
1.9780189990997314 2.868941307067871 0.3234463334083557 2.54549503326416 0.8001768589019775 
1.7744065523147583 2.831303119659424 0.31428349018096924 2.517019510269165 0.7775319814682007 
2.196850299835205 2.917635202407837 0.33048728108406067 2.5871477127075195 0.8170502185821533 
2.122606039047241 2.8999392986297607 0.3329571485519409 2.5669820308685303 0.8256368041038513 
1.9965145587921143 2.8356385231018066 0.32229214906692505 2.5133461952209473 0.798886239528656 
2.667135238647461 2.916274309158325 0.3265554904937744 2.589718818664551 0.8057701587677002 
1.889536738395691 2.8452582359313965 0.31554868817329407 2.5297093391418457 0.7793179750442505 
1.8859338760375977 2.8765859603881836 0.3182196021080017 2.558366298675537 0.7851091027259827 
1.9915573596954346 2.859729051589966 0.3170957863330841 2.542633295059204 0.7825172543525696 
1.995081901550293 2.8497812747955322 0.30817535519599915 2.5416059494018555 0.7591767907142639 
1.8374332189559937 2.8544809818267822 0.3151848316192627 2.5392961502075195 0.7789235711097717 
2.189487934112549 2.898158550262451 0.3262205719947815 2.5719377994537354 0.8073126077651978 
2.518014430999756 2.913459300994873 0.3353016972541809 2.578157424926758 0.8316543102264404 
1.5292901992797852 2.8268070220947266 0.3115473687648773 2.5152595043182373 0.7703895568847656 
2.0280230045318604 2.872178077697754 0.3229881525039673 2.549189567565918 0.7981553077697754 
2.2739334106445312 2.928412914276123 0.33437681198120117 2.594036102294922 0.8282457590103149 
2.2298288345336914 2.907097816467285 0.32784074544906616 2.579257011413574 0.8094391822814941 
1.961876392364502 2.8679261207580566 0.32522445917129517 2.5427017211914062 0.8058204054832458 
2.3638432025909424 2.897679567337036 0.32210254669189453 2.5755770206451416 0.7948062419891357 
1.869704008102417 2.877394676208496 0.32482242584228516 2.552572011947632 0.8048794269561768 
1.934386134147644 2.831923484802246 0.3155826926231384 2.516340732574463 0.7800012826919556 
2.055850028991699 2.8890504837036133 0.32947486639022827 2.5595755577087402 0.8166477680206299 
1.9074172973632812 2.8442726135253906 0.31960994005203247 2.524662971496582 0.792130172252655 
2.563880443572998 2.9713222980499268 0.3448035418987274 2.626518726348877 0.853986382484436 
2.131220817565918 2.9550018310546875 0.3336282968521118 2.621373176574707 0.8240268230438232 
2.4238874912261963 2.930776596069336 0.3347167372703552 2.596059799194336 0.8278892040252686 
2.321305751800537 2.947071075439453 0.341360479593277 2.605710506439209 0.8468049764633179 
1.8546361923217773 2.833216667175293 0.3077986538410187 2.5254180431365967 0.7592891454696655 
2.265226364135742 2.885995864868164 0.32787278294563293 2.5581231117248535 0.8116059303283691 
2.2582149505615234 2.9067230224609375 0.32418733835220337 2.582535743713379 0.801243245601654 
2.0558419227600098 2.9189064502716064 0.33285048604011536 2.5860562324523926 0.8237147331237793 
2.2263951301574707 2.9330811500549316 0.3348262310028076 2.598254919052124 0.8286871910095215 
2.0884101390838623 2.8875656127929688 0.32943710684776306 2.5581283569335938 0.8159326314926147 
2.124866247177124 2.861288070678711 0.3184491991996765 2.5428390502929688 0.7863174676895142 
2.0290627479553223 2.8648438453674316 0.32066768407821655 2.5441761016845703 0.7930646538734436 
2.2391204833984375 2.8856117725372314 0.32312899827957153 2.5624828338623047 0.797187328338623 
2.1542253494262695 2.849404811859131 0.3162814676761627 2.53312349319458 0.7809749841690063 
2.211925983428955 2.9633121490478516 0.31987378001213074 2.6434383392333984 0.7831767201423645 
2.482424259185791 2.919992446899414 0.3241651952266693 2.595827102661133 0.7990491390228271 
2.1639108657836914 2.875072956085205 0.32658815383911133 2.5484848022460938 0.8088602423667908 
2.214768886566162 2.854759693145752 0.32417577505111694 2.5305840969085693 0.8041089773178101 
2.226393222808838 2.9413585662841797 0.3204048275947571 2.6209537982940674 0.7848498821258545 
2.06714129447937 2.9003713130950928 0.3282321095466614 2.572139024734497 0.8115646839141846 
1.9194520711898804 2.8981802463531494 0.3305150866508484 2.5676651000976562 0.819206714630127 
2.0062804222106934 2.8724451065063477 0.3237735629081726 2.5486714839935303 0.8011239767074585 
1.905374526977539 2.901689052581787 0.30730271339416504 2.594386339187622 0.75132155418396 
1.9472010135650635 2.835216522216797 0.30322104692459106 2.5319952964782715 0.7447158098220825 
2.0604238510131836 2.908525228500366 0.33032718300819397 2.578197956085205 0.81858229637146 
2.0162534713745117 2.9008126258850098 0.32265931367874146 2.578153133392334 0.7962121963500977 
2.399563789367676 2.9277865886688232 0.3308415114879608 2.59694504737854 0.8177790641784668 
2.243497848510742 2.9212253093719482 0.3462185263633728 2.5750067234039307 0.862737774848938 
2.381666660308838 2.915127754211426 0.33236026763916016 2.5827677249908447 0.8229855895042419 
1.8968433141708374 2.842586040496826 0.3257659375667572 2.516819953918457 0.8102874159812927 
2.039170742034912 2.868957281112671 0.32724592089653015 2.5417113304138184 0.8111176490783691 
1.9224298000335693 2.855645179748535 0.32221710681915283 2.533428192138672 0.7986112833023071 
2.2656145095825195 2.888082265853882 0.33601072430610657 2.5520715713500977 0.8351929783821106 
1.6123332977294922 2.8567121028900146 0.3218005299568176 2.534911632537842 0.7987493276596069 
1.9831187725067139 2.8183960914611816 0.3039708733558655 2.514425277709961 0.7486311793327332 
1.8774504661560059 2.8211612701416016 0.31672239303588867 2.504438877105713 0.7841743230819702 
2.344825029373169 2.935157299041748 0.3350997865200043 2.600057363510132 0.8299946188926697 
2.0704307556152344 2.841191291809082 0.3238964080810547 2.5172951221466064 0.8036237955093384 
1.5383551120758057 2.827497720718384 0.30971643328666687 2.5177814960479736 0.7650463581085205 
2.0909576416015625 2.8922362327575684 0.32732531428337097 2.564910888671875 0.8104170560836792 
2.13639497756958 2.8822383880615234 0.32813704013824463 2.5541014671325684 0.8119204044342041 
1.9040536880493164 2.8376009464263916 0.305955171585083 2.5316457748413086 0.7539604902267456 
2.079320192337036 2.8962011337280273 0.3143436312675476 2.581857442855835 0.7738296985626221 
2.086742639541626 2.8792881965637207 0.3137803077697754 2.5655078887939453 0.7728561162948608 
1.8991765975952148 2.8620266914367676 0.3151586651802063 2.546868085861206 0.7776615619659424 
1.9374932050704956 2.8557889461517334 0.31757357716560364 2.538215398788452 0.7848999500274658 
1.823019027709961 2.848900079727173 0.3204156160354614 2.528484344482422 0.7941774129867554 
1.850807785987854 2.863978862762451 0.31522631645202637 2.5487523078918457 0.77783203125 
1.9656845331192017 2.8415818214416504 0.3182860016822815 2.5232956409454346 0.7880085706710815 
2.0583746433258057 2.8593802452087402 0.320570707321167 2.5388095378875732 0.7935311198234558 
2.164093017578125 2.842479705810547 0.33292436599731445 2.5095553398132324 0.8306187391281128 
2.262611150741577 2.853130340576172 0.32905781269073486 2.5240724086761475 0.8182324767112732 
2.5703587532043457 2.937044620513916 0.34842005372047424 2.5886244773864746 0.8671464920043945 
2.101318836212158 2.821275234222412 0.3167806565761566 2.5044946670532227 0.7846508026123047 
2.2316341400146484 2.7913169860839844 0.30983027815818787 2.4814867973327637 0.7674950361251831 
1.9759312868118286 2.8774290084838867 0.31684207916259766 2.560587167739868 0.7811356782913208 
2.2591748237609863 2.8632190227508545 0.3272765874862671 2.535942554473877 0.8123708367347717 
2.242331027984619 2.8853721618652344 0.32568085193634033 2.5596914291381836 0.8059629201889038 
2.1145100593566895 2.8263838291168213 0.3150648772716522 2.5113189220428467 0.7794602513313293 
2.3228836059570312 2.8939614295959473 0.33619898557662964 2.557762622833252 0.8351233005523682 
2.0578079223632812 2.8784067630767822 0.3260129690170288 2.552393674850464 0.8072800040245056 
2.11374568939209 2.8297390937805176 0.3194406032562256 2.510298252105713 0.7911967039108276 
2.5075273513793945 2.9562079906463623 0.3342440128326416 2.6219639778137207 0.8248883485794067 
2.3136038780212402 2.918440818786621 0.31932932138442993 2.599111557006836 0.7846688628196716 
2.3519630432128906 2.9192886352539062 0.3333883583545685 2.58590030670166 0.8240376710891724 
2.0455238819122314 2.8919434547424316 0.3242373764514923 2.5677061080932617 0.8010382056236267 
2.3110594749450684 2.909470558166504 0.3300613760948181 2.579409122467041 0.8162562251091003 
1.8751658201217651 2.9172475337982178 0.3203257918357849 2.596921920776367 0.7875486612319946 
2.7934794425964355 3.005885601043701 0.3509305417537689 2.6549549102783203 0.8679046630859375 
2.228951930999756 2.9074559211730957 0.32196664810180664 2.585489273071289 0.7931159138679504 
1.996874213218689 2.919919013977051 0.32711952924728394 2.592799425125122 0.8069945573806763 
2.1763365268707275 2.938906669616699 0.32618337869644165 2.6127233505249023 0.8027317523956299 
2.243267774581909 2.94612193107605 0.33398401737213135 2.612137794494629 0.8247612714767456 
2.231562614440918 2.964789628982544 0.339557409286499 2.625232219696045 0.8398511409759521 
1.7628486156463623 2.873448133468628 0.32180047035217285 2.551647663116455 0.7960563898086548 
2.286006450653076 2.9251208305358887 0.3377366364002228 2.5873842239379883 0.8375690579414368 
2.356968879699707 2.935965061187744 0.3336681127548218 2.602297306060791 0.8260959982872009 
2.2491135597229004 2.9123876094818115 0.33283567428588867 2.5795516967773438 0.8257805705070496 
2.0123353004455566 2.8731942176818848 0.32109445333480835 2.5520999431610107 0.7938078045845032 
2.2194371223449707 2.9021224975585938 0.337106317281723 2.565016269683838 0.8378124237060547 
2.007626533508301 2.8691461086273193 0.32703348994255066 2.5421125888824463 0.8103752136230469 
2.303647994995117 2.897263765335083 0.32128316164016724 2.5759806632995605 0.7929695248603821 
2.309999704360962 2.9230432510375977 0.33237534761428833 2.590667724609375 0.8223572969436646 
2.26064395904541 2.9259729385375977 0.33220174908638 2.59377121925354 0.8212001919746399 
1.756603479385376 2.835758686065674 0.3113480806350708 2.5244107246398926 0.7684500813484192 
1.6521656513214111 2.791426658630371 0.29618486762046814 2.495242118835449 0.7285135984420776 
2.5514392852783203 2.910491466522217 0.32416456937789917 2.586327075958252 0.8000748157501221 
1.8327455520629883 2.8154985904693604 0.3140637278556824 2.501434803009033 0.7765579223632812 
2.105553388595581 2.897876501083374 0.3288901746273041 2.568986177444458 0.814661979675293 
2.1201159954071045 2.9033243656158447 0.32610374689102173 2.5772204399108887 0.8059449791908264 
2.207793712615967 2.891071081161499 0.321744441986084 2.569326639175415 0.7951861619949341 
2.1441195011138916 2.881774663925171 0.3214910626411438 2.560283660888672 0.7945395708084106 
1.914529800415039 2.8839285373687744 0.32524022459983826 2.558688163757324 0.8053529262542725 
2.699016571044922 2.9795947074890137 0.34572577476501465 2.63386869430542 0.8563076257705688 
2.3371639251708984 2.9559271335601807 0.33223873376846313 2.6236884593963623 0.8195555806159973 
2.0643303394317627 2.8760056495666504 0.327251672744751 2.5487542152404785 0.8116689920425415 
2.1388211250305176 2.8809762001037598 0.3281016945838928 2.5528745651245117 0.8127397298812866 
2.575747489929199 2.9731123447418213 0.34416884183883667 2.62894344329834 0.8515927791595459 
2.367431640625 2.9019241333007812 0.3274589776992798 2.574464797973633 0.8101038932800293 
2.2844128608703613 2.941493034362793 0.34170109033584595 2.599792003631592 0.8472428321838379 
2.0898008346557617 2.866511821746826 0.3158769905567169 2.5506346225738525 0.7780784368515015 
1.9957563877105713 2.9183714389801025 0.33090680837631226 2.5874645709991455 0.8175320625305176 
2.250088691711426 2.9360313415527344 0.3443852663040161 2.5916459560394287 0.8543318510055542 
1.993095874786377 2.863690137863159 0.31499406695365906 2.548696279525757 0.7764167785644531 
1.914670467376709 2.867629051208496 0.31818467378616333 2.5494446754455566 0.784905731678009 
2.4532485008239746 2.9666190147399902 0.33602845668792725 2.6305904388427734 0.8287727236747742 
2.037400245666504 2.884537696838379 0.32811567187309265 2.5564217567443848 0.8129420280456543 
2.279141664505005 2.8969459533691406 0.33528387546539307 2.561661958694458 0.8312329649925232 
2.043806552886963 2.8856983184814453 0.32974839210510254 2.5559496879577637 0.8174661993980408 
2.18496036529541 2.885551929473877 0.32698962092399597 2.5585622787475586 0.8099331855773926 
1.8876917362213135 2.844170093536377 0.3164525628089905 2.527717351913452 0.7821789383888245 
2.1071107387542725 2.8830466270446777 0.32079407572746277 2.5622525215148926 0.7919252514839172 
2.1698451042175293 2.897242546081543 0.32597866654396057 2.5712640285491943 0.8049895167350769 
2.2795767784118652 2.940641403198242 0.32996582984924316 2.610675811767578 0.8128386735916138 
1.9793651103973389 2.8556745052337646 0.30512091517448425 2.550553798675537 0.7483643889427185 
2.541360378265381 2.9420881271362305 0.34058958292007446 2.601498603820801 0.8422883749008179 
1.9811787605285645 2.901968479156494 0.32415103912353516 2.577817440032959 0.8006457090377808 
1.8371706008911133 2.867335081100464 0.2948569059371948 2.5724780559539795 0.7185544371604919 
1.9843026399612427 2.891915798187256 0.32724693417549133 2.564668655395508 0.8097338676452637 
1.9667088985443115 2.8263320922851562 0.32669419050216675 2.499638080596924 0.8139151334762573 
2.624013900756836 2.9227733612060547 0.3449776768684387 2.57779598236084 0.8588259816169739 
2.2226662635803223 2.893120765686035 0.3411334455013275 2.551987409591675 0.8503327369689941 
2.4518039226531982 2.9016246795654297 0.34765350818634033 2.553971290588379 0.8675961494445801 
1.702677607536316 2.836482524871826 0.3168564736843109 2.5196261405944824 0.7854596376419067 
1.8256497383117676 2.875535249710083 0.3176368474960327 2.55789852142334 0.7835385799407959 
2.342000961303711 2.8480663299560547 0.3216245174407959 2.526441812515259 0.7970931529998779 
2.101607322692871 2.8735129833221436 0.32134002447128296 2.5521726608276367 0.7934507131576538 
2.073683023452759 2.8517932891845703 0.31356924772262573 2.538224220275879 0.7743024826049805 
1.8053869009017944 2.8514575958251953 0.31285008788108826 2.538607358932495 0.771964430809021 
1.9884870052337646 2.8695778846740723 0.32508543133735657 2.544492721557617 0.8052012324333191 
1.937654733657837 2.8598859310150146 0.30989596247673035 2.549989938735962 0.7627840042114258 
2.1983513832092285 2.901932716369629 0.31724056601524353 2.5846920013427734 0.7814804911613464 
2.0207388401031494 2.901519775390625 0.3194837272167206 2.582036018371582 0.7860289216041565 
1.8922094106674194 2.8460826873779297 0.31789010763168335 2.5281925201416016 0.7866858243942261 
2.1378753185272217 2.9181394577026367 0.32135528326034546 2.5967841148376465 0.7899340987205505 
2.3709073066711426 2.938382148742676 0.3489910364151001 2.5893912315368652 0.8688830137252808 
2.2156333923339844 2.8743438720703125 0.32432714104652405 2.5500168800354004 0.8016287088394165 
2.1064095497131348 2.846029043197632 0.3227287232875824 2.5233004093170166 0.798801064491272 
2.3445425033569336 2.9220972061157227 0.33705735206604004 2.5850396156311035 0.8350255489349365 
1.8980157375335693 2.918116569519043 0.3288238048553467 2.589292526245117 0.8122895956039429 
1.989524483680725 2.8542380332946777 0.3284209370613098 2.5258169174194336 0.8155694603919983 
2.247786283493042 2.834277868270874 0.3159210681915283 2.5183568000793457 0.781660795211792 
1.8851760625839233 2.8062047958374023 0.3048512637615204 2.5013537406921387 0.7517513036727905 
2.008867025375366 2.785733222961426 0.3187227249145508 2.467010498046875 0.7918108701705933 
2.260183572769165 2.8771746158599854 0.3216416537761688 2.555532932281494 0.7943843603134155 
2.3969767093658447 2.926577568054199 0.33692383766174316 2.589653730392456 0.8349381685256958 
2.0443224906921387 2.8777554035186768 0.3244573473930359 2.553297996520996 0.8019146919250488 
1.8347277641296387 2.804128885269165 0.3082703649997711 2.4958584308624268 0.7619032859802246 
1.9995307922363281 2.823023796081543 0.30541422963142395 2.5176095962524414 0.7513495683670044 
2.777548313140869 2.9811019897460938 0.3489292562007904 2.6321725845336914 0.8651507496833801 
1.9780898094177246 2.837033271789551 0.3142048120498657 2.5228285789489746 0.7754298448562622 
2.061583995819092 2.867185592651367 0.3082524240016937 2.5589330196380615 0.7567629814147949 
2.3261032104492188 2.9006552696228027 0.32526782155036926 2.575387477874756 0.8035532236099243 
2.209988832473755 2.9097483158111572 0.3248300552368164 2.584918260574341 0.8011093139648438 
2.348538875579834 2.947614908218384 0.33981889486312866 2.6077961921691895 0.8410341143608093 
1.9261531829833984 2.864169120788574 0.3158206343650818 2.5483484268188477 0.7786763310432434 
2.563157558441162 2.9386496543884277 0.3467788100242615 2.5918707847595215 0.860498309135437 
2.1384167671203613 2.929767608642578 0.3184307813644409 2.6113367080688477 0.7814012169837952 
1.9907138347625732 2.871188163757324 0.32378387451171875 2.5474042892456055 0.800911545753479 
2.2283759117126465 2.8555033206939697 0.3316953778266907 2.523808002471924 0.825215220451355 
2.3884403705596924 2.907492160797119 0.3390704393386841 2.5684213638305664 0.8424767255783081 
2.24363374710083 2.9340860843658447 0.3362620770931244 2.5978238582611084 0.8321536779403687 
2.2443089485168457 2.929149627685547 0.33845898509025574 2.5906906127929688 0.8398900032043457 
2.2034354209899902 2.9130218029022217 0.33023202419281006 2.582789897918701 0.8168831467628479 
2.0125842094421387 2.9074106216430664 0.3321055471897125 2.575305223464966 0.8231935501098633 
2.1250157356262207 2.8948416709899902 0.3282167315483093 2.566624641418457 0.8132176399230957 
2.191335916519165 2.9203624725341797 0.34165993332862854 2.578702449798584 0.849133312702179 
1.9870145320892334 2.9194788932800293 0.32628485560417175 2.593194007873535 0.8048744201660156 
1.962174654006958 2.852447986602783 0.32303595542907715 2.529411792755127 0.8000206351280212 
1.690456509590149 2.845517158508301 0.3153686225414276 2.530148506164551 0.7800970077514648 
2.0646445751190186 2.8948354721069336 0.3190581798553467 2.575777292251587 0.7872495055198669 
2.2064931392669678 2.908705472946167 0.3237254321575165 2.584980010986328 0.7987650632858276 
2.0445051193237305 2.8945488929748535 0.31327706575393677 2.5812716484069824 0.7714739441871643 
1.863236665725708 2.8158774375915527 0.3087765872478485 2.507101058959961 0.7622268199920654 
1.91264808177948 2.8458757400512695 0.31186026334762573 2.534015655517578 0.7697270512580872 
1.787243366241455 2.836533546447754 0.3220939338207245 2.514439582824707 0.7990117073059082 
1.7078860998153687 2.77641224861145 0.3087829351425171 2.4676291942596436 0.765317976474762 
2.18801212310791 2.8856217861175537 0.32308077812194824 2.5625410079956055 0.7985116839408875 
2.16792368888855 2.8505020141601562 0.33520999550819397 2.515291929244995 0.8353769779205322 
2.4514427185058594 2.8531126976013184 0.326703816652298 2.5264089107513428 0.8110733032226562 
2.0244271755218506 2.824258804321289 0.3107823133468628 2.5134763717651367 0.767169713973999 
1.9912997484207153 2.8266777992248535 0.31809788942337036 2.508579969406128 0.7876508831977844 
2.2821290493011475 2.86110782623291 0.3288896977901459 2.5322179794311523 0.8162875771522522 
2.494335889816284 2.910413980484009 0.33956730365753174 2.5708465576171875 0.8426470756530762 
2.208296775817871 2.856621503829956 0.31930041313171387 2.537321090698242 0.7898329496383667 
2.2753658294677734 2.86533260345459 0.32796984910964966 2.537362575531006 0.8134946823120117 
2.071413993835449 2.905719757080078 0.3284081816673279 2.5773115158081055 0.8110920786857605 
2.119722366333008 2.8518447875976562 0.3199341893196106 2.5319108963012695 0.7903591394424438 
2.3893954753875732 2.931736469268799 0.3329783082008362 2.5987582206726074 0.8221888542175293 
1.9696719646453857 2.888547658920288 0.3159017562866211 2.572645902633667 0.7764726877212524 
1.887445330619812 2.8854033946990967 0.31156083941459656 2.5738425254821777 0.7647871375083923 
2.0760254859924316 2.8400282859802246 0.31222179532051086 2.527806520462036 0.7694390416145325 
2.329583168029785 2.964731216430664 0.3369658887386322 2.62776517868042 0.8316519856452942 
1.894176959991455 2.8994522094726562 0.3260725438594818 2.5733795166015625 0.8061531186103821 
2.372478485107422 2.8982112407684326 0.329281210899353 2.56892991065979 0.815091609954834 
2.1251487731933594 2.909156322479248 0.3338400423526764 2.5753164291381836 0.8272616863250732 
2.3533077239990234 2.913160562515259 0.3455245792865753 2.5676357746124268 0.8596905469894409 
2.2714598178863525 2.8975725173950195 0.3309973180294037 2.566575288772583 0.8196593523025513 
2.6745219230651855 2.961465358734131 0.3448284864425659 2.6166369915008545 0.854028582572937 
2.425976514816284 2.8866424560546875 0.3303992748260498 2.5562429428100586 0.8197487592697144 
2.0893893241882324 2.897228479385376 0.3254062533378601 2.571822166442871 0.8050252795219421 
2.0042691230773926 2.8688206672668457 0.31613484025001526 2.5526857376098633 0.7797735929489136 
2.3337643146514893 2.8967249393463135 0.3179069459438324 2.5788180828094482 0.7831143140792847 
1.9110773801803589 2.8536248207092285 0.31677180528640747 2.5368528366088867 0.7826148867607117 
2.0777416229248047 2.903803825378418 0.32855796813964844 2.5752460956573486 0.812114417552948 
2.3999438285827637 2.841146469116211 0.3176206946372986 2.5235257148742676 0.7853858470916748 
2.3401873111724854 2.916558265686035 0.333418607711792 2.583139657974243 0.8242940902709961 
1.8744127750396729 2.864542007446289 0.31079739332199097 2.553744316101074 0.7650617957115173 
1.860931634902954 2.8540501594543457 0.3146496117115021 2.539400577545166 0.7774219512939453 
2.4002528190612793 2.9354186058044434 0.33129021525382996 2.604128360748291 0.8167890310287476 
1.9274747371673584 2.8838515281677246 0.3101975619792938 2.5736539363861084 0.7610384225845337 
2.28737211227417 2.8859856128692627 0.31780001521110535 2.568185567855835 0.783004105091095 
1.7809778451919556 2.821054458618164 0.3129117488861084 2.5081424713134766 0.7741777896881104 
2.475881576538086 2.958434820175171 0.34079110622406006 2.6176435947418213 0.8440682291984558 
2.002474069595337 2.868030071258545 0.33009999990463257 2.5379300117492676 0.8193866014480591 
2.034108877182007 2.897728443145752 0.3236645758152008 2.574064016342163 0.7995963096618652 
2.1950783729553223 2.9107377529144287 0.32965975999832153 2.581078052520752 0.8157558441162109 
2.2732439041137695 2.854513168334961 0.31519484519958496 2.539318323135376 0.7780196666717529 
1.827653169631958 2.8178300857543945 0.3135662376880646 2.5042638778686523 0.7759250402450562 
2.083700656890869 2.8751254081726074 0.3159847855567932 2.559140682220459 0.7795249819755554 
2.001225233078003 2.846287250518799 0.3204325735569 2.5258548259735107 0.7937395572662354 
2.2404232025146484 2.8955492973327637 0.328983336687088 2.566565990447998 0.8146491050720215 
2.5432634353637695 2.8991456031799316 0.32665854692459106 2.5724871158599854 0.8082213997840881 
2.3446125984191895 2.9147756099700928 0.33314090967178345 2.581634759902954 0.8249270915985107 
1.9591021537780762 2.862140417098999 0.3175274431705475 2.5446128845214844 0.7849311828613281 
2.0032896995544434 2.904895305633545 0.3277377188205719 2.577157735824585 0.8106317520141602 
2.0351483821868896 2.8834447860717773 0.3294367790222168 2.5540080070495605 0.817355215549469 
2.0877304077148438 2.873889446258545 0.3305022418498993 2.5433871746063232 0.8194674253463745 
2.316488265991211 2.9213385581970215 0.34121739864349365 2.5801212787628174 0.8469462394714355 
2.0632896423339844 2.859229564666748 0.32292231917381287 2.5363073348999023 0.7998850345611572 
2.1438260078430176 2.9070193767547607 0.3334991931915283 2.5735201835632324 0.8267650604248047 
1.9486539363861084 2.8339810371398926 0.3143905997276306 2.519590377807617 0.7769379019737244 
2.2401301860809326 2.8632280826568604 0.3166666030883789 2.5465617179870605 0.7821751832962036 
2.121260643005371 2.8561220169067383 0.3224440813064575 2.5336780548095703 0.7984070181846619 
2.3527870178222656 2.908698797225952 0.336941659450531 2.5717570781707764 0.8365557789802551 
2.076402187347412 2.854663133621216 0.32236772775650024 2.5322952270507812 0.7983372807502747 
2.2413249015808105 2.885478973388672 0.3298965394496918 2.5555825233459473 0.8167184591293335 
1.8205199241638184 2.8008010387420654 0.31207191944122314 2.4887290000915527 0.7712470293045044 
2.342932939529419 2.908149003982544 0.3293641209602356 2.578784942626953 0.813763439655304 
1.897723913192749 2.8875656127929688 0.32082319259643555 2.566742420196533 0.7926846146583557 
1.8390541076660156 2.856736660003662 0.31712114810943604 2.5396156311035156 0.7824409008026123 
1.6896710395812988 2.8852598667144775 0.3178165555000305 2.5674431324005127 0.7835066318511963 
2.3140130043029785 2.8873581886291504 0.32614633440971375 2.5612118244171143 0.8058934211730957 
1.6380258798599243 2.828615665435791 0.3117665946483612 2.5168490409851074 0.770091712474823 
2.2602803707122803 2.9169583320617676 0.33453696966171265 2.58242130279541 0.8285298347473145 
2.0012078285217285 2.843488931655884 0.3173389136791229 2.5261502265930176 0.785302996635437 
2.3419270515441895 2.8678512573242188 0.31275200843811035 2.5550994873046875 0.7703419327735901 
1.7521724700927734 2.8210010528564453 0.2945254445075989 2.526475429534912 0.7215533256530762 
2.079497814178467 2.9139420986175537 0.3345453143119812 2.5793967247009277 0.8298063278198242 
1.9315557479858398 2.85823917388916 0.32069694995880127 2.5375418663024902 0.7938125133514404 
1.939177393913269 2.9162633419036865 0.32901814579963684 2.587245464324951 0.8134865760803223 
2.150339126586914 2.892335891723633 0.31825560331344604 2.574079990386963 0.7842040657997131 
1.8926174640655518 2.8075990676879883 0.3144696354866028 2.493129253387451 0.7780548930168152 
1.5794628858566284 2.8217639923095703 0.30619558691978455 2.515568256378174 0.7558608055114746 
1.9054137468338013 2.801405906677246 0.31207314133644104 2.489332675933838 0.7716933488845825 
2.090775966644287 2.9056482315063477 0.3242799639701843 2.5813679695129395 0.8017528057098389 
2.2446322441101074 2.883216381072998 0.31633007526397705 2.5668861865997314 0.7791231274604797 
1.987443447113037 2.844856023788452 0.3200060725212097 2.5248498916625977 0.7936365604400635 
2.225670337677002 2.8975605964660645 0.3349616527557373 2.562598705291748 0.8330915570259094 
2.0776288509368896 2.857649326324463 0.3276705741882324 2.5299787521362305 0.8133143186569214 
1.8526815176010132 2.8525800704956055 0.3232041597366333 2.5293760299682617 0.8015145659446716 
1.9843060970306396 2.8598806858062744 0.3245140314102173 2.5353665351867676 0.803666353225708 
2.0829544067382812 2.8497848510742188 0.3282843828201294 2.5215003490448 0.8172451853752136 
2.4594101905822754 2.8867557048797607 0.32891687750816345 2.5578389167785645 0.8156523704528809 
2.1461734771728516 2.8560433387756348 0.318214476108551 2.5378291606903076 0.7872669100761414 
2.235443592071533 2.8580832481384277 0.3236888349056244 2.5343942642211914 0.8025541305541992 
2.3541083335876465 2.8749289512634277 0.3104238510131836 2.564504861831665 0.7632608413696289 
1.8771542310714722 2.89107346534729 0.31279677152633667 2.5782766342163086 0.7686227560043335 
2.279750347137451 2.899550437927246 0.33007001876831055 2.5694804191589355 0.8163301348686218 
1.9982746839523315 2.906801700592041 0.32913029193878174 2.577671527862549 0.8130264282226562 
2.299862861633301 2.9092330932617188 0.3317728638648987 2.577460289001465 0.8195553421974182 
1.8681721687316895 2.917149066925049 0.31609827280044556 2.601050853729248 0.7758739590644836 
2.2495319843292236 2.932851791381836 0.31729480624198914 2.6155569553375244 0.7778195142745972 
2.0276761054992676 2.8670270442962646 0.31340160965919495 2.5536255836486816 0.7712278366088867 
2.0092697143554688 2.860826015472412 0.31892478466033936 2.5419013500213623 0.7874733209609985 
1.8602383136749268 2.815981388092041 0.31075096130371094 2.50523042678833 0.7678468823432922 
2.301565170288086 2.8876867294311523 0.32802653312683105 2.5596601963043213 0.8129262924194336 
2.057673215866089 2.8549318313598633 0.3199634253978729 2.534968376159668 0.7913143634796143 
2.1707839965820312 2.8918774127960205 0.32450157403945923 2.567376136779785 0.8013035655021667 
2.132467031478882 2.8898348808288574 0.3322863280773163 2.5575485229492188 0.8239704966545105 
2.057891845703125 2.863701581954956 0.32363784313201904 2.5400638580322266 0.8023736476898193 
2.2632298469543457 2.935635566711426 0.33112186193466187 2.604513645172119 0.8168578147888184 
2.2292802333831787 2.9521586894989014 0.3495241403579712 2.6026344299316406 0.8689256906509399 
2.21229887008667 2.8506548404693604 0.32955992221832275 2.521094799041748 0.8189000487327576 
2.4367897510528564 2.9409661293029785 0.34534910321235657 2.5956170558929443 0.8575004935264587 
2.304168939590454 2.843564748764038 0.31956228613853455 2.5240025520324707 0.7911159992218018 
1.8032649755477905 2.826427459716797 0.3176124095916748 2.508814811706543 0.7871711850166321 
1.9904353618621826 2.8741464614868164 0.3176940083503723 2.5564522743225098 0.7828404903411865 
2.077312707901001 2.891319513320923 0.3217051327228546 2.5696144104003906 0.7933228015899658 
2.242300510406494 2.9310264587402344 0.33121734857559204 2.599809408187866 0.8179117441177368 
1.65128493309021 2.8589839935302734 0.3054921627044678 2.5534918308258057 0.7517400979995728 
2.2045652866363525 2.8836498260498047 0.3171970248222351 2.566452980041504 0.7812840938568115 
2.116380453109741 2.909343719482422 0.32864850759506226 2.580695152282715 0.8121559619903564 
2.2706665992736816 2.8937718868255615 0.32644355297088623 2.5673282146453857 0.8080915212631226 
1.801487922668457 2.804749011993408 0.3022213578224182 2.5025277137756348 0.7450941205024719 
2.7002596855163574 2.9853241443634033 0.340293288230896 2.645030975341797 0.8401443958282471 
2.1745197772979736 2.8419508934020996 0.3185473382472992 2.5234034061431885 0.7883886098861694 
1.72604501247406 2.856930732727051 0.3182392120361328 2.538691520690918 0.7875375747680664 
2.3608005046844482 2.917121410369873 0.3366146683692932 2.5805068016052246 0.8347259163856506 
2.3861911296844482 2.959582805633545 0.3378693461418152 2.621713399887085 0.8347525596618652 
2.4051756858825684 2.901073932647705 0.3419354557991028 2.559138774871826 0.8507184982299805 
2.429675817489624 2.9319372177124023 0.3425034284591675 2.5894336700439453 0.8520575761795044 
2.3368446826934814 2.940812349319458 0.33644700050354004 2.604365348815918 0.8313710689544678 
1.972748041152954 2.8904314041137695 0.31199324131011963 2.5784382820129395 0.7662343978881836 
2.579664707183838 2.955305814743042 0.35830509662628174 2.5970005989074707 0.8938837647438049 
2.5656161308288574 2.944582462310791 0.3507181406021118 2.5938644409179688 0.8721651434898376 
2.3299484252929688 2.9686574935913086 0.35137414932250977 2.617283344268799 0.8730780482292175 
2.4304239749908447 2.9360079765319824 0.3406185507774353 2.5953896045684814 0.8446224927902222 
2.2876553535461426 2.947739839553833 0.34538042545318604 2.6023592948913574 0.8563259840011597 
2.157933235168457 2.9197616577148438 0.3284285068511963 2.5913329124450684 0.8103901147842407 
2.399629831314087 2.9428086280822754 0.34506553411483765 2.597743034362793 0.8566792607307434 
2.162128448486328 2.89790940284729 0.33153873682022095 2.5663704872131348 0.8214473724365234 
2.1857540607452393 2.9142351150512695 0.335862934589386 2.578372001647949 0.8322487473487854 
2.0283122062683105 2.880349636077881 0.3210487365722656 2.5593008995056152 0.7928546667098999 
2.2199771404266357 2.9229912757873535 0.32795268297195435 2.595038414001465 0.8090266585350037 
1.8103960752487183 2.8973166942596436 0.30781081318855286 2.589505672454834 0.754299521446228 
2.009246587753296 2.917485237121582 0.3028687536716461 2.6146163940429688 0.7390052676200867 
2.1050198078155518 2.8786110877990723 0.3227829933166504 2.555828094482422 0.7978626489639282 
1.892368197441101 2.8976941108703613 0.31879204511642456 2.578902006149292 0.7856904864311218 
2.213552236557007 2.9103317260742188 0.3274848759174347 2.5828471183776855 0.8087707161903381 
1.9837636947631836 2.8299026489257812 0.31193116307258606 2.5179717540740967 0.7693144083023071 
2.363039016723633 2.915477752685547 0.34228968620300293 2.573188304901123 0.8506600260734558 
2.0871188640594482 2.8312439918518066 0.328393816947937 2.50285005569458 0.8177187442779541 
2.255321741104126 2.858292579650879 0.33036789298057556 2.5279250144958496 0.8223073482513428 
2.009066104888916 2.844888687133789 0.3288099765777588 2.5160787105560303 0.8185794949531555 
1.8590012788772583 2.857858896255493 0.3165736198425293 2.5412850379943848 0.7837280035018921 
2.023301601409912 2.818748950958252 0.30597615242004395 2.512773036956787 0.7532641291618347 
2.497077465057373 2.907362699508667 0.33035847544670105 2.5770044326782227 0.8179652690887451 
2.3234596252441406 2.911381483078003 0.33229947090148926 2.5790820121765137 0.8232240676879883 
1.8681367635726929 2.8599259853363037 0.30403441190719604 2.555891513824463 0.7457926273345947 
2.192714214324951 2.9328060150146484 0.3331950306892395 2.5996108055114746 0.8235043287277222 
1.9378607273101807 2.897552490234375 0.31767117977142334 2.579881191253662 0.7820459604263306 
2.2602627277374268 2.8958547115325928 0.3332720696926117 2.562582492828369 0.8263264894485474 
1.8231801986694336 2.86720609664917 0.3207404613494873 2.5464656352996826 0.7933697700500488 
2.3860158920288086 2.926021099090576 0.3476298153400421 2.5783913135528564 0.8661099672317505 
1.9014227390289307 2.8562088012695312 0.319375216960907 2.5368337631225586 0.791343629360199 
1.7940220832824707 2.8356337547302246 0.31201088428497314 2.523622512817383 0.7707799673080444 
2.4212989807128906 2.926241874694824 0.34190893173217773 2.5843329429626465 0.8495096564292908 
2.0787882804870605 2.8488121032714844 0.32627302408218384 2.5225391387939453 0.8104599714279175 
2.11740779876709 2.851848602294922 0.31986477971076965 2.5319838523864746 0.7920176982879639 
2.022068500518799 2.8476767539978027 0.31292957067489624 2.5347471237182617 0.7720804214477539 
2.01780366897583 2.8532607555389404 0.32064205408096313 2.532618761062622 0.792523205280304 
1.8129124641418457 2.852092742919922 0.3095123767852783 2.5425806045532227 0.7621500492095947 
1.8492555618286133 2.8342370986938477 0.31716394424438477 2.517073154449463 0.7845081090927124 
1.8176921606063843 2.8141565322875977 0.31810957193374634 2.496046781539917 0.788975715637207 
1.9385490417480469 2.848020076751709 0.31778785586357117 2.5302324295043945 0.7858169078826904 
1.809305191040039 2.7767302989959717 0.30918943881988525 2.467540979385376 0.7666580677032471 
2.2877089977264404 2.9100868701934814 0.32825180888175964 2.5818350315093994 0.8122200965881348 
1.8256473541259766 2.8161048889160156 0.3055734634399414 2.510531187057495 0.7533354759216309 
2.2046055793762207 2.8983333110809326 0.3284611403942108 2.5698719024658203 0.8138144016265869 
2.0227458477020264 2.8102900981903076 0.32421955466270447 2.4860706329345703 0.8065280914306641 
2.29463529586792 2.907989025115967 0.33692291378974915 2.57106614112854 0.8359392881393433 
1.6558077335357666 2.789395332336426 0.2984556555747986 2.4909396171569824 0.7350656390190125 
2.1670379638671875 2.871882200241089 0.3323747217655182 2.5395076274871826 0.8255702257156372 
1.9649454355239868 2.838315486907959 0.3190463185310364 2.5192692279815674 0.7890958786010742 
1.635903000831604 2.775681972503662 0.30155372619628906 2.474127769470215 0.7440400123596191 
1.8276021480560303 2.8246536254882812 0.3117296099662781 2.5129239559173584 0.7698867917060852 
1.7191860675811768 2.791424036026001 0.3115200698375702 2.4799039363861084 0.7718362808227539 
2.0663819313049316 2.882012367248535 0.3055572509765625 2.5764553546905518 0.747281014919281 
1.7694717645645142 2.780026912689209 0.3045502305030823 2.4754767417907715 0.7518338561058044 
2.1268601417541504 2.8661389350891113 0.3294703960418701 2.5366687774658203 0.8173989057540894 
1.9618477821350098 2.8124256134033203 0.31940072774887085 2.4930248260498047 0.7926222681999207 
1.8843657970428467 2.785219430923462 0.3121473789215088 2.473072052001953 0.7741550803184509 
2.094578981399536 2.8284049034118652 0.32399898767471313 2.504406213760376 0.8048920631408691 
2.154526710510254 2.841248035430908 0.3307565152645111 2.510491371154785 0.8230171203613281 
1.7275002002716064 2.825406074523926 0.30954453349113464 2.5158615112304688 0.7641141414642334 
1.5762377977371216 2.751140832901001 0.3043724000453949 2.4467685222625732 0.754547119140625 
2.089874029159546 2.828407049179077 0.3203366994857788 2.508070468902588 0.7951005697250366 
1.6849502325057983 2.7605605125427246 0.3051879405975342 2.4553725719451904 0.7562633752822876 
2.431229829788208 2.8194243907928467 0.3116249144077301 2.5077996253967285 0.7704038619995117 
1.6032050848007202 2.7616612911224365 0.30008015036582947 2.461581230163574 0.7413550615310669 
1.851607322692871 2.8044018745422363 0.3079618811607361 2.4964399337768555 0.759919285774231 
2.257911205291748 2.835019111633301 0.32280123233795166 2.5122179985046387 0.8008086681365967 
1.6645432710647583 2.791593551635742 0.2999011278152466 2.491692543029785 0.7381597757339478 
1.7831493616104126 2.7589197158813477 0.29699715971946716 2.4619226455688477 0.7332432270050049 
1.8684391975402832 2.7935190200805664 0.31122836470603943 2.482290744781494 0.7725623846054077 
2.286520004272461 2.849857807159424 0.3120059669017792 2.5378518104553223 0.7702912092208862 
2.178595542907715 2.8880677223205566 0.3136654794216156 2.574402332305908 0.771661639213562 
1.7827671766281128 2.835480213165283 0.31416773796081543 2.5213124752044678 0.776706337928772 
2.259922981262207 2.926692485809326 0.33001458644866943 2.596677780151367 0.8160675764083862 
1.859944224357605 2.883730888366699 0.31780654191970825 2.5659241676330566 0.7849482297897339 
1.888983964920044 2.8837385177612305 0.32240158319473267 2.5613369941711426 0.7979480028152466 
1.971476674079895 2.8388919830322266 0.3221008777618408 2.516791343688965 0.798902153968811 
2.137874126434326 2.8989081382751465 0.3278551697731018 2.5710530281066895 0.8122173547744751 
2.073164224624634 2.8820016384124756 0.3248266875743866 2.5571751594543457 0.8044149875640869 
2.171719551086426 2.8921852111816406 0.32478970289230347 2.5673954486846924 0.8023494482040405 
2.066519260406494 2.864135265350342 0.3216404318809509 2.542494773864746 0.795936107635498 
1.7452492713928223 2.8072242736816406 0.3207252621650696 2.486499071121216 0.7980096340179443 
1.8615539073944092 2.848374366760254 0.3214555084705353 2.526918888092041 0.7980368137359619 
2.1447887420654297 2.887241840362549 0.33352378010749817 2.553718090057373 0.8282006978988647 
1.9701013565063477 2.8177390098571777 0.3184673488140106 2.4992713928222656 0.7903421521186829 
2.2979929447174072 2.9296457767486572 0.34136003255844116 2.5882856845855713 0.8479194045066833 
2.015057325363159 2.824270248413086 0.3063226044178009 2.5179476737976074 0.7537672519683838 
2.0527260303497314 2.8357348442077637 0.32125747203826904 2.514477252960205 0.7977584600448608 
2.004526138305664 2.893967866897583 0.3312365412712097 2.5627310276031494 0.8209196925163269 
2.0910160541534424 2.8225677013397217 0.31356561183929443 2.509002208709717 0.7759279012680054 
1.8767848014831543 2.7964515686035156 0.3106827139854431 2.4857687950134277 0.7686810493469238 
2.0045344829559326 2.855165958404541 0.31855031847953796 2.5366158485412598 0.7866268157958984 
2.140883445739746 2.857917308807373 0.32865995168685913 2.529257297515869 0.8158038258552551 
2.1533071994781494 2.887049674987793 0.3227607011795044 2.564289093017578 0.7972259521484375 
2.4778952598571777 2.9047131538391113 0.3357809782028198 2.568932056427002 0.8317157626152039 
2.510296583175659 2.865622043609619 0.31916898488998413 2.5464529991149902 0.7879862189292908 
2.390690326690674 2.9128780364990234 0.331095427274704 2.581782817840576 0.8175007104873657 
2.0662038326263428 2.899257183074951 0.3278747498989105 2.571382522583008 0.8097915649414062 
1.9339872598648071 2.837806224822998 0.3120468854904175 2.52575945854187 0.7690852880477905 
2.5205838680267334 2.9117445945739746 0.33459070324897766 2.5771539211273193 0.8294824361801147 
2.3600354194641113 2.9173483848571777 0.33409905433654785 2.58324933052063 0.8271993398666382 
2.0350916385650635 2.8870134353637695 0.3269261121749878 2.5600874423980713 0.8084503412246704 
2.010863780975342 2.8520820140838623 0.3201279044151306 2.531954288482666 0.7913203239440918 
1.9580262899398804 2.845397710800171 0.32309669256210327 2.5223007202148438 0.8001779317855835 
1.8809459209442139 2.8660011291503906 0.3171057105064392 2.5488953590393066 0.7819627523422241 
2.3217601776123047 2.9598217010498047 0.34238141775131226 2.6174402236938477 0.8478673696517944 
2.199115514755249 2.933588981628418 0.3226003348827362 2.6109886169433594 0.7926928997039795 
2.2666492462158203 2.917680025100708 0.32986897230148315 2.58781099319458 0.8142797946929932 
2.0014474391937256 2.84505295753479 0.3217349052429199 2.52331805229187 0.7973893284797668 
2.234375 2.9385180473327637 0.3389643728733063 2.5995540618896484 0.83975750207901 
2.189222812652588 2.892502546310425 0.32382655143737793 2.568675994873047 0.7995275259017944 
1.9717403650283813 2.9211742877960205 0.33238455653190613 2.588789701461792 0.822763204574585 
2.152505397796631 2.89247727394104 0.32105007767677307 2.571427345275879 0.7917702198028564 
2.132915496826172 2.8998210430145264 0.33055415749549866 2.5692667961120605 0.8189231157302856 
2.187546491622925 2.891141891479492 0.3286306858062744 2.5625112056732178 0.812719464302063 
1.9023751020431519 2.84639310836792 0.31930673122406006 2.5270862579345703 0.7915420532226562 
1.7038582563400269 2.8196096420288086 0.31299543380737305 2.5066142082214355 0.7747610807418823 
2.2717032432556152 2.893665075302124 0.32462891936302185 2.5690362453460693 0.8019417524337769 
1.8387318849563599 2.8136022090911865 0.3098210096359253 2.503781318664551 0.7647077441215515 
2.0148675441741943 2.836188793182373 0.3184337317943573 2.5177550315856934 0.7879970073699951 
1.8472908735275269 2.799088954925537 0.3157649040222168 2.4833240509033203 0.7825688123703003 
1.864128589630127 2.8481483459472656 0.3204990029335022 2.527649402618408 0.7948490381240845 
1.561403512954712 2.7684478759765625 0.3041447401046753 2.464303493499756 0.752865195274353 
1.788029670715332 2.790930986404419 0.3064926862716675 2.484438419342041 0.7576858997344971 
2.2486953735351562 2.8611819744110107 0.32327890396118164 2.537903070449829 0.8003773093223572 
2.1281769275665283 2.852630615234375 0.3215938210487366 2.531036853790283 0.7963537573814392 
2.148047685623169 2.8591136932373047 0.3219604790210724 2.5371532440185547 0.7974827885627747 
1.7817457914352417 2.7945475578308105 0.31692567467689514 2.4776220321655273 0.7870519161224365 
1.8393797874450684 2.798443555831909 0.31056591868400574 2.487877607345581 0.7685074806213379 
1.994297742843628 2.80810546875 0.318190336227417 2.489915132522583 0.7904477715492249 
1.972565770149231 2.7925360202789307 0.3166888952255249 2.4758472442626953 0.7865410447120667 
2.2953128814697266 2.8854873180389404 0.3247169554233551 2.560770273208618 0.8036915063858032 
1.7341407537460327 2.7970259189605713 0.3016204237937927 2.495405435562134 0.7429128885269165 
1.900708794593811 2.7972042560577393 0.3050912022590637 2.4921131134033203 0.7527733445167542 
1.6570491790771484 2.7704250812530518 0.2941177487373352 2.4763073921203613 0.7234753966331482 
1.6058534383773804 2.728287696838379 0.29638251662254333 2.4319050312042236 0.7335402965545654 
1.8779124021530151 2.783458709716797 0.30105680227279663 2.4824018478393555 0.743373453617096 
2.1614670753479004 2.831684112548828 0.30908846855163574 2.5225956439971924 0.7620922327041626 
1.9618175029754639 2.855964422225952 0.321912556886673 2.5340518951416016 0.7974549531936646 
1.9778947830200195 2.8209352493286133 0.3158354163169861 2.5050997734069824 0.7829856276512146 
2.127657175064087 2.862697124481201 0.3249613344669342 2.537735939025879 0.8051376342773438 
2.077425241470337 2.8930647373199463 0.3270708918571472 2.5659937858581543 0.8097293376922607 
2.195617437362671 2.832603931427002 0.31981438398361206 2.512789487838745 0.7918447256088257 
2.3941750526428223 2.8831207752227783 0.33520662784576416 2.5479140281677246 0.8326153755187988 
2.3589282035827637 2.8644776344299316 0.32715386152267456 2.5373239517211914 0.81111741065979 
2.311424970626831 2.896036148071289 0.3376957178115845 2.558340549468994 0.8386430144309998 
1.7933902740478516 2.852489471435547 0.32156825065612793 2.53092098236084 0.7964157462120056 
2.2742834091186523 2.940016031265259 0.33649611473083496 2.6035196781158447 0.8324442505836487 
1.9618984460830688 2.8882524967193604 0.3138677477836609 2.574384927749634 0.7718263864517212 
1.9884247779846191 2.890073299407959 0.31771957874298096 2.5723538398742676 0.781909167766571 
2.121718645095825 2.9155473709106445 0.3334089517593384 2.5821382999420166 0.8249096870422363 
2.0168919563293457 2.8621878623962402 0.3288480043411255 2.5333399772644043 0.8160425424575806 
1.9731603860855103 2.8646433353424072 0.31964388489723206 2.544999361038208 0.7901110649108887 
2.117058038711548 2.8334457874298096 0.3194841742515564 2.5139615535736084 0.7912057638168335 
2.2054362297058105 2.861119508743286 0.3262122869491577 2.534907341003418 0.8079711198806763 
2.2756621837615967 2.8676633834838867 0.32038038969039917 2.5472829341888428 0.7916432619094849 
2.123667001724243 2.8695547580718994 0.3244914412498474 2.5450634956359863 0.8032366037368774 
1.9737523794174194 2.858792304992676 0.3214493989944458 2.5373430252075195 0.7955952882766724 
2.3139688968658447 2.873591423034668 0.31949007511138916 2.5541012287139893 0.7881127595901489 
1.8259786367416382 2.8614673614501953 0.31046921014785767 2.5509982109069824 0.7644442319869995 
2.110673427581787 2.835702419281006 0.3253514766693115 2.5103507041931152 0.8072643876075745 
2.0198187828063965 2.8546156883239746 0.32717710733413696 2.5274386405944824 0.8110742568969727 
1.9549517631530762 2.896620273590088 0.3309468626976013 2.565673351287842 0.8206117153167725 
2.042004108428955 2.8696086406707764 0.3286173939704895 2.5409910678863525 0.8148198127746582 
1.8422720432281494 2.846001386642456 0.3146766424179077 2.531324625015259 0.7763426303863525 
2.1955950260162354 2.8601484298706055 0.3248717188835144 2.5352766513824463 0.8035378456115723 
1.68446946144104 2.81788969039917 0.30769771337509155 2.5101919174194336 0.7582706809043884 
1.9301183223724365 2.8276901245117188 0.3168479800224304 2.5108423233032227 0.7835812568664551 
2.3178353309631348 2.8737127780914307 0.3178313970565796 2.5558812618255615 0.7843444347381592 
2.0829150676727295 2.8098912239074707 0.315609872341156 2.49428129196167 0.7817693948745728 
1.8995853662490845 2.817509174346924 0.31536662578582764 2.5021424293518066 0.7820677757263184 
1.8175830841064453 2.8076601028442383 0.31041616201400757 2.497243881225586 0.7684750556945801 
2.052358627319336 2.8403000831604004 0.3188398480415344 2.52146053314209 0.789557933807373 
2.234034776687622 2.8911349773406982 0.32929837703704834 2.5618367195129395 0.8162045478820801 
2.523766040802002 2.8947525024414062 0.30332067608833313 2.5914320945739746 0.7410969734191895 
1.9682743549346924 2.8560214042663574 0.3224566578865051 2.533564805984497 0.7980102896690369 
1.829980731010437 2.852970600128174 0.3120475709438324 2.5409231185913086 0.770485520362854 
2.078373432159424 2.8732502460479736 0.32381483912467957 2.5494353771209717 0.8015367984771729 
2.0790276527404785 2.8841588497161865 0.3125864267349243 2.5715725421905518 0.767944872379303 
1.7966371774673462 2.844334125518799 0.32502737641334534 2.5193068981170654 0.8074289560317993 
1.8769588470458984 2.8465123176574707 0.31606853008270264 2.5304436683654785 0.7810431718826294 
2.293062210083008 2.9238462448120117 0.338215708732605 2.5856306552886963 0.8393032550811768 
2.074359893798828 2.9018678665161133 0.3318130075931549 2.570054769515991 0.8231877088546753 
2.208307981491089 2.9113664627075195 0.3306986093521118 2.5806679725646973 0.8191155195236206 
1.998426079750061 2.8537826538085938 0.318757027387619 2.5350255966186523 0.7886804938316345 
2.171067237854004 2.9034247398376465 0.32999560236930847 2.5734291076660156 0.8174030780792236 
2.216282367706299 2.884673595428467 0.3382837176322937 2.5463898181915283 0.8416388034820557 
2.006443738937378 2.8578977584838867 0.3195503056049347 2.5383474826812744 0.7895625233650208 
2.098128318786621 2.8937289714813232 0.33407536149024963 2.5596537590026855 0.829475998878479 
1.7394453287124634 2.8324577808380127 0.32217317819595337 2.510284900665283 0.8001983165740967 
2.042429208755493 2.8353214263916016 0.3126884996891022 2.522632598876953 0.7723895311355591 
1.9733762741088867 2.815697193145752 0.30470412969589233 2.510993242263794 0.7497504949569702 
1.8091843128204346 2.800987720489502 0.2972961366176605 2.5036914348602295 0.7314422130584717 
1.7731833457946777 2.825510025024414 0.31289464235305786 2.512615203857422 0.7728360891342163 
1.9899592399597168 2.836387872695923 0.30515289306640625 2.5312352180480957 0.7505578398704529 
2.123613119125366 2.894876718521118 0.3270946145057678 2.567781925201416 0.8086055517196655 
1.8588452339172363 2.8063831329345703 0.30507296323776245 2.501310348510742 0.7528111338615417 
2.4205260276794434 2.8349101543426514 0.32005539536476135 2.514854907989502 0.7940557599067688 
1.8577854633331299 2.7975802421569824 0.3121514916419983 2.485428810119629 0.7721275091171265 
1.6130683422088623 2.769653081893921 0.30558428168296814 2.46406888961792 0.7566616535186768 
1.564724326133728 2.7471652030944824 0.29465043544769287 2.4525146484375 0.7265724539756775 
1.8188846111297607 2.83726167678833 0.31397923827171326 2.523282527923584 0.7752333283424377 
1.9283645153045654 2.77164363861084 0.3097418248653412 2.4619016647338867 0.767974317073822 
1.9730877876281738 2.7985739707946777 0.31011801958084106 2.4884557723999023 0.7672990560531616 
2.3283066749572754 2.8665366172790527 0.3327919542789459 2.5337448120117188 0.8275330662727356 
2.1808314323425293 2.8541460037231445 0.32507771253585815 2.5290684700012207 0.8051258325576782 
2.223716974258423 2.907620906829834 0.3379543423652649 2.5696663856506348 0.8391765356063843 
2.0493462085723877 2.897897243499756 0.3274063467979431 2.570490837097168 0.809698224067688 
1.70473051071167 2.769066572189331 0.3044850826263428 2.4645814895629883 0.7531216144561768 
1.8567310571670532 2.839200019836426 0.31770431995391846 2.5214955806732178 0.785995602607727 
1.987546443939209 2.864100694656372 0.3205462098121643 2.5435543060302734 0.7927242517471313 
2.2188684940338135 2.8949828147888184 0.33015868067741394 2.564824104309082 0.8172953128814697 
2.389116048812866 2.8850045204162598 0.3342971205711365 2.5507075786590576 0.8289387226104736 
2.214143753051758 2.854374885559082 0.3304246962070465 2.5239500999450684 0.8199727535247803 
2.4482386112213135 2.882969856262207 0.3219777047634125 2.5609922409057617 0.795100212097168 
2.0655951499938965 2.8658363819122314 0.3199135959148407 2.5459227561950684 0.791032612323761 
1.891677975654602 2.8128538131713867 0.30360540747642517 2.509248733520508 0.747990071773529 
2.0266518592834473 2.8682756423950195 0.30883246660232544 2.5594429969787598 0.7588234543800354 
2.322280168533325 2.872565746307373 0.32317203283309937 2.549393653869629 0.7986755967140198 
2.3799617290496826 2.883904218673706 0.33171600103378296 2.552187919616699 0.8223613500595093 
1.829020380973816 2.8067069053649902 0.3156232237815857 2.4910836219787598 0.7822327017784119 
2.0564746856689453 2.857659339904785 0.32729074358940125 2.5303688049316406 0.8115826845169067 
2.0054850578308105 2.8971712589263916 0.3342819809913635 2.5628890991210938 0.8293291330337524 
2.2215347290039062 2.915287494659424 0.3390480875968933 2.5762393474578857 0.8431647419929504 
1.529097318649292 2.7970895767211914 0.30531489849090576 2.491774559020996 0.7553010582923889 
2.026613712310791 2.86293888092041 0.3322606682777405 2.5306782722473145 0.8263261318206787 
1.8466548919677734 2.786968469619751 0.31376805901527405 2.473200559616089 0.7784996032714844 
2.0419931411743164 2.8661293983459473 0.32228994369506836 2.543839454650879 0.7975574731826782 
2.2178308963775635 2.9226460456848145 0.3384721279144287 2.5841736793518066 0.8404077291488647 
2.4510245323181152 2.9436845779418945 0.33425092697143555 2.609433650970459 0.8260064721107483 
1.680731177330017 2.7903242111206055 0.30915766954421997 2.481166362762451 0.7652037739753723 
2.305476665496826 2.9267051219940186 0.3349696397781372 2.591735363006592 0.8289901614189148 
2.443274736404419 2.9136199951171875 0.3282257616519928 2.5853943824768066 0.8090535402297974 
2.3033957481384277 2.891925811767578 0.3201357126235962 2.5717902183532715 0.7889177799224854 
1.8582032918930054 2.8434805870056152 0.31703877449035645 2.5264415740966797 0.7829042673110962 
1.8242990970611572 2.869021415710449 0.31617623567581177 2.552845001220703 0.7801086902618408 
1.9718817472457886 2.8715200424194336 0.3164263367652893 2.555093765258789 0.7795077562332153 
1.8593287467956543 2.8378987312316895 0.3140299916267395 2.5238685607910156 0.7752399444580078 
1.6776880025863647 2.8328356742858887 0.30448850989341736 2.5283470153808594 0.7483152151107788 
1.6362920999526978 2.768009901046753 0.2994020879268646 2.4686076641082764 0.7380211353302002 
1.8043925762176514 2.8156909942626953 0.3110312819480896 2.50465989112854 0.7692031860351562 
2.088658332824707 2.8065950870513916 0.3180076479911804 2.4885873794555664 0.789482057094574 
1.7724418640136719 2.842886447906494 0.30030566453933716 2.5425806045532227 0.7368699312210083 
2.1761956214904785 2.8550679683685303 0.3263081908226013 2.5287599563598633 0.8095518350601196 
2.1025288105010986 2.8341574668884277 0.3171507716178894 2.5170066356658936 0.7862503528594971 
2.0619592666625977 2.818990707397461 0.31235000491142273 2.5066404342651367 0.7727556228637695 
1.837540626525879 2.815904140472412 0.3076068162918091 2.5082974433898926 0.7590678930282593 
1.9720914363861084 2.8381218910217285 0.3247521221637726 2.5133697986602783 0.8069255352020264 
2.1672585010528564 2.8590898513793945 0.32786890864372253 2.5312209129333496 0.8141945004463196 
2.5625901222229004 2.9196815490722656 0.33854272961616516 2.5811386108398438 0.8398047089576721 
2.290931224822998 2.874344825744629 0.3246545195579529 2.5496902465820312 0.8038374781608582 
2.0671465396881104 2.800288200378418 0.3185902535915375 2.4816980361938477 0.7900866866111755 
2.365985631942749 2.8680076599121094 0.32555311918258667 2.542454719543457 0.8051949143409729 
2.1138904094696045 2.8585996627807617 0.3216056227684021 2.536993980407715 0.7944543361663818 
2.1265406608581543 2.840127468109131 0.3115863502025604 2.528541088104248 0.7669973373413086 
2.0861854553222656 2.8508706092834473 0.31682807207107544 2.5340425968170166 0.7828328013420105 
1.7600975036621094 2.8039984703063965 0.3127327561378479 2.4912657737731934 0.7732811570167542 
1.937667965888977 2.8032634258270264 0.3153367042541504 2.487926721572876 0.7797205448150635 
1.6981918811798096 2.7902708053588867 0.31809109449386597 2.472179651260376 0.7904186844825745 
2.278756618499756 2.8884966373443604 0.3331931531429291 2.5553035736083984 0.8271220922470093 
2.1837844848632812 2.8943428993225098 0.3276684284210205 2.56667423248291 0.8114625215530396 
2.097430944442749 2.9081826210021973 0.32812321186065674 2.58005952835083 0.810374915599823 
1.986144781112671 2.7918758392333984 0.3036338686943054 2.4882421493530273 0.747441291809082 
2.0300917625427246 2.842824935913086 0.3189759850502014 2.5238490104675293 0.7879302501678467 
2.0690829753875732 2.8981993198394775 0.32027673721313477 2.5779225826263428 0.7897140383720398 
1.7434675693511963 2.7600364685058594 0.3096405267715454 2.4503958225250244 0.7680153846740723 
1.685150146484375 2.8240787982940674 0.3166901469230652 2.5073885917663574 0.785210371017456 
2.1734256744384766 2.9284720420837402 0.327526330947876 2.600945472717285 0.8084852695465088 
1.6075679063796997 2.7684309482574463 0.29498350620269775 2.473447322845459 0.725789487361908 
1.9493812322616577 2.789241313934326 0.3156837224960327 2.473557710647583 0.783771276473999 
2.0294041633605957 2.858187198638916 0.32235223054885864 2.535834789276123 0.7984122037887573 
1.7902684211730957 2.7780849933624268 0.31208479404449463 2.4660003185272217 0.7741355299949646 
2.1971607208251953 2.872199535369873 0.3242999017238617 2.5478997230529785 0.8037422895431519 
2.3098597526550293 2.885674238204956 0.3281274437904358 2.557546615600586 0.8125723600387573 
2.1783947944641113 2.8407599925994873 0.3172074854373932 2.523552894592285 0.7854350209236145 
1.8534419536590576 2.8358304500579834 0.32003647089004517 2.515794277191162 0.7939208745956421 
1.9112937450408936 2.833923578262329 0.322504460811615 2.5114190578460693 0.8016852736473083 
1.6194796562194824 2.7480950355529785 0.30175328254699707 2.4463419914245605 0.747617244720459 
2.081399440765381 2.8693137168884277 0.326444149017334 2.5428695678710938 0.8089744448661804 
1.816258192062378 2.813546657562256 0.3141370713710785 2.4994094371795654 0.7782747745513916 
2.1819727420806885 2.8698034286499023 0.3313197195529938 2.5384838581085205 0.8232408165931702 
1.9753285646438599 2.844787359237671 0.3110949397087097 2.5336923599243164 0.7664980888366699 
2.3738417625427246 2.922276735305786 0.33172380924224854 2.590553045272827 0.8217458128929138 
1.897518515586853 2.85132098197937 0.31693363189697266 2.5343873500823975 0.7845668792724609 
1.9701217412948608 2.855807065963745 0.32125720381736755 2.5345499515533447 0.795322060585022 
1.9887055158615112 2.8197782039642334 0.30919215083122253 2.5105862617492676 0.7631150484085083 
1.8853180408477783 2.8508384227752686 0.3118651509284973 2.538973331451416 0.76872318983078 
1.7053186893463135 2.7961905002593994 0.30801576375961304 2.4881749153137207 0.7616062164306641 
2.1071059703826904 2.852099895477295 0.3173179626464844 2.5347819328308105 0.7825813293457031 
1.8459279537200928 2.8288795948028564 0.31569382548332214 2.513185977935791 0.7811723947525024 
2.6123104095458984 2.928581714630127 0.3380047082901001 2.5905771255493164 0.8383938074111938 
1.8070950508117676 2.84238338470459 0.3226582705974579 2.5197250843048096 0.8012078404426575 
1.5483973026275635 2.7689294815063477 0.2916443347930908 2.477285146713257 0.7161514759063721 
1.8812103271484375 2.802267551422119 0.3094765245914459 2.492791175842285 0.764792799949646 
1.7974474430084229 2.780510663986206 0.3175407648086548 2.4629697799682617 0.7898849844932556 
2.039184093475342 2.842634916305542 0.3235207200050354 2.5191140174865723 0.8026102781295776 
2.0087757110595703 2.830549716949463 0.32330960035324097 2.5072402954101562 0.8019866943359375 
2.286170482635498 2.851454496383667 0.3308631181716919 2.5205912590026855 0.8222482800483704 
1.703093409538269 2.784377098083496 0.3048391044139862 2.4795382022857666 0.7535039186477661 
1.8511579036712646 2.8021955490112305 0.307492196559906 2.4947032928466797 0.7593488097190857 
1.9374768733978271 2.810007095336914 0.3117523193359375 2.4982547760009766 0.7727976441383362 
2.0685324668884277 2.8314566612243652 0.3141632378101349 2.5172932147979736 0.776471734046936 
2.2248544692993164 2.8470406532287598 0.31204262375831604 2.5349981784820557 0.7687312960624695 
1.9133449792861938 2.8143057823181152 0.3148571848869324 2.499448776245117 0.7797809839248657 
2.075019359588623 2.8229196071624756 0.3152584433555603 2.5076611042022705 0.7795602679252625 
1.8811829090118408 2.7948315143585205 0.31108278036117554 2.4837486743927 0.7705761194229126 
1.9560983180999756 2.812098979949951 0.3061094880104065 2.5059895515441895 0.7546126842498779 
1.935044288635254 2.7943062782287598 0.3072023391723633 2.4871039390563965 0.7592788338661194 
1.9747252464294434 2.8577628135681152 0.31937503814697266 2.5383877754211426 0.7900083661079407 
1.8263154029846191 2.8659486770629883 0.3072742819786072 2.5586743354797363 0.7547231316566467 
2.008683919906616 2.849686861038208 0.3156115710735321 2.5340752601623535 0.7782230377197266 
2.2546210289001465 2.878082275390625 0.323615700006485 2.554466724395752 0.7995394468307495 
2.089078664779663 2.8771514892578125 0.3221375346183777 2.555014133453369 0.7955761551856995 
2.041306972503662 2.891106367111206 0.33366355299949646 2.5574426651000977 0.8276807069778442 
1.881859302520752 2.8654122352600098 0.3241652846336365 2.5412471294403076 0.8035813570022583 
1.8052059412002563 2.8231022357940674 0.31717216968536377 2.505929946899414 0.7861436605453491 
2.414289951324463 2.8960776329040527 0.32388925552368164 2.572188377380371 0.7996363639831543 
2.05085825920105 2.849747657775879 0.31789740920066833 2.5318503379821777 0.784625232219696 
2.1529223918914795 2.8325841426849365 0.32044127583503723 2.5121426582336426 0.7947152853012085 
2.014418601989746 2.8510820865631104 0.31641462445259094 2.534667491912842 0.7808482050895691 
1.525336503982544 2.7997286319732666 0.3049726188182831 2.494755983352661 0.752984881401062 
1.9153766632080078 2.835252523422241 0.31782522797584534 2.517427444458008 0.7875479459762573 
2.3458330631256104 2.9006001949310303 0.33970218896865845 2.5608978271484375 0.8446847200393677 
1.9909155368804932 2.7880125045776367 0.3213880956172943 2.4666242599487305 0.8004163503646851 
2.123277425765991 2.8227949142456055 0.32218146324157715 2.5006134510040283 0.8003221750259399 
1.945432186126709 2.8178634643554688 0.323682963848114 2.49418044090271 0.8050554990768433 
1.8427486419677734 2.7947816848754883 0.31164926290512085 2.4831323623657227 0.7714917659759521 
1.8639390468597412 2.771946907043457 0.3079860806465149 2.463960886001587 0.7628304958343506 
1.6580318212509155 2.728506088256836 0.3013492226600647 2.427156686782837 0.7467615008354187 
1.8164246082305908 2.7422940731048584 0.2902543842792511 2.4520397186279297 0.7134778499603271 
1.9195204973220825 2.784985065460205 0.30484461784362793 2.480140447616577 0.753266453742981 
2.404372453689575 2.8700952529907227 0.3325447142124176 2.537550449371338 0.8249590396881104 
1.9602186679840088 2.835167407989502 0.3139442205429077 2.521223306655884 0.7754045724868774 
1.9360036849975586 2.797295093536377 0.30989354848861694 2.4874014854431152 0.7667528390884399 
1.7027326822280884 2.803701400756836 0.30981016159057617 2.4938912391662598 0.7653210163116455 
1.7252388000488281 2.7986984252929688 0.30919384956359863 2.489504814147949 0.763959527015686 
2.294983386993408 2.8507184982299805 0.31985634565353394 2.5308618545532227 0.7914870977401733 
2.241122007369995 2.9420628547668457 0.337121844291687 2.604940891265869 0.8334360122680664 
2.014604330062866 2.9345273971557617 0.3196966052055359 2.614830732345581 0.7851940989494324 
1.9304828643798828 2.8419060707092285 0.32158347964286804 2.520322561264038 0.7967737913131714 
1.985490322113037 2.873241901397705 0.31572094559669495 2.557520866394043 0.7778466939926147 
1.913858413696289 2.8820438385009766 0.33014926314353943 2.551894426345825 0.8198298215866089 
1.7730356454849243 2.8340835571289062 0.302566796541214 2.5315165519714355 0.743299126625061 
1.997987985610962 2.843379259109497 0.3270612955093384 2.5163180828094482 0.8133779168128967 
1.8995569944381714 2.7844128608703613 0.3049771189689636 2.479435920715332 0.7548359632492065 
1.7590372562408447 2.8160853385925293 0.31816622614860535 2.4979190826416016 0.7891465425491333 
1.988720417022705 2.8450751304626465 0.3272569179534912 2.517817974090576 0.8141850233078003 
1.9336830377578735 2.8019652366638184 0.31164881587028503 2.49031662940979 0.7716099619865417 
2.164328098297119 2.8449370861053467 0.31919825077056885 2.5257387161254883 0.7906485795974731 
1.8317627906799316 2.806155204772949 0.3117443323135376 2.494410991668701 0.7723511457443237 
2.4123306274414062 2.8705174922943115 0.33312684297561646 2.53739070892334 0.8286599516868591 
2.0957400798797607 2.8306756019592285 0.32373493909835815 2.5069403648376465 0.8048603534698486 
1.8850589990615845 2.7738852500915527 0.31016623973846436 2.463718891143799 0.7695831060409546 
2.2631583213806152 2.870668649673462 0.32631951570510864 2.544349193572998 0.8085528016090393 
1.950655221939087 2.7975778579711914 0.3145673871040344 2.483010768890381 0.7808541059494019 
1.9225775003433228 2.840247631072998 0.3173944652080536 2.522853374481201 0.7846114039421082 
1.6525400876998901 2.710955858230591 0.2883875072002411 2.4225685596466064 0.7125109434127808 
2.1410117149353027 2.8451766967773438 0.3140321373939514 2.531144618988037 0.7748032212257385 
1.8864195346832275 2.8604159355163574 0.31753915548324585 2.542876720428467 0.7843934297561646 
1.8786975145339966 2.8943207263946533 0.31985920667648315 2.5744614601135254 0.7897112369537354 
1.7521628141403198 2.849174737930298 0.31070464849472046 2.5384702682495117 0.765360951423645 
1.9277255535125732 2.829892635345459 0.3110395073890686 2.518853187561035 0.7667893767356873 
1.9332776069641113 2.9042649269104004 0.33021169900894165 2.5740532875061035 0.8183740377426147 
1.7317898273468018 2.8404033184051514 0.3097957968711853 2.5306074619293213 0.7639642953872681 
2.042632818222046 2.8959059715270996 0.33388638496398926 2.5620198249816895 0.8288089632987976 
2.188840866088867 2.8745455741882324 0.32736772298812866 2.547177791595459 0.8103009462356567 
2.360445737838745 2.9153823852539062 0.33173635601997375 2.583645820617676 0.8213276863098145 
1.9640681743621826 2.846968412399292 0.3104288578033447 2.5365395545959473 0.7648360729217529 
1.9388747215270996 2.8063533306121826 0.3237605690956116 2.482592821121216 0.8064446449279785 
1.8710041046142578 2.8859615325927734 0.3299601078033447 2.5560014247894287 0.8191541433334351 
1.6967549324035645 2.765209197998047 0.29867157340049744 2.4665374755859375 0.7373390197753906 
1.87697434425354 2.7883334159851074 0.3160538077354431 2.4722795486450195 0.7853281497955322 
2.092184066772461 2.8069300651550293 0.3092682361602783 2.497661590576172 0.7633392810821533 
2.8189048767089844 2.8689208030700684 0.33065563440322876 2.5382652282714844 0.8211615085601807 
1.4396682977676392 2.7317137718200684 0.29165348410606384 2.4400603771209717 0.719326376914978 
2.2360620498657227 2.8073625564575195 0.3218991458415985 2.4854636192321777 0.7999889254570007 
1.8826467990875244 2.817310333251953 0.3184186816215515 2.498891830444336 0.7892735600471497 
1.7139314413070679 2.776642084121704 0.30368170142173767 2.4729602336883545 0.7501388788223267 
1.8223482370376587 2.8228721618652344 0.3079420328140259 2.514930009841919 0.7586495876312256 
2.0131278038024902 2.8274731636047363 0.3164826035499573 2.510990619659424 0.7831291556358337 
1.8495190143585205 2.8032262325286865 0.30388838052749634 2.499337911605835 0.7501260042190552 
1.8371222019195557 2.7862608432769775 0.2933490574359894 2.4929118156433105 0.7208664417266846 
1.9809601306915283 2.826965570449829 0.3176979124546051 2.509267807006836 0.786750316619873 
1.680746078491211 2.77875018119812 0.3053745925426483 2.4733755588531494 0.7550374269485474 
1.6968553066253662 2.703245162963867 0.29098883271217346 2.4122562408447266 0.7189122438430786 
2.404386043548584 2.8695576190948486 0.3202306628227234 2.5493268966674805 0.7913472652435303 
2.3958964347839355 2.9068384170532227 0.3306538462638855 2.5761842727661133 0.8172116279602051 
1.7906725406646729 2.7713074684143066 0.3114657402038574 2.4598419666290283 0.7726277112960815 
1.991370677947998 2.8391642570495605 0.3194032311439514 2.519761085510254 0.7904794812202454 
1.847327709197998 2.826137065887451 0.313371866941452 2.512765407562256 0.7742876410484314 
2.057650566101074 2.7801027297973633 0.3064649701118469 2.473637819290161 0.7581106424331665 
1.9164952039718628 2.8036773204803467 0.30277836322784424 2.500899076461792 0.7472820281982422 
1.968239188194275 2.831544876098633 0.31785848736763 2.513686180114746 0.7866607308387756 
2.1252036094665527 2.8708741664886475 0.3318573832511902 2.5390167236328125 0.8237321972846985 
1.9025930166244507 2.832681894302368 0.3232715427875519 2.5094103813171387 0.8019168972969055 
1.7529752254486084 2.802372455596924 0.3131544589996338 2.489218235015869 0.7752431631088257 
2.370487689971924 2.9217991828918457 0.3328244984149933 2.5889744758605957 0.8236828446388245 
2.0533905029296875 2.8544468879699707 0.3248481750488281 2.5295987129211426 0.8053364157676697 
2.0779294967651367 2.8506319522857666 0.3202340006828308 2.53039813041687 0.7929232120513916 
1.8063783645629883 2.807344436645508 0.30928835272789 2.498055934906006 0.7640368938446045 
1.7702207565307617 2.8015294075012207 0.30306559801101685 2.4984636306762695 0.7471954226493835 
1.9511744976043701 2.787531614303589 0.3106733560562134 2.476858139038086 0.7687512636184692 
1.9535163640975952 2.8193247318267822 0.3217071294784546 2.497617483139038 0.7979609966278076 
1.991065502166748 2.803403854370117 0.31856852769851685 2.484835147857666 0.7905356884002686 
1.9097998142242432 2.8247599601745605 0.3123043179512024 2.512455463409424 0.7710684537887573 
2.1618294715881348 2.8352394104003906 0.32378971576690674 2.5114498138427734 0.8029685020446777 
2.0654025077819824 2.825792074203491 0.3166268467903137 2.5091652870178223 0.7837694883346558 
2.2221903800964355 2.8756604194641113 0.32436102628707886 2.5512993335723877 0.8022364377975464 
1.7833914756774902 2.7872190475463867 0.30514514446258545 2.4820737838745117 0.7526085376739502 
1.8086775541305542 2.8108367919921875 0.3093198537826538 2.501516819000244 0.7641618251800537 
2.117680549621582 2.8706767559051514 0.32811975479125977 2.5425572395324707 0.8142623901367188 
1.6852275133132935 2.786360263824463 0.3118845820426941 2.474475860595703 0.7734716534614563 
1.887100100517273 2.8422865867614746 0.3154069185256958 2.5268795490264893 0.7782565951347351 
1.8603465557098389 2.8736512660980225 0.31977781653404236 2.5538735389709473 0.7898879051208496 
2.461350679397583 2.896481990814209 0.33660924434661865 2.55987286567688 0.8366185426712036 
2.002415180206299 2.8172435760498047 0.3215404748916626 2.4957029819488525 0.7991165518760681 
1.7638728618621826 2.74631929397583 0.3067814111709595 2.4395382404327393 0.7608084678649902 
1.9671677350997925 2.8512773513793945 0.32423606514930725 2.52704119682312 0.8033231496810913 
1.7107234001159668 2.8290417194366455 0.3115709722042084 2.5174708366394043 0.7692936062812805 
1.9680674076080322 2.828519821166992 0.31213849782943726 2.51638126373291 0.7703747749328613 
1.7681236267089844 2.819852590560913 0.3112143874168396 2.508638381958008 0.7691338658332825 
2.2713112831115723 2.873042583465576 0.32428550720214844 2.5487570762634277 0.8033348321914673 
1.8071253299713135 2.7986502647399902 0.30897849798202515 2.4896719455718994 0.7642086744308472 
1.7935235500335693 2.774900436401367 0.30540236830711365 2.4694981575012207 0.7554847598075867 
1.7780402898788452 2.7915854454040527 0.30942028760910034 2.4821650981903076 0.7653911709785461 
1.5641028881072998 2.7167093753814697 0.2946694791316986 2.422039747238159 0.7290992140769958 
2.3265328407287598 2.843374490737915 0.30858129262924194 2.534792900085449 0.7601450681686401 
2.3582892417907715 2.812013626098633 0.2928310036659241 2.5191826820373535 0.7164959907531738 
2.068782329559326 2.7665281295776367 0.28441321849823 2.482114791870117 0.6965198516845703 
1.7793188095092773 2.800499677658081 0.303116112947464 2.4973835945129395 0.7476384043693542 
2.032750129699707 2.8565468788146973 0.3257160186767578 2.5308306217193604 0.8077432513237 
2.173541307449341 2.922727108001709 0.32666635513305664 2.5960609912872314 0.8053097724914551 
1.900087594985962 2.846297264099121 0.32686856389045715 2.5194284915924072 0.8115831613540649 
2.203965425491333 2.8774890899658203 0.33411964774131775 2.5433692932128906 0.8310977220535278 
1.8525367975234985 2.794971466064453 0.31351372599601746 2.4814577102661133 0.7766806483268738 
1.8273868560791016 2.8372950553894043 0.32413238286972046 2.513162851333618 0.8051581382751465 
1.9407103061676025 2.869844436645508 0.3215675950050354 2.548276901245117 0.7946052551269531 
1.8741228580474854 2.7884914875030518 0.32059431076049805 2.4678971767425537 0.7979739904403687 
2.053537607192993 2.900878667831421 0.3422868549823761 2.558591842651367 0.8537931442260742 
2.2111480236053467 2.881049156188965 0.34249237179756165 2.5385568141937256 0.8541783094406128 
1.818917989730835 2.79228138923645 0.31187570095062256 2.480405807495117 0.7730231285095215 
2.086327075958252 2.81436824798584 0.32366421818733215 2.49070405960083 0.8056566715240479 
2.0837836265563965 2.8671069145202637 0.3210228979587555 2.546083927154541 0.7947297692298889 
2.299772024154663 2.8632936477661133 0.3249659836292267 2.538327932357788 0.8054317235946655 
1.854335069656372 2.7666335105895996 0.31041979789733887 2.45621395111084 0.7697505950927734 
1.883298397064209 2.8207485675811768 0.3203335404396057 2.5004148483276367 0.7949314117431641 
2.3566086292266846 2.8825507164001465 0.3302012085914612 2.55234956741333 0.8178151845932007 
1.9379525184631348 2.829359531402588 0.31350335478782654 2.5158562660217285 0.7756723165512085 
2.3029048442840576 2.888556480407715 0.3326617181301117 2.5558948516845703 0.8245036602020264 
1.9371676445007324 2.857434034347534 0.3227277994155884 2.5347061157226562 0.7990648746490479 
1.845900535583496 2.7785959243774414 0.312026709318161 2.466569185256958 0.7726905345916748 
2.0731701850891113 2.9089713096618652 0.323255330324173 2.5857157707214355 0.7967897653579712 
1.9119457006454468 2.8534603118896484 0.3152490258216858 2.5382113456726074 0.7781550884246826 
2.1664376258850098 2.8496673107147217 0.3199532926082611 2.5297141075134277 0.790369987487793 
1.5664372444152832 2.7225828170776367 0.2828732132911682 2.4397096633911133 0.6942862272262573 
1.9248104095458984 2.829923152923584 0.3118971586227417 2.5180258750915527 0.7701348066329956 
1.9654903411865234 2.8559694290161133 0.31381943821907043 2.5421500205993652 0.7739747762680054 
2.15366268157959 2.830195665359497 0.31618985533714294 2.514005661010742 0.782711386680603 
1.9699671268463135 2.798402786254883 0.3175398111343384 2.480863094329834 0.7881972789764404 
1.8412885665893555 2.749082565307617 0.30201759934425354 2.4470648765563965 0.7466609477996826 
1.611815094947815 2.7627594470977783 0.30118948221206665 2.4615697860717773 0.7450294494628906 
1.863759994506836 2.7970685958862305 0.31324031949043274 2.48382830619812 0.7763173580169678 
1.6102972030639648 2.755572557449341 0.3040495216846466 2.4515233039855957 0.7537586092948914 
1.742458462715149 2.7672290802001953 0.30876466631889343 2.4584641456604004 0.7652298808097839 
2.2617969512939453 2.8400087356567383 0.32418298721313477 2.5158257484436035 0.8037617206573486 
1.7300606966018677 2.7839059829711914 0.30233269929885864 2.4815731048583984 0.7445957064628601 
1.957327127456665 2.810123920440674 0.31133750081062317 2.498786449432373 0.7698565125465393 
1.946334958076477 2.7687392234802246 0.3067096471786499 2.462029457092285 0.7588757276535034 
1.7846438884735107 2.7999091148376465 0.30882030725479126 2.4910888671875 0.7636294364929199 
1.6831142902374268 2.7604546546936035 0.29396533966064453 2.466489315032959 0.7231391668319702 
1.9369676113128662 2.815877914428711 0.3071305751800537 2.5087473392486572 0.7574653625488281 
1.561142921447754 2.787604331970215 0.3053774833679199 2.482226610183716 0.7550487518310547 
1.8701015710830688 2.7675118446350098 0.3048572242259979 2.4626545906066895 0.7541211247444153 
1.7302262783050537 2.7808990478515625 0.30141058564186096 2.4794888496398926 0.7435750961303711 
1.8841876983642578 2.748558521270752 0.3068239092826843 2.441734552383423 0.7603896260261536 
2.009948492050171 2.855647563934326 0.3208843469619751 2.5347633361816406 0.7947263717651367 
2.0496039390563965 2.816298484802246 0.31442952156066895 2.501868963241577 0.7780238389968872 
2.0723910331726074 2.860757350921631 0.3293025493621826 2.5314550399780273 0.8173714876174927 
1.6137017011642456 2.7775378227233887 0.3053651452064514 2.472172737121582 0.7554652094841003 
2.185131549835205 2.8437671661376953 0.3273409605026245 2.5164265632629395 0.8128185272216797 
1.8494632244110107 2.840395927429199 0.3243021070957184 2.5160937309265137 0.8058634996414185 
1.954519510269165 2.8031084537506104 0.32193025946617126 2.4811782836914062 0.8004106283187866 
1.8366721868515015 2.8091659545898438 0.31678590178489685 2.492380142211914 0.7860990762710571 
1.8965137004852295 2.8353021144866943 0.32339340448379517 2.511908769607544 0.8042057156562805 
1.5465877056121826 2.7918338775634766 0.2989131808280945 2.492920398712158 0.7368098497390747 
2.0767245292663574 2.8012380599975586 0.2976124584674835 2.5036256313323975 0.7331487536430359 
1.7540209293365479 2.7806732654571533 0.3050107955932617 2.4756624698638916 0.75421142578125 
1.939078688621521 2.759819984436035 0.3090983033180237 2.4507217407226562 0.7677235007286072 
2.0474157333374023 2.773869037628174 0.3067856431007385 2.467082977294922 0.7591904401779175 
1.6845521926879883 2.7797560691833496 0.30694133043289185 2.4728150367736816 0.7605328559875488 
2.004061222076416 2.797386646270752 0.31762993335723877 2.4797568321228027 0.7884458303451538 
1.596853256225586 2.776839256286621 0.3015936613082886 2.475245714187622 0.7452365159988403 
1.9473817348480225 2.7994384765625 0.30364519357681274 2.495793342590332 0.749739944934845 
1.7898417711257935 2.775780200958252 0.3033008575439453 2.4724793434143066 0.749305784702301 
2.1838455200195312 2.898141860961914 0.32723426818847656 2.5709075927734375 0.8092288970947266 
2.1258187294006348 2.793195962905884 0.30446404218673706 2.488731861114502 0.751762866973877 
2.1004183292388916 2.845203399658203 0.3088477849960327 2.536355495452881 0.7610167264938354 
2.1728949546813965 2.8689966201782227 0.327593594789505 2.54140305519104 0.8124366998672485 
1.7438292503356934 2.7596700191497803 0.30350151658058167 2.4561684131622314 0.7517832517623901 
1.9331480264663696 2.866464138031006 0.31278902292251587 2.5536751747131348 0.7699255347251892 
2.056631088256836 2.8091378211975098 0.30814990401268005 2.500988006591797 0.7595113515853882 
1.8897309303283691 2.8317325115203857 0.31850767135620117 2.5132248401641846 0.7892085313796997 
2.09971284866333 2.899921417236328 0.32906633615493774 2.570855140686035 0.8140769600868225 
1.9174864292144775 2.8004989624023438 0.31316202878952026 2.487337112426758 0.7740577459335327 
1.861440896987915 2.8470025062561035 0.31040090322494507 2.5366015434265137 0.764256477355957 
2.220776319503784 2.8876328468322754 0.33790308237075806 2.549729824066162 0.8399372100830078 
1.7812066078186035 2.7929153442382812 0.3167397677898407 2.4761757850646973 0.7863232493400574 
2.0794482231140137 2.837770462036133 0.32604214549064636 2.511728048324585 0.8099800944328308 
1.9808509349822998 2.813465118408203 0.32115474343299866 2.4923102855682373 0.7977316975593567 
1.907701015472412 2.7832698822021484 0.3112967312335968 2.471973180770874 0.7712517976760864 
2.2927823066711426 2.813271999359131 0.30923718214035034 2.5040347576141357 0.7617669701576233 
1.806302785873413 2.770242214202881 0.30986732244491577 2.4603750705718994 0.7685831785202026 
1.700011968612671 2.7784743309020996 0.30852168798446655 2.4699525833129883 0.7640385627746582 
1.9817084074020386 2.7829389572143555 0.3059644103050232 2.4769744873046875 0.756769061088562 
1.896017074584961 2.7956252098083496 0.31674015522003174 2.478884696960449 0.785783588886261 
2.5461792945861816 2.906001091003418 0.32858291268348694 2.577418327331543 0.8126670122146606 
1.9106545448303223 2.826580047607422 0.31595081090927124 2.510629177093506 0.781639039516449 
2.3369078636169434 2.898648738861084 0.33161863684654236 2.5670299530029297 0.8217136859893799 
1.4602293968200684 2.7576282024383545 0.29200953245162964 2.46561861038208 0.7186609506607056 
1.7962017059326172 2.8108110427856445 0.3121165931224823 2.49869441986084 0.771011471748352 
1.794062852859497 2.766814947128296 0.3057281970977783 2.4610867500305176 0.7562514543533325 
1.6779588460922241 2.77192759513855 0.30975791811943054 2.462169647216797 0.7688339352607727 
1.8850066661834717 2.8014893531799316 0.31409090757369995 2.487398624420166 0.7799978256225586 
1.9483716487884521 2.834183692932129 0.31058886647224426 2.523594856262207 0.7659057378768921 
1.9462273120880127 2.834530830383301 0.32023876905441284 2.514291763305664 0.7943658828735352 
1.9964841604232788 2.8066892623901367 0.3153739273548126 2.4913153648376465 0.7811295390129089 
1.9966838359832764 2.8530068397521973 0.3224216103553772 2.530585289001465 0.7995209693908691 
1.720023274421692 2.7736082077026367 0.31236475706100464 2.4612436294555664 0.7758373618125916 
1.613783597946167 2.76155161857605 0.3048955202102661 2.456655979156494 0.7548838257789612 
1.659226894378662 2.7736244201660156 0.30306878685951233 2.4705557823181152 0.7481664419174194 
1.8272182941436768 2.7886576652526855 0.3046724498271942 2.483985185623169 0.7523467540740967 
2.262052297592163 2.83982515335083 0.31768491864204407 2.5221400260925293 0.7865753173828125 
2.06516170501709 2.858921766281128 0.31583207845687866 2.5430896282196045 0.7801932096481323 
1.827261209487915 2.7797319889068604 0.3147848844528198 2.464946746826172 0.7817265391349792 
1.8408939838409424 2.820249557495117 0.3076300621032715 2.5126194953918457 0.7585039734840393 
2.2350945472717285 2.858516216278076 0.31867486238479614 2.5398411750793457 0.7868051528930664 
1.8066229820251465 2.7672271728515625 0.3052394688129425 2.4619874954223633 0.7562798261642456 
1.9465998411178589 2.795043468475342 0.29870256781578064 2.496340751647949 0.7346035242080688 
2.055596113204956 2.8661718368530273 0.32148587703704834 2.5446860790252686 0.7956306338310242 
1.7552447319030762 2.8122735023498535 0.31349003314971924 2.498783588409424 0.776364803314209 
1.930756688117981 2.85364031791687 0.3250153064727783 2.528625011444092 0.8067176938056946 
1.9617664813995361 2.86741042137146 0.3298799991607666 2.5375304222106934 0.8193099498748779 
2.2403645515441895 2.9089794158935547 0.33673056960105896 2.572248935699463 0.835227370262146 
1.9882210493087769 2.873502731323242 0.31651589274406433 2.5569868087768555 0.7795211672782898 
2.0386266708374023 2.822497844696045 0.3200676441192627 2.5024302005767822 0.7949787378311157 
1.7413548231124878 2.8477210998535156 0.3073876202106476 2.5403332710266113 0.7561602592468262 
1.6678582429885864 2.809382438659668 0.31316864490509033 2.496213912963867 0.7760497331619263 
2.27998685836792 2.846207857131958 0.3298850953578949 2.5163228511810303 0.8208295702934265 
2.035578966140747 2.833986282348633 0.3216720223426819 2.5123143196105957 0.7986669540405273 
1.8331034183502197 2.7463159561157227 0.3099169135093689 2.436398983001709 0.7700191140174866 
1.904045820236206 2.790494441986084 0.31097301840782166 2.4795212745666504 0.7704653739929199 
2.0258121490478516 2.7740347385406494 0.3081236481666565 2.4659109115600586 0.7632224559783936 
1.8593486547470093 2.8403735160827637 0.31852877140045166 2.5218446254730225 0.7890037894248962 
1.9621055126190186 2.8063995838165283 0.30795300006866455 2.4984467029571533 0.7611796259880066 
1.9401280879974365 2.8409035205841064 0.3108211159706116 2.5300822257995605 0.7664328217506409 
1.8389983177185059 2.809485673904419 0.3082778751850128 2.5012078285217285 0.7608387470245361 
2.251235008239746 2.8839049339294434 0.3261052668094635 2.5577995777130127 0.8061236143112183 
2.004276752471924 2.799818992614746 0.3124507665634155 2.487368106842041 0.7730624675750732 
1.9132159948349 2.838700771331787 0.3113309144973755 2.527369976043701 0.76759272813797 
1.6512887477874756 2.8492136001586914 0.31322386860847473 2.535989761352539 0.7734032869338989 
1.6790324449539185 2.7972278594970703 0.3122040927410126 2.4850234985351562 0.7742302417755127 
1.8146865367889404 2.8334014415740967 0.31442970037460327 2.5189716815948486 0.7772581577301025 
1.7448267936706543 2.765580415725708 0.30598583817481995 2.4595947265625 0.7580395936965942 
1.9779843091964722 2.8208658695220947 0.32727640867233276 2.4935896396636963 0.814919114112854 
1.9380334615707397 2.8055076599121094 0.3211705982685089 2.484337091445923 0.7989099621772766 
1.9296435117721558 2.843780517578125 0.3300773501396179 2.5137031078338623 0.8215948343276978 
1.8543415069580078 2.7741036415100098 0.32005712389945984 2.4540462493896484 0.7973587512969971 
1.8582508563995361 2.814882516860962 0.3173152804374695 2.4975671768188477 0.7875481843948364 
1.8119795322418213 2.801581382751465 0.3196259140968323 2.4819555282592773 0.7937123775482178 
2.2481188774108887 2.7883999347686768 0.3137698173522949 2.474630117416382 0.7789777517318726 
1.5490883588790894 2.7059712409973145 0.29027020931243896 2.415701150894165 0.717595100402832 
1.804775595664978 2.758074998855591 0.29871609807014465 2.4593591690063477 0.7370915412902832 
1.943402886390686 2.74783992767334 0.29639995098114014 2.45143985748291 0.7324613928794861 
1.9755940437316895 2.7664148807525635 0.2980360686779022 2.468379020690918 0.7331624627113342 
2.115365505218506 2.813864231109619 0.3136807978153229 2.500183343887329 0.7754672169685364 
1.9313139915466309 2.777735710144043 0.3074241876602173 2.470311403274536 0.761332094669342 
1.683946132659912 2.7815520763397217 0.3064377009868622 2.475114345550537 0.7572430372238159 
1.958446979522705 2.8590593338012695 0.3135233223438263 2.5455360412597656 0.7713723182678223 
1.7099579572677612 2.805140495300293 0.30710384249687195 2.4980363845825195 0.757254958152771 
1.8884432315826416 2.7740628719329834 0.31364959478378296 2.4604134559631348 0.7774621248245239 
1.7073630094528198 2.7709314823150635 0.2993883192539215 2.471543312072754 0.7376766204833984 
1.88300359249115 2.79636287689209 0.3129201829433441 2.483442783355713 0.7744543552398682 
1.9753448963165283 2.8119232654571533 0.3131772577762604 2.498745918273926 0.7743848562240601 
1.9324885606765747 2.7846829891204834 0.309379518032074 2.4753036499023438 0.7656947374343872 
2.1440296173095703 2.832902193069458 0.3193366825580597 2.5135655403137207 0.7908730506896973 
1.7432705163955688 2.7557332515716553 0.3016332983970642 2.4540998935699463 0.744928240776062 
1.7860627174377441 2.787086009979248 0.299948126077652 2.487137794494629 0.7394787073135376 
1.7599952220916748 2.7710442543029785 0.3070557117462158 2.4639885425567627 0.760644257068634 
2.1339077949523926 2.8049428462982178 0.3089372515678406 2.4960055351257324 0.7628747224807739 
1.6899216175079346 2.7939138412475586 0.30687379837036133 2.4870400428771973 0.7577946782112122 
2.034492015838623 2.8563361167907715 0.3149152398109436 2.5414209365844727 0.7754107713699341 
1.7717158794403076 2.719175100326538 0.29674094915390015 2.422434091567993 0.7357270121574402 
1.7371478080749512 2.7086875438690186 0.29903531074523926 2.4096522331237793 0.7422385215759277 
1.8747162818908691 2.7901506423950195 0.31131213903427124 2.4788384437561035 0.7709932327270508 
2.3456578254699707 2.8389792442321777 0.3214464783668518 2.5175328254699707 0.7965158224105835 
1.9798576831817627 2.798560619354248 0.31877827644348145 2.4797825813293457 0.7912629842758179 
2.302684783935547 2.831171989440918 0.32950982451438904 2.501662254333496 0.8193399906158447 
1.6965670585632324 2.7091126441955566 0.28877896070480347 2.4203338623046875 0.7125980854034424 
2.092236042022705 2.8111321926116943 0.31414926052093506 2.4969828128814697 0.7786113023757935 
1.970887541770935 2.8807897567749023 0.3244014382362366 2.5563881397247314 0.8009121417999268 
1.9022760391235352 2.845430850982666 0.31532058119773865 2.5301103591918945 0.778026819229126 
1.7151551246643066 2.777804374694824 0.3075467646121979 2.4702577590942383 0.7622057199478149 
1.564327359199524 2.7698025703430176 0.29141372442245483 2.478389024734497 0.7146813869476318 
1.92743980884552 2.8175148963928223 0.32039862871170044 2.4971165657043457 0.795567512512207 
2.074035406112671 2.8555455207824707 0.3131922781467438 2.5423531532287598 0.7712792158126831 
1.9974431991577148 2.8476223945617676 0.3265429735183716 2.5210793018341064 0.8108445405960083 
2.002434492111206 2.809112787246704 0.32014331221580505 2.488969564437866 0.7958848476409912 
2.201714515686035 2.8690664768218994 0.33157408237457275 2.537492275238037 0.8239907026290894 
1.6869621276855469 2.750720977783203 0.29653775691986084 2.4541831016540527 0.7315286993980408 
2.0710501670837402 2.8435261249542236 0.31873664259910583 2.524789571762085 0.7889693975448608 
1.6393358707427979 2.746628761291504 0.3032883405685425 2.443340301513672 0.7517423033714294 
2.0386404991149902 2.8349990844726562 0.3207412660121918 2.5142576694488525 0.794457197189331 
2.1664061546325684 2.812924385070801 0.32049304246902466 2.492431640625 0.796771764755249 
1.8723951578140259 2.8050694465637207 0.2972756624221802 2.50779390335083 0.730445921421051 
1.6911683082580566 2.748976707458496 0.3013976812362671 2.4475789070129395 0.7467384934425354 
1.9724338054656982 2.824632167816162 0.3114645481109619 2.5131676197052 0.7691102027893066 
2.1352853775024414 2.835691213607788 0.32690170407295227 2.508789539337158 0.8129487037658691 
1.796454906463623 2.7632699012756348 0.30723732709884644 2.4560327529907227 0.7625859379768372 
1.8368816375732422 2.761934280395508 0.3138086497783661 2.4481256008148193 0.7800804376602173 
1.9658421277999878 2.8202450275421143 0.3093779981136322 2.510867118835449 0.7635979652404785 
2.324960231781006 2.8095545768737793 0.3193759322166443 2.490178346633911 0.793546736240387 
1.9321544170379639 2.8258092403411865 0.3204587697982788 2.5053505897521973 0.7955454587936401 
1.9097265005111694 2.858787775039673 0.32563644647598267 2.533151388168335 0.8069883584976196 
1.9819620847702026 2.803065776824951 0.317142128944397 2.4859237670898438 0.7859988212585449 
2.057439088821411 2.8121776580810547 0.3233488202095032 2.488828659057617 0.8032087683677673 
1.974900484085083 2.800248146057129 0.3143697679042816 2.4858782291412354 0.779008150100708 
1.941697120666504 2.8294358253479004 0.3166951537132263 2.5127406120300293 0.7835277318954468 
2.3561477661132812 2.8438518047332764 0.3023936450481415 2.5414578914642334 0.7410773038864136 
1.729408621788025 2.7930727005004883 0.3090699315071106 2.4840025901794434 0.7628062963485718 
2.05865740776062 2.8184046745300293 0.3123496174812317 2.5060553550720215 0.7712447643280029 
1.7927165031433105 2.809945821762085 0.3098306953907013 2.500115156173706 0.7651733160018921 
1.9406205415725708 2.8440258502960205 0.31803271174430847 2.5259928703308105 0.7865469455718994 
1.8093764781951904 2.8481478691101074 0.3228752017021179 2.525272846221924 0.8000187873840332 
1.731102705001831 2.8006339073181152 0.30809271335601807 2.4925410747528076 0.7620669603347778 
1.9661049842834473 2.8342156410217285 0.31936001777648926 2.5148556232452393 0.7899521589279175 
1.7192778587341309 2.798737049102783 0.3081012964248657 2.490635633468628 0.7606385350227356 
1.6982686519622803 2.7956154346466064 0.3096287250518799 2.4859867095947266 0.7658087015151978 
1.7221264839172363 2.7674202919006348 0.3070400357246399 2.4603800773620605 0.7601038217544556 
1.8303934335708618 2.80127215385437 0.3186192214488983 2.4826529026031494 0.7907105088233948 
1.7653125524520874 2.776750087738037 0.30601781606674194 2.4707322120666504 0.7568984031677246 
1.9556541442871094 2.805731773376465 0.3123541474342346 2.493377685546875 0.7715276479721069 
1.6079593896865845 2.7097530364990234 0.2859291434288025 2.423823833465576 0.7031353712081909 
1.9473121166229248 2.802788734436035 0.31295597553253174 2.489832878112793 0.7742025852203369 
1.8508914709091187 2.765554428100586 0.3100654184818268 2.455489158630371 0.7687270641326904 
1.894000768661499 2.7572104930877686 0.302856981754303 2.4543535709381104 0.7496535181999207 
1.9496246576309204 2.8255012035369873 0.3181290030479431 2.5073723793029785 0.7886726260185242 
1.7823946475982666 2.706064462661743 0.3020986318588257 2.403965950012207 0.7505021095275879 
1.9965637922286987 2.7758431434631348 0.3125096559524536 2.4633336067199707 0.7752705812454224 
1.9899100065231323 2.7439844608306885 0.3075721561908722 2.4364123344421387 0.7628042101860046 
1.8193068504333496 2.7222139835357666 0.30037301778793335 2.4218411445617676 0.7446471452713013 
1.5891231298446655 2.7307662963867188 0.3053547143936157 2.4254117012023926 0.7582080364227295 
1.9442020654678345 2.7668514251708984 0.307431161403656 2.4594202041625977 0.7621272802352905 
1.8338887691497803 2.7430686950683594 0.29893505573272705 2.4441335201263428 0.7392929792404175 
1.3626359701156616 2.7032217979431152 0.2929259240627289 2.4102959632873535 0.7250366806983948 
1.655808448791504 2.7631893157958984 0.3019234538078308 2.461265802383423 0.7458726167678833 
1.7815637588500977 2.794304847717285 0.3058960735797882 2.4884085655212402 0.7549318075180054 
1.6706081628799438 2.7471189498901367 0.29766738414764404 2.449451446533203 0.7353452444076538 
1.7204560041427612 2.732325315475464 0.3034651279449463 2.4288599491119385 0.7515220642089844 
1.9921514987945557 2.8066248893737793 0.3237232565879822 2.4829018115997314 0.8058635592460632 
1.8192861080169678 2.7748894691467285 0.3059319257736206 2.4689574241638184 0.7562436461448669 
1.8792951107025146 2.838925361633301 0.3195264935493469 2.5193986892700195 0.7921518087387085 
1.867159128189087 2.8061702251434326 0.3141574263572693 2.4920129776000977 0.7773392796516418 
1.4494116306304932 2.6938400268554688 0.2948746681213379 2.398965358734131 0.7320151925086975 
1.669191837310791 2.763759136199951 0.31453463435173035 2.4492244720458984 0.7828606367111206 
1.6152780055999756 2.734006404876709 0.3094158172607422 2.424590587615967 0.7703893780708313 
1.8299295902252197 2.750955820083618 0.3026282489299774 2.4483275413513184 0.7489348649978638 
1.6888813972473145 2.722855806350708 0.30042266845703125 2.4224331378936768 0.744375467300415 
1.7526285648345947 2.7519423961639404 0.31065526604652405 2.441287040710449 0.771413266658783 
1.9832972288131714 2.7824387550354004 0.3183988332748413 2.4640398025512695 0.7913433909416199 
1.960025668144226 2.761991024017334 0.311886727809906 2.450104236602783 0.7741149663925171 
2.3004865646362305 2.8073058128356934 0.31686851382255554 2.4904375076293945 0.7841578722000122 
1.6204137802124023 2.7211146354675293 0.30033379793167114 2.420780897140503 0.7439489364624023 
1.651847243309021 2.6859891414642334 0.287066251039505 2.398922920227051 0.7083519697189331 
1.9214472770690918 2.815643310546875 0.3104231059551239 2.5052199363708496 0.7667652368545532 
1.549466609954834 2.686626434326172 0.2802148461341858 2.406411647796631 0.6889714002609253 
1.6183443069458008 2.717254877090454 0.29177427291870117 2.425480365753174 0.7200456857681274 
1.8393604755401611 2.8235952854156494 0.3143240511417389 2.5092711448669434 0.7765687704086304 
1.5944654941558838 2.725409746170044 0.2935772240161896 2.4318325519561768 0.724705159664154 
1.71427321434021 2.7066640853881836 0.297069251537323 2.409595012664795 0.7359342575073242 
1.6883962154388428 2.735215663909912 0.2969841957092285 2.4382314682006836 0.7341901063919067 
1.5744309425354004 2.71848201751709 0.2928324043750763 2.425649642944336 0.7236269116401672 
1.5648994445800781 2.7264974117279053 0.30383485555648804 2.4226627349853516 0.7549362182617188 
1.8706779479980469 2.782691478729248 0.31642547249794006 2.46626615524292 0.7862917184829712 
1.916613221168518 2.744771957397461 0.3089902997016907 2.435781717300415 0.7680102586746216 
2.0041582584381104 2.7371201515197754 0.3039875626564026 2.4331324100494385 0.7532436847686768 
1.5896687507629395 2.7096476554870605 0.30745062232017517 2.4021968841552734 0.7662110328674316 
2.7323102951049805 2.8444457054138184 0.319905161857605 2.524540424346924 0.7918463945388794 
1.5882861614227295 2.7522788047790527 0.3031867742538452 2.449091911315918 0.7516818046569824 
1.596747636795044 2.726891279220581 0.3047671616077423 2.422123908996582 0.7568290829658508 
1.6002997159957886 2.750102996826172 0.29216262698173523 2.457940101623535 0.7189165353775024 
1.6936376094818115 2.778949737548828 0.30130505561828613 2.477644681930542 0.7433132529258728 
1.7005976438522339 2.7970266342163086 0.3043254017829895 2.4927010536193848 0.7507975101470947 
1.9542454481124878 2.831840753555298 0.3118194341659546 2.520021438598633 0.7700697183609009 
1.813636064529419 2.790980100631714 0.312833309173584 2.47814679145813 0.775788426399231 
1.735154390335083 2.7745954990386963 0.3086170554161072 2.4659783840179443 0.7650755643844604 
1.7044987678527832 2.7709391117095947 0.3093160092830658 2.461623191833496 0.7681549191474915 
1.977372646331787 2.8792340755462646 0.3239613175392151 2.5552725791931152 0.80131995677948 
1.6874547004699707 2.829883337020874 0.3182094693183899 2.511673927307129 0.7889153957366943 
1.8978540897369385 2.854410171508789 0.326204389333725 2.5282058715820312 0.8099459409713745 
1.6467552185058594 2.741471767425537 0.30651330947875977 2.4349584579467773 0.760141909122467 
1.8489456176757812 2.7528018951416016 0.3051968216896057 2.4476051330566406 0.7557992339134216 
1.6148908138275146 2.7513766288757324 0.30180707573890686 2.4495694637298584 0.747198224067688 
1.7917311191558838 2.759730339050293 0.2988566756248474 2.460873603820801 0.7374788522720337 
1.6954655647277832 2.7555506229400635 0.30656641721725464 2.448984146118164 0.760389506816864 
1.7816956043243408 2.7506537437438965 0.3085525631904602 2.442101001739502 0.7662458419799805 
1.6679816246032715 2.7631044387817383 0.31304866075515747 2.4500558376312256 0.7788276672363281 
2.1050453186035156 2.7079975605010986 0.30167341232299805 2.4063241481781006 0.7492703199386597 
1.8942477703094482 2.7492728233337402 0.3064764738082886 2.442796230316162 0.7597233057022095 
1.9927222728729248 2.707791805267334 0.2900297939777374 2.41776180267334 0.7156854867935181 
1.726696252822876 2.690272331237793 0.29931753873825073 2.3909547328948975 0.7425808310508728 
2.1397314071655273 2.7932748794555664 0.31560659408569336 2.477668285369873 0.7807447910308838 
1.7939563989639282 2.737649440765381 0.2943369150161743 2.443312406539917 0.726227879524231 
2.618265151977539 2.8637704849243164 0.31965214014053345 2.5441184043884277 0.7887263298034668 
1.7393853664398193 2.749260425567627 0.3019673824310303 2.4472930431365967 0.7463846802711487 
2.123546838760376 2.8086156845092773 0.30859923362731934 2.500016450881958 0.7612454891204834 
1.898127794265747 2.7775580883026123 0.30156609416007996 2.47599196434021 0.7442773580551147 
1.582149863243103 2.718759059906006 0.2965403199195862 2.4222187995910645 0.7339409589767456 
1.812515139579773 2.7743337154388428 0.3100410997867584 2.464292526245117 0.767244815826416 
1.9877715110778809 2.882997512817383 0.327064573764801 2.5559329986572266 0.8096094131469727 
2.0327601432800293 2.830646276473999 0.3130812644958496 2.5175647735595703 0.7736074924468994 
2.0726332664489746 2.839343786239624 0.31604599952697754 2.5232977867126465 0.7809680700302124 
1.5225703716278076 2.693796157836914 0.28998178243637085 2.4038143157958984 0.7167021036148071 
2.101679801940918 2.804990291595459 0.3128107190132141 2.4921796321868896 0.7743263244628906 
1.7788773775100708 2.77431583404541 0.30645862221717834 2.4678573608398438 0.7570916414260864 
1.987384557723999 2.823789119720459 0.31890738010406494 2.5048818588256836 0.7902103662490845 
2.356023073196411 2.813577651977539 0.31668511033058167 2.4968929290771484 0.7846518754959106 
1.8988465070724487 2.8144991397857666 0.31178808212280273 2.502711057662964 0.7706557512283325 
1.5947082042694092 2.7443270683288574 0.29126131534576416 2.453065872192383 0.7177644371986389 
1.634731650352478 2.8100790977478027 0.30483514070510864 2.5052437782287598 0.7515907883644104 
2.1534647941589355 2.8576245307922363 0.30754154920578003 2.5500829219818115 0.7559893131256104 
1.6128747463226318 2.7622547149658203 0.2983015775680542 2.4639530181884766 0.7377662658691406 
1.8988089561462402 2.8156633377075195 0.31113144755363464 2.5045320987701416 0.7687392830848694 
1.6968315839767456 2.818660259246826 0.3076860010623932 2.510974407196045 0.7595707178115845 
2.1249613761901855 2.817348003387451 0.32051414251327515 2.4968338012695312 0.7945652008056641 
2.0280022621154785 2.7954068183898926 0.3197138011455536 2.4756929874420166 0.795026421546936 
1.7191601991653442 2.7678375244140625 0.310874342918396 2.456963062286377 0.7717888355255127 
1.787534236907959 2.8023126125335693 0.3099682629108429 2.492344379425049 0.7672209739685059 
1.9836788177490234 2.8091464042663574 0.31774696707725525 2.4913995265960693 0.7883522510528564 
1.531580924987793 2.7262024879455566 0.2942400574684143 2.431962490081787 0.725479006767273 
2.129281997680664 2.7975969314575195 0.3079906702041626 2.4896061420440674 0.7609077095985413 
1.828098177909851 2.8188693523406982 0.31816092133522034 2.5007083415985107 0.7888237237930298 
1.5813990831375122 2.7546310424804688 0.30748188495635986 2.4471492767333984 0.7635002136230469 
1.763561487197876 2.789543867111206 0.30823662877082825 2.481307029724121 0.7623910307884216 
1.8391704559326172 2.7821836471557617 0.3138969838619232 2.4682867527008057 0.7795896530151367 
1.9718232154846191 2.739718437194824 0.30321967601776123 2.4364988803863525 0.7512620687484741 
1.6474626064300537 2.7437591552734375 0.2944754362106323 2.4492838382720947 0.7261408567428589 
2.0490403175354004 2.8289713859558105 0.3218008875846863 2.5071702003479004 0.7977980375289917 
1.8075194358825684 2.834792137145996 0.31195971369743347 2.5228323936462402 0.7703812122344971 
1.8999601602554321 2.789857864379883 0.304276704788208 2.4855809211730957 0.7507702708244324 
1.7867274284362793 2.7585549354553223 0.30507126450538635 2.4534835815429688 0.7547833919525146 
1.8495749235153198 2.743356466293335 0.3000640273094177 2.4432926177978516 0.7411538362503052 
1.984129786491394 2.807047128677368 0.3167737126350403 2.4902734756469727 0.7861023545265198 
1.8224016427993774 2.7823076248168945 0.3148539364337921 2.467453956604004 0.7811527252197266 
1.8953087329864502 2.818317413330078 0.31858277320861816 2.499734878540039 0.7902343273162842 
1.5420016050338745 2.747220039367676 0.3079551160335541 2.4392647743225098 0.7651983499526978 
1.8766252994537354 2.8064260482788086 0.3154641389846802 2.4909615516662598 0.7816571593284607 
1.904411792755127 2.827479600906372 0.3218437731266022 2.5056357383728027 0.799280047416687 
1.7798289060592651 2.7763049602508545 0.2953249514102936 2.4809799194335938 0.7256795167922974 
1.8901329040527344 2.736341714859009 0.29532453417778015 2.4410171508789062 0.7298210859298706 
1.6067826747894287 2.709571361541748 0.29424989223480225 2.4153215885162354 0.7281430959701538 
1.77559494972229 2.8029799461364746 0.3062066435813904 2.4967730045318604 0.7551239132881165 
1.5493537187576294 2.7076575756073 0.29824298620224 2.409414768218994 0.7405226826667786 
1.751503586769104 2.757901668548584 0.30611318349838257 2.4517884254455566 0.7590030431747437 
1.6913769245147705 2.7427234649658203 0.304518461227417 2.4382052421569824 0.7551347017288208 
1.5173699855804443 2.677671432495117 0.2994545102119446 2.3782167434692383 0.7455462217330933 
1.82295560836792 2.743985652923584 0.3027982711791992 2.4411873817443848 0.752057671546936 
1.5737254619598389 2.7576451301574707 0.3070806860923767 2.45056414604187 0.7624990940093994 
1.661307454109192 2.7037243843078613 0.29352742433547974 2.4101967811584473 0.7259441614151001 
1.3734960556030273 2.7064738273620605 0.2969306707382202 2.409543514251709 0.7361805438995361 
1.6812963485717773 2.6828107833862305 0.2941480576992035 2.388662815093994 0.7286310195922852 
1.8906371593475342 2.7823238372802734 0.3175966143608093 2.4647274017333984 0.7887675762176514 
2.1190125942230225 2.7669310569763184 0.3076847195625305 2.4592461585998535 0.7621641159057617 
1.3952674865722656 2.6845314502716064 0.29745012521743774 2.3870811462402344 0.7389717102050781 
2.186185359954834 2.810744285583496 0.31976476311683655 2.4909791946411133 0.7934650182723999 
1.833061933517456 2.6959733963012695 0.2926173806190491 2.4033560752868652 0.7235229015350342 
1.832853078842163 2.750955581665039 0.3059009313583374 2.445054531097412 0.7581950426101685 
1.709183931350708 2.804001808166504 0.313390851020813 2.4906108379364014 0.7757143974304199 
1.6146981716156006 2.7339940071105957 0.3033721446990967 2.430621862411499 0.7520347833633423 
2.3687949180603027 2.8607401847839355 0.3277378976345062 2.5330023765563965 0.8120774626731873 
1.7915807962417603 2.7458996772766113 0.30411896109580994 2.4417810440063477 0.7527145743370056 
1.68077552318573 2.7440104484558105 0.29584604501724243 2.448164224624634 0.729328989982605 
1.9139989614486694 2.8125243186950684 0.30523234605789185 2.5072920322418213 0.7519335746765137 
2.1953036785125732 2.841888189315796 0.3178403675556183 2.5240478515625 0.7859830856323242 
1.64310622215271 2.7466063499450684 0.2993577718734741 2.4472484588623047 0.7400689721107483 
1.8481454849243164 2.8022358417510986 0.31627923250198364 2.4859566688537598 0.7841059565544128 
1.6808522939682007 2.743349075317383 0.29435718059539795 2.4489917755126953 0.7266091108322144 
1.6921066045761108 2.7850379943847656 0.29097336530685425 2.4940645694732666 0.7134380340576172 
1.4992122650146484 2.7568702697753906 0.2965647578239441 2.4603052139282227 0.7319762110710144 
1.9329856634140015 2.870579242706299 0.32536524534225464 2.5452139377593994 0.8057541847229004 
1.5895085334777832 2.7742204666137695 0.309395968914032 2.464824676513672 0.7663309574127197 
1.8162970542907715 2.7867846488952637 0.3204021155834198 2.4663825035095215 0.797692060470581 
1.5632143020629883 2.708303689956665 0.3010851740837097 2.4072184562683105 0.7481269836425781 
1.6225452423095703 2.732469081878662 0.3012617230415344 2.4312076568603516 0.7470475435256958 
2.0258848667144775 2.763960599899292 0.3159952759742737 2.447965383529663 0.7867187261581421 
1.577762246131897 2.69321346282959 0.30013927817344666 2.3930740356445312 0.7466753721237183 
1.860762357711792 2.7112936973571777 0.2983108162879944 2.412982940673828 0.7401140928268433 
1.8791228532791138 2.7692859172821045 0.30561959743499756 2.4636659622192383 0.7554152011871338 
1.7151129245758057 2.7112104892730713 0.30166080594062805 2.4095497131347656 0.7488630414009094 
1.7797307968139648 2.7980599403381348 0.31246626377105713 2.485593795776367 0.7733654975891113 
1.8315106630325317 2.71691632270813 0.29393547773361206 2.422980785369873 0.7265405058860779 
2.4822916984558105 2.8345234394073486 0.3250206708908081 2.50950288772583 0.8067910075187683 
1.9788434505462646 2.7343907356262207 0.30701255798339844 2.4273781776428223 0.7622765302658081 
1.6626148223876953 2.803680181503296 0.3033941090106964 2.500286102294922 0.7490832209587097 
1.6077029705047607 2.701810598373413 0.29417985677719116 2.407630681991577 0.7278356552124023 
1.774841070175171 2.7694993019104004 0.3012757897377014 2.4682235717773438 0.7437543272972107 
2.150001049041748 2.852015495300293 0.3194098472595215 2.5326056480407715 0.7893105149269104 
1.6206045150756836 2.724358081817627 0.29423820972442627 2.4301199913024902 0.7271515130996704 
2.1289405822753906 2.8343424797058105 0.31966567039489746 2.514677047729492 0.790967583656311 
2.1060938835144043 2.822816848754883 0.32516276836395264 2.4976539611816406 0.8072000741958618 
2.0176053047180176 2.8324103355407715 0.32231396436691284 2.510096549987793 0.7987098693847656 
2.0418214797973633 2.749372959136963 0.30841952562332153 2.440953254699707 0.7659393548965454 
1.7165520191192627 2.7149808406829834 0.30284935235977173 2.4121317863464355 0.7514846324920654 
1.6886119842529297 2.786935329437256 0.3066558241844177 2.4802794456481934 0.7571507692337036 
2.1022777557373047 2.805506467819214 0.31560397148132324 2.4899027347564697 0.7820442914962769 
2.2313079833984375 2.849759101867676 0.3091106712818146 2.5406484603881836 0.7611778378486633 
1.691394567489624 2.7673473358154297 0.2972757816314697 2.47007155418396 0.7331783175468445 
2.120499610900879 2.817408323287964 0.313466340303421 2.5039420127868652 0.775684654712677 
2.3756015300750732 2.902954339981079 0.33298346400260925 2.5699708461761475 0.8255742192268372 
1.9111857414245605 2.8244237899780273 0.3230862021446228 2.5013375282287598 0.8019701242446899 
2.1746795177459717 2.85805606842041 0.3283645510673523 2.529691696166992 0.8149545192718506 
1.7799444198608398 2.849763870239258 0.31358110904693604 2.5361828804016113 0.7734925746917725 
1.8760521411895752 2.8798575401306152 0.3190765976905823 2.5607805252075195 0.7857246398925781 
1.7414140701293945 2.793304920196533 0.3097638189792633 2.4835410118103027 0.7667428255081177 
1.7272639274597168 2.7987382411956787 0.3086530864238739 2.4900851249694824 0.7631042003631592 
1.6695421934127808 2.792038917541504 0.30394667387008667 2.4880919456481934 0.7494058609008789 
2.138653039932251 2.858745574951172 0.3274121582508087 2.5313334465026855 0.8117083311080933 
1.8789420127868652 2.8493549823760986 0.3089355528354645 2.540419340133667 0.7604120969772339 
1.8906259536743164 2.786661148071289 0.30869126319885254 2.4779698848724365 0.7634832262992859 
1.6342438459396362 2.7658772468566895 0.3002525866031647 2.4656248092651367 0.7409154176712036 
1.8965345621109009 2.817474365234375 0.3160659670829773 2.501408338546753 0.782930850982666 
1.7655041217803955 2.743130683898926 0.30809319019317627 2.43503737449646 0.7648962736129761 
2.1203970909118652 2.806957960128784 0.3066851496696472 2.5002732276916504 0.7578152418136597 
1.7969269752502441 2.780883312225342 0.3057042956352234 2.4751789569854736 0.7570495009422302 
1.9432259798049927 2.846318244934082 0.32447412610054016 2.5218441486358643 0.8058387041091919 
1.7849220037460327 2.729003429412842 0.298857182264328 2.4301462173461914 0.7395251989364624 
1.9160258769989014 2.7798378467559814 0.2973118722438812 2.4825258255004883 0.7321918606758118 
1.6973215341567993 2.7184860706329346 0.292765736579895 2.425720453262329 0.7226982116699219 
2.043257713317871 2.7594504356384277 0.30298006534576416 2.456470489501953 0.7490138411521912 
1.5708093643188477 2.7539052963256836 0.30670368671417236 2.4472014904022217 0.7614597082138062 
1.2919679880142212 2.6919751167297363 0.2911842465400696 2.4007909297943115 0.7205107808113098 
1.6949390172958374 2.712768077850342 0.2951645851135254 2.4176034927368164 0.73045414686203 
1.6227861642837524 2.770338296890259 0.3079253137111664 2.4624130725860596 0.7632716298103333 
1.688750982284546 2.7270092964172363 0.2968931198120117 2.4301161766052246 0.7338916063308716 
1.7272028923034668 2.8012707233428955 0.3146905303001404 2.4865801334381104 0.7798240184783936 
1.6993138790130615 2.8009414672851562 0.3137403726577759 2.487200975418091 0.7776476740837097 
1.942480444908142 2.800593376159668 0.32021892070770264 2.480374574661255 0.795867383480072 
2.118912696838379 2.8403985500335693 0.32224833965301514 2.5181500911712646 0.7979196906089783 
1.8855007886886597 2.7835118770599365 0.310237854719162 2.4732742309570312 0.7686343193054199 
1.776546835899353 2.810410976409912 0.32374176383018494 2.4866693019866943 0.805904746055603 
1.6590206623077393 2.765927314758301 0.30174827575683594 2.464179039001465 0.7453101277351379 
2.0545639991760254 2.7965469360351562 0.30453425645828247 2.4920127391815186 0.7504671216011047 
1.7599741220474243 2.729224681854248 0.29951563477516174 2.429708957672119 0.7410829067230225 
1.6436989307403564 2.699909210205078 0.2900514006614685 2.409857749938965 0.7166814804077148 
1.963094711303711 2.7533106803894043 0.30450311303138733 2.448807716369629 0.7530560493469238 
1.9065911769866943 2.745985984802246 0.30359911918640137 2.4423868656158447 0.7523939609527588 
1.792966365814209 2.7767505645751953 0.3177346885204315 2.4590158462524414 0.7901651859283447 
1.5189690589904785 2.698697090148926 0.2993820905685425 2.399315118789673 0.743615448474884 
1.6994445323944092 2.7642619609832764 0.30481767654418945 2.459444046020508 0.7541744709014893 
1.9762029647827148 2.80416202545166 0.32221174240112305 2.481950044631958 0.801557183265686 
1.958783745765686 2.766176462173462 0.31534543633461 2.450831174850464 0.7840132713317871 
1.7474613189697266 2.7427659034729004 0.29904600977897644 2.4437196254730225 0.7382994294166565 
1.937476634979248 2.8106436729431152 0.3101225793361664 2.500521183013916 0.7668092250823975 
1.4376890659332275 2.7188940048217773 0.2983394265174866 2.4205541610717773 0.7400354146957397 
1.7508976459503174 2.7380170822143555 0.2963436543941498 2.441673517227173 0.7318189144134521 
1.937449336051941 2.833202838897705 0.3166438043117523 2.51655912399292 0.7838001251220703 
1.8658783435821533 2.788623332977295 0.3120840787887573 2.476539134979248 0.7734974026679993 
1.6205143928527832 2.720118999481201 0.29648566246032715 2.423633098602295 0.7348001003265381 
1.7693557739257812 2.717421531677246 0.29881060123443604 2.4186108112335205 0.740764319896698 
1.5367441177368164 2.691117286682129 0.2932267487049103 2.397890567779541 0.7273483872413635 
2.0280284881591797 2.7367682456970215 0.30225613713264465 2.43451189994812 0.7492297291755676 
1.920490026473999 2.7595949172973633 0.30765193700790405 2.4519429206848145 0.7625832557678223 
1.5061964988708496 2.71138334274292 0.2891160547733307 2.422267198562622 0.7130811810493469 
1.6912496089935303 2.7250404357910156 0.3023689091205597 2.4226715564727783 0.749947726726532 
2.1338531970977783 2.8475100994110107 0.3170902132987976 2.5304198265075684 0.7853831052780151 
1.8646738529205322 2.78460693359375 0.3126695156097412 2.471937417984009 0.7745354175567627 
1.943062424659729 2.795203924179077 0.3234364986419678 2.4717674255371094 0.8045108318328857 
1.9304816722869873 2.759690999984741 0.3110315501689911 2.4486594200134277 0.7706799507141113 
2.149893045425415 2.778315305709839 0.3093273639678955 2.4689879417419434 0.7660940885543823 
1.9236491918563843 2.7926082611083984 0.3125580847263336 2.480050563812256 0.7732551097869873 
1.709706425666809 2.7492873668670654 0.30776137113571167 2.441526174545288 0.7621753215789795 
1.663912296295166 2.778567314147949 0.30377957224845886 2.474787712097168 0.750014066696167 
2.0153491497039795 2.8256192207336426 0.32026880979537964 2.505350351333618 0.7940809726715088 
1.4733103513717651 2.749753952026367 0.30288785696029663 2.446866035461426 0.7507871389389038 
1.7899473905563354 2.8094091415405273 0.3113098442554474 2.4980993270874023 0.7697851657867432 
1.8390498161315918 2.800292491912842 0.3134258985519409 2.4868664741516113 0.7764372825622559 
2.023536205291748 2.799861431121826 0.3047944903373718 2.4950671195983887 0.7500908374786377 
1.5786185264587402 2.736361503601074 0.2995104193687439 2.4368510246276855 0.7417445182800293 
1.8278663158416748 2.7881879806518555 0.31053876876831055 2.477649211883545 0.7694665193557739 
2.027156114578247 2.803757667541504 0.31546664237976074 2.4882912635803223 0.7819104194641113 
1.8509491682052612 2.7546486854553223 0.30973196029663086 2.4449164867401123 0.7692519426345825 
2.065488338470459 2.7955424785614014 0.3038043975830078 2.4917380809783936 0.7490559220314026 
1.4227572679519653 2.6743550300598145 0.29164186120033264 2.3827133178710938 0.7235648036003113 
2.1534650325775146 2.7888588905334473 0.30508947372436523 2.483769416809082 0.7528337240219116 
1.8906551599502563 2.7271318435668945 0.30276212096214294 2.4243698120117188 0.7505275011062622 
1.430794596672058 2.6968984603881836 0.2858790159225464 2.4110193252563477 0.7063049674034119 
1.9289320707321167 2.790055513381958 0.31646817922592163 2.4735872745513916 0.7854486703872681 
1.6973552703857422 2.7954330444335938 0.3019665777683258 2.49346661567688 0.7437325119972229 
1.986637830734253 2.800401210784912 0.2998776435852051 2.500523567199707 0.7386306524276733 
1.8860020637512207 2.7776694297790527 0.2575925886631012 2.5200767517089844 0.6207046508789062 
1.9957753419876099 2.83026385307312 0.3170531988143921 2.5132107734680176 0.7829820513725281 
1.6539239883422852 2.7688608169555664 0.3046662211418152 2.4641945362091064 0.7534722089767456 
2.508362054824829 2.8305840492248535 0.3154686689376831 2.51511549949646 0.7800211906433105 
1.8657574653625488 2.8198554515838623 0.3240399956703186 2.4958155155181885 0.8058812618255615 
1.8046600818634033 2.8094539642333984 0.3094401955604553 2.500013589859009 0.7644920349121094 
1.7908985614776611 2.796182632446289 0.3083019554615021 2.4878807067871094 0.7610354423522949 
2.3687350749969482 2.8677988052368164 0.32717618346214294 2.5406222343444824 0.8101751804351807 
2.0386455059051514 2.8402750492095947 0.3131190240383148 2.527156114578247 0.7719970941543579 
2.0422611236572266 2.797264337539673 0.3035823702812195 2.4936819076538086 0.749091386795044 
1.9948736429214478 2.8411107063293457 0.3163088858127594 2.5248019695281982 0.7810546159744263 
2.0285375118255615 2.860640525817871 0.3238406181335449 2.536799907684326 0.8013477325439453 
2.0134427547454834 2.873736619949341 0.3140082359313965 2.5597281455993652 0.7730746269226074 
1.6779060363769531 2.8254637718200684 0.31507062911987305 2.5103931427001953 0.7799637317657471 
1.8296594619750977 2.8510992527008057 0.32523131370544434 2.5258679389953613 0.8068608045578003 
2.0759549140930176 2.827301025390625 0.32247430086135864 2.504826545715332 0.80023592710495 
1.8224612474441528 2.830554962158203 0.3121386766433716 2.518416404724121 0.7711992263793945 
2.39420223236084 2.888561725616455 0.33595380187034607 2.552608013153076 0.834088921546936 
2.002075433731079 2.8389205932617188 0.32833290100097656 2.510587692260742 0.8165027499198914 
1.7480502128601074 2.8209125995635986 0.3236531615257263 2.4972596168518066 0.8059030771255493 
1.9449076652526855 2.76774001121521 0.31426578760147095 2.4534740447998047 0.7819864749908447 
2.067455768585205 2.804941177368164 0.32464975118637085 2.4802913665771484 0.8082742094993591 
2.0750160217285156 2.824814796447754 0.32680749893188477 2.498007297515869 0.8132928013801575 
2.0917012691497803 2.8302161693573 0.3211294412612915 2.509086847305298 0.7977222800254822 
2.2915542125701904 2.7953133583068848 0.31600749492645264 2.4793059825897217 0.783929705619812 
1.4886316061019897 2.711970806121826 0.2890242636203766 2.4229466915130615 0.7142817974090576 
2.3572402000427246 2.824404239654541 0.3157931864261627 2.5086112022399902 0.7808569669723511 
1.9166882038116455 2.774005174636841 0.3121740221977234 2.4618310928344727 0.7744624018669128 
2.0297043323516846 2.824169635772705 0.3205871284008026 2.50358247756958 0.7949489951133728 
1.7637993097305298 2.822645425796509 0.3224219083786011 2.5002236366271973 0.8022823929786682 
2.244697093963623 2.8674440383911133 0.31599974632263184 2.5514442920684814 0.7799605131149292 
2.2159321308135986 2.9215505123138428 0.3340504765510559 2.5875000953674316 0.8272532224655151 
1.9911181926727295 2.8206422328948975 0.3152208924293518 2.5054211616516113 0.779212474822998 
2.019846200942993 2.875190258026123 0.32127293944358826 2.553917407989502 0.793337881565094 
2.168851375579834 2.9107556343078613 0.33504718542099 2.5757083892822266 0.8301188945770264 
2.006394386291504 2.862260341644287 0.3108358085155487 2.551424741744995 0.7646403312683105 
1.699517011642456 2.8047194480895996 0.30623018741607666 2.4984893798828125 0.7546145915985107 
2.031991958618164 2.8817577362060547 0.3314670920372009 2.550290584564209 0.8224028944969177 
2.295478343963623 2.8336119651794434 0.32368454337120056 2.509927272796631 0.8020569086074829 
2.178295612335205 2.8439624309539795 0.30219656229019165 2.5417656898498535 0.7413378953933716 
1.8241959810256958 2.8253185749053955 0.30790987610816956 2.517408609390259 0.7589333057403564 
2.1984663009643555 2.9095797538757324 0.3303189277648926 2.57926082611084 0.8180944919586182 
2.142857551574707 2.9442336559295654 0.34068843722343445 2.603545665740967 0.8445088863372803 
2.1752045154571533 2.8121373653411865 0.3203691840171814 2.4917681217193604 0.7939642667770386 
1.9112679958343506 2.8704121112823486 0.3298562467098236 2.540555953979492 0.8189806938171387 
1.9073147773742676 2.8104870319366455 0.3207456171512604 2.489741325378418 0.7965712547302246 
1.4711434841156006 2.7575228214263916 0.3098178505897522 2.447705030441284 0.7701371312141418 
2.077420234680176 2.853914260864258 0.3239995241165161 2.5299148559570312 0.8034870624542236 
1.7630116939544678 2.7670936584472656 0.3137725591659546 2.4533209800720215 0.7800644636154175 
1.9458847045898438 2.8391122817993164 0.3211328685283661 2.517979621887207 0.7957703471183777 
2.172309398651123 2.87637996673584 0.32224059104919434 2.5541393756866455 0.7965014576911926 
1.7510528564453125 2.8002138137817383 0.3187527656555176 2.4814610481262207 0.7917742133140564 
1.8095920085906982 2.750164270401001 0.2959253191947937 2.4542391300201416 0.7292447090148926 
2.0179033279418945 2.8247463703155518 0.30999621748924255 2.5147502422332764 0.7655957341194153 
1.6596020460128784 2.781219482421875 0.30812788009643555 2.4730916023254395 0.7630937099456787 
2.0089449882507324 2.7661361694335938 0.30878400802612305 2.4573521614074707 0.7654863595962524 
1.9770106077194214 2.796182632446289 0.31469646096229553 2.4814863204956055 0.7786599397659302 
1.9090025424957275 2.786043643951416 0.305968701839447 2.480074882507324 0.756301760673523 
1.742622971534729 2.7905259132385254 0.309755802154541 2.4807701110839844 0.766562819480896 
1.7223234176635742 2.764662265777588 0.3044162392616272 2.4602458477020264 0.7533262968063354 
2.193049907684326 2.7694056034088135 0.3022039532661438 2.4672017097473145 0.745518147945404 
1.7948552370071411 2.788609743118286 0.30933159589767456 2.479278087615967 0.7652803659439087 
1.8835170269012451 2.844226121902466 0.318050742149353 2.526175022125244 0.7855467796325684 
1.71315336227417 2.8569788932800293 0.31302309036254883 2.5439558029174805 0.7723809480667114 
1.5753543376922607 2.7576379776000977 0.30102407932281494 2.4566142559051514 0.744148850440979 
1.6663172245025635 2.770519733428955 0.30264317989349365 2.467876672744751 0.7480044364929199 
1.5435380935668945 2.702172040939331 0.2944209575653076 2.4077508449554443 0.7281876802444458 
1.773233413696289 2.7760791778564453 0.3013816475868225 2.4746975898742676 0.7433052062988281 
1.5941457748413086 2.7296345233917236 0.2992939054965973 2.430340528488159 0.7406935691833496 
2.1549222469329834 2.8516664505004883 0.3255711793899536 2.526095390319824 0.8073825240135193 
1.5397197008132935 2.699990749359131 0.29745227098464966 2.402538776397705 0.7375538349151611 
1.73728346824646 2.7048563957214355 0.30532246828079224 2.399533987045288 0.7590814828872681 
1.771765112876892 2.6923983097076416 0.3033098876476288 2.3890881538391113 0.755405843257904 
1.6124489307403564 2.706617593765259 0.2927035391330719 2.413914203643799 0.7230375409126282 
1.858536720275879 2.7442684173583984 0.3039873540401459 2.4402809143066406 0.7536256313323975 
1.6913084983825684 2.6929588317871094 0.2987675070762634 2.3941915035247803 0.7414277791976929 
1.637995958328247 2.6783010959625244 0.29085657000541687 2.387444496154785 0.7197557091712952 
2.111225128173828 2.8164114952087402 0.3056334853172302 2.5107779502868652 0.7540167570114136 
1.8915798664093018 2.705885887145996 0.3028545379638672 2.403031349182129 0.7513597011566162 
1.6473747491836548 2.74735689163208 0.2975544333457947 2.4498023986816406 0.7342878580093384 
1.6627408266067505 2.7085752487182617 0.29798033833503723 2.410594940185547 0.7373324632644653 
1.5868393182754517 2.6994481086730957 0.2988044023513794 2.400643825531006 0.7421237230300903 
1.8120746612548828 2.752377510070801 0.3000103235244751 2.4523673057556152 0.7423524856567383 
2.2352349758148193 2.8008711338043213 0.32320183515548706 2.4776692390441895 0.8036525845527649 
1.8235962390899658 2.778648853302002 0.3110763430595398 2.4675726890563965 0.770263671875 
1.5530498027801514 2.755798101425171 0.2989743947982788 2.4568238258361816 0.7377049922943115 
2.2157135009765625 2.8432188034057617 0.3225831687450409 2.5206356048583984 0.7989138960838318 
2.1676907539367676 2.8478078842163086 0.3231237530708313 2.524684190750122 0.8001093864440918 
1.8679627180099487 2.7644240856170654 0.3068706691265106 2.4575533866882324 0.7604045271873474 
2.034090995788574 2.8689727783203125 0.3281277120113373 2.5408449172973633 0.8136208057403564 
1.7203850746154785 2.7635509967803955 0.3112300634384155 2.4523210525512695 0.772778332233429 
1.8848650455474854 2.769052505493164 0.31184321641921997 2.457209587097168 0.7731273174285889 
1.5867880582809448 2.704878330230713 0.29317110776901245 2.4117069244384766 0.7246832847595215 
1.6925971508026123 2.755136013031006 0.31395161151885986 2.4411845207214355 0.781496524810791 
1.7418718338012695 2.8264918327331543 0.3208343982696533 2.505657196044922 0.7965843677520752 
2.0279154777526855 2.7626113891601562 0.30783623456954956 2.454774856567383 0.762100875377655 
1.6389966011047363 2.725717544555664 0.3003941476345062 2.425323486328125 0.7439607381820679 
2.1963744163513184 2.814145565032959 0.3206660747528076 2.4934797286987305 0.7973587512969971 
2.252692222595215 2.7367498874664307 0.2984336316585541 2.4383163452148438 0.7367849946022034 
1.643831729888916 2.7600646018981934 0.2978549897670746 2.462209463119507 0.7356434464454651 
1.8469135761260986 2.768299102783203 0.3099043369293213 2.458394765853882 0.7692465782165527 
2.3727211952209473 2.897212505340576 0.3264026641845703 2.570809841156006 0.8082135915756226 
2.0677311420440674 2.8206517696380615 0.3283455967903137 2.4923062324523926 0.8166179656982422 
1.8478143215179443 2.8188557624816895 0.3165711760520935 2.502284526824951 0.7846813797950745 
1.6666679382324219 2.7497963905334473 0.30368906259536743 2.4461073875427246 0.7520749568939209 
2.1240944862365723 2.709738254547119 0.2925666570663452 2.4171714782714844 0.7223497629165649 
1.8981986045837402 2.8446526527404785 0.3184819519519806 2.5261707305908203 0.7874244451522827 
1.7526748180389404 2.787440776824951 0.3066033124923706 2.48083758354187 0.758468747138977 
2.169922351837158 2.870950698852539 0.31621748208999634 2.5547330379486084 0.7786680459976196 
2.2481565475463867 2.8613147735595703 0.3239167332649231 2.537397861480713 0.800643801689148 
1.898815393447876 2.7682318687438965 0.3051722049713135 2.463059902191162 0.7543346881866455 
1.7808520793914795 2.8193089962005615 0.31122252345085144 2.5080864429473877 0.7689324617385864 
2.0060245990753174 2.8675954341888428 0.3265587091445923 2.54103684425354 0.8098704814910889 
1.8513671159744263 2.8422625064849854 0.3115800619125366 2.5306825637817383 0.7673689126968384 
1.6299386024475098 2.8083279132843018 0.31535089015960693 2.492976665496826 0.7820321917533875 
1.9497675895690918 2.7926108837127686 0.30952906608581543 2.483081817626953 0.765548825263977 
1.5651065111160278 2.7412686347961426 0.29333066940307617 2.4479382038116455 0.723746120929718 
1.5425910949707031 2.69625186920166 0.3006233870983124 2.3956284523010254 0.7473008632659912 
1.736067771911621 2.7704343795776367 0.30824699997901917 2.4621875286102295 0.7633860111236572 
1.4413758516311646 2.728048801422119 0.2918590307235718 2.436189651489258 0.7207313776016235 
1.9221546649932861 2.7979416847229004 0.32314711809158325 2.474794387817383 0.8035469651222229 
1.6498631238937378 2.7335143089294434 0.3032376766204834 2.430276393890381 0.7526122331619263 
2.4133660793304443 2.7796854972839355 0.3181573748588562 2.4615280628204346 0.7903528213500977 
1.7253504991531372 2.766909599304199 0.3073465824127197 2.4595627784729004 0.7617534399032593 
2.3143153190612793 2.8293399810791016 0.3178212344646454 2.511518955230713 0.7873876690864563 
1.753788948059082 2.7581419944763184 0.30462613701820374 2.4535155296325684 0.7537999153137207 
1.7125880718231201 2.7101545333862305 0.2908821702003479 2.419271945953369 0.7178827524185181 
1.4902851581573486 2.6980338096618652 0.2926197648048401 2.40541410446167 0.7235867381095886 
2.2714579105377197 2.8161354064941406 0.30787965655326843 2.50825572013855 0.7603806853294373 
1.732642412185669 2.772501230239868 0.2958133816719055 2.4766879081726074 0.7284260988235474 
1.7012537717819214 2.711498975753784 0.2900543510913849 2.4214446544647217 0.7152106761932373 
1.7608928680419922 2.819586992263794 0.3125407099723816 2.5070464611053467 0.7726649045944214 
1.5491962432861328 2.7966182231903076 0.3101961314678192 2.486422061920166 0.7683981657028198 
2.0761539936065674 2.896597385406494 0.3283748924732208 2.5682225227355957 0.8133378624916077 
1.9093823432922363 2.769627571105957 0.3022153973579407 2.467411994934082 0.744895339012146 
1.5770776271820068 2.790363311767578 0.3027969002723694 2.4875664710998535 0.7472423315048218 
2.010916233062744 2.772139549255371 0.30979326367378235 2.462346076965332 0.7679698467254639 
1.780893087387085 2.795208692550659 0.30113208293914795 2.494076728820801 0.7419196367263794 
1.5414929389953613 2.7227773666381836 0.3024994134902954 2.4202778339385986 0.7512059807777405 
1.9880125522613525 2.8277604579925537 0.32754847407341003 2.5002119541168213 0.815351128578186 
1.7038013935089111 2.730569839477539 0.3072924017906189 2.4232773780822754 0.7637153267860413 
1.8595956563949585 2.7683935165405273 0.3143715262413025 2.45402193069458 0.782721757888794 
1.799196720123291 2.798367500305176 0.31972479820251465 2.478642702102661 0.7952892780303955 
1.7924312353134155 2.736732244491577 0.31334981322288513 2.423382520675659 0.7791646718978882 
1.6116900444030762 2.752014636993408 0.2962900996208191 2.4557247161865234 0.7305073142051697 
1.8422729969024658 2.7420129776000977 0.2959620952606201 2.4460506439208984 0.7304878830909729 
1.6418254375457764 2.7338600158691406 0.30077362060546875 2.433086395263672 0.7459666728973389 
1.9628137350082397 2.799363136291504 0.3153938055038452 2.483969211578369 0.7822200655937195 
1.5520472526550293 2.699470043182373 0.2957526743412018 2.403717041015625 0.7327858209609985 
1.5564074516296387 2.721062183380127 0.30382364988327026 2.417238712310791 0.7543012499809265 
1.4796992540359497 2.691082000732422 0.29137173295021057 2.3997104167938232 0.7215100526809692 
1.820246934890747 2.7741870880126953 0.3035430312156677 2.470644474029541 0.7493515610694885 
1.634987473487854 2.6683788299560547 0.2922668159008026 2.3761119842529297 0.7242454290390015 
1.496638536453247 2.7500007152557373 0.30120334029197693 2.4487974643707275 0.7461393475532532 
1.6931463479995728 2.6980438232421875 0.29598456621170044 2.4020590782165527 0.7336055636405945 
1.6894673109054565 2.755857467651367 0.30435702204704285 2.451500415802002 0.7533944845199585 
1.6502070426940918 2.7224645614624023 0.2969220280647278 2.4255428314208984 0.7354849576950073 
1.5531175136566162 2.670541763305664 0.29720404744148254 2.373337745666504 0.7384548783302307 
1.6703932285308838 2.716400146484375 0.2943820655345917 2.422018051147461 0.7272528409957886 
1.732450246810913 2.754908561706543 0.3112470209598541 2.443661689758301 0.772773265838623 
1.4491560459136963 2.694268226623535 0.2914102375507355 2.402858257293701 0.7208102941513062 
1.7097375392913818 2.722682476043701 0.2953328788280487 2.42734956741333 0.7297137379646301 
1.9916504621505737 2.7702412605285645 0.3088393807411194 2.46140193939209 0.7641474008560181 
1.7823941707611084 2.7348179817199707 0.3077182173728943 2.4270997047424316 0.7646249532699585 
2.505466938018799 2.89704966545105 0.33384111523628235 2.56320858001709 0.8288724422454834 
1.8665403127670288 2.7972002029418945 0.32075828313827515 2.4764416217803955 0.7966794967651367 
2.3157873153686523 2.911710739135742 0.32587599754333496 2.5858347415924072 0.80466628074646 
1.6576569080352783 2.71085786819458 0.2967826724052429 2.4140753746032715 0.7341621518135071 
1.633631944656372 2.739068031311035 0.30804210901260376 2.431025981903076 0.7661166191101074 
1.4667422771453857 2.7033588886260986 0.30102789402008057 2.4023311138153076 0.7478513717651367 
1.8063085079193115 2.7421844005584717 0.30861836671829224 2.433566093444824 0.766272783279419 
1.659278154373169 2.7475264072418213 0.3026699125766754 2.444856643676758 0.7495705485343933 
1.8483538627624512 2.757150650024414 0.3086788058280945 2.448472023010254 0.7648589015007019 
1.8173184394836426 2.753821849822998 0.3035741448402405 2.4502477645874023 0.7515468597412109 
1.4984939098358154 2.7241568565368652 0.3000231683254242 2.424133777618408 0.7440038919448853 
1.6064883470535278 2.7548744678497314 0.3029191195964813 2.4519553184509277 0.7500917911529541 
1.9245669841766357 2.8174619674682617 0.30949410796165466 2.507967948913574 0.7650189995765686 
1.6784052848815918 2.758492946624756 0.3075704574584961 2.4509222507476807 0.7631440162658691 
1.6535370349884033 2.7216544151306152 0.2896191477775574 2.432035446166992 0.713172435760498 
1.6347399950027466 2.7549145221710205 0.29404109716415405 2.4608733654022217 0.7234429121017456 
1.7754966020584106 2.741178035736084 0.30152004957199097 2.439657688140869 0.7461779117584229 
1.5318470001220703 2.646263837814331 0.29393014311790466 2.3523335456848145 0.7307745218276978 
1.7943120002746582 2.6492695808410645 0.28983062505722046 2.3594393730163574 0.718774139881134 
1.5908772945404053 2.6960320472717285 0.29875504970550537 2.3972771167755127 0.7417932748794556 
1.5814573764801025 2.6946229934692383 0.2917079031467438 2.4029152393341064 0.7213653326034546 
1.5844128131866455 2.72135329246521 0.2963685691356659 2.4249846935272217 0.7326096296310425 
1.8411736488342285 2.7252824306488037 0.29758134484291077 2.427700996398926 0.7367099523544312 
1.857075810432434 2.7470898628234863 0.30430614948272705 2.442783832550049 0.7547441124916077 
1.8134088516235352 2.7987401485443115 0.3142051100730896 2.4845352172851562 0.7790532112121582 
1.6918089389801025 2.7163219451904297 0.30002865195274353 2.4162936210632324 0.7443560361862183 
1.1881698369979858 2.6037092208862305 0.2708331048488617 2.332876205444336 0.668346643447876 
1.7516140937805176 2.685615062713623 0.29743942618370056 2.3881757259368896 0.7382104396820068 
1.8783528804779053 2.8256993293762207 0.3228223919868469 2.5028772354125977 0.8011269569396973 
1.6927419900894165 2.736170768737793 0.30523210763931274 2.430938720703125 0.7581523656845093 
1.7122955322265625 2.746886730194092 0.30378955602645874 2.4430971145629883 0.7531607747077942 
1.8937790393829346 2.7715587615966797 0.31343260407447815 2.4581260681152344 0.7782280445098877 
1.9057420492172241 2.8101706504821777 0.31759804487228394 2.49257230758667 0.7886501550674438 
1.4697157144546509 2.6815457344055176 0.28888893127441406 2.3926568031311035 0.7154031991958618 
1.6489139795303345 2.7527854442596436 0.29947054386138916 2.453314781188965 0.7401279807090759 
1.4892934560775757 2.6534337997436523 0.2837800979614258 2.3696537017822266 0.7021980285644531 
1.7312175035476685 2.7054975032806396 0.2955811321735382 2.409916400909424 0.7309823632240295 
2.1200459003448486 2.753183364868164 0.30900371074676514 2.4441795349121094 0.7661301493644714 
1.585766315460205 2.741034984588623 0.29658737778663635 2.4444475173950195 0.7323932647705078 
1.6142889261245728 2.760404586791992 0.31070980429649353 2.4496946334838867 0.7721157073974609 
1.72151517868042 2.7460732460021973 0.30741414427757263 2.438659191131592 0.7638833522796631 
1.4027819633483887 2.680121898651123 0.2820357382297516 2.3980860710144043 0.6945820450782776 
1.6865917444229126 2.731848955154419 0.3060758113861084 2.4257731437683105 0.7595329284667969 
1.5051612854003906 2.689697027206421 0.2969225347042084 2.3927745819091797 0.7362874746322632 
1.7341856956481934 2.6858065128326416 0.29375600814819336 2.3920505046844482 0.7275354266166687 
1.4141229391098022 2.6727705001831055 0.28699564933776855 2.385774850845337 0.7092667818069458 
1.558182954788208 2.674548625946045 0.2868640124797821 2.3876845836639404 0.7088745832443237 
1.3252249956130981 2.6322431564331055 0.28475573658943176 2.347487449645996 0.7059996128082275 
1.6513006687164307 2.746424436569214 0.30202460289001465 2.444399833679199 0.7472162246704102 
1.5596394538879395 2.6739501953125 0.2915034294128418 2.382446527481079 0.7227063775062561 
1.936521291732788 2.7231411933898926 0.3032218813896179 2.419919490814209 0.7517515420913696 
2.0582563877105713 2.7229561805725098 0.30452606081962585 2.4184300899505615 0.7553576231002808 
1.297991156578064 2.630703926086426 0.28150588274002075 2.3491978645324707 0.6965962052345276 
1.9825875759124756 2.7840561866760254 0.3165278434753418 2.4675281047821045 0.7866907119750977 
1.676459789276123 2.6880879402160645 0.29790404438972473 2.390183925628662 0.7387394905090332 
2.1609809398651123 2.7523655891418457 0.2995312213897705 2.452834367752075 0.73863285779953 
1.6295254230499268 2.7167718410491943 0.292607843875885 2.424163818359375 0.7226632237434387 
1.7372770309448242 2.7451863288879395 0.30196475982666016 2.4432215690612793 0.7468116283416748 
1.7301647663116455 2.7291488647460938 0.2964931130409241 2.4326558113098145 0.732661247253418 
1.6279633045196533 2.667726755142212 0.2872386574745178 2.380488157272339 0.7111561298370361 
2.089576482772827 2.80098557472229 0.3157833218574524 2.4852023124694824 0.7811324596405029 
1.8114678859710693 2.70245099067688 0.29510125517845154 2.4073495864868164 0.7299519181251526 
1.7562541961669922 2.734152317047119 0.30025750398635864 2.433894634246826 0.7435866594314575 
1.6958657503128052 2.7220211029052734 0.29832592606544495 2.4236950874328613 0.7392634153366089 
1.7980501651763916 2.7470052242279053 0.30462396144866943 2.4423813819885254 0.7544723749160767 
1.6292601823806763 2.7101802825927734 0.29473093152046204 2.415449380874634 0.7290338277816772 
2.2366793155670166 2.789046049118042 0.3111026883125305 2.477943181991577 0.7703778743743896 
1.9257218837738037 2.817429542541504 0.3164174258708954 2.5010123252868652 0.7830873727798462 
1.6602897644042969 2.7266058921813965 0.3032954931259155 2.4233102798461914 0.7519709467887878 
1.616673231124878 2.748044967651367 0.3006361126899719 2.447408676147461 0.7435890436172485 
1.9888566732406616 2.827009439468384 0.32469406723976135 2.5023155212402344 0.8067668676376343 
2.0940957069396973 2.840501308441162 0.31013649702072144 2.530364990234375 0.7637726068496704 
1.9063754081726074 2.8155839443206787 0.31133759021759033 2.504246234893799 0.7695029973983765 
1.9541382789611816 2.7702367305755615 0.307428777217865 2.4628078937530518 0.7592504024505615 
1.5860974788665771 2.768580198287964 0.31006550788879395 2.45851469039917 0.7694274187088013 
1.9673750400543213 2.749626636505127 0.3108869194984436 2.438739538192749 0.7718687057495117 
1.7698023319244385 2.7698545455932617 0.3112037479877472 2.458650588989258 0.7716003656387329 
1.8319867849349976 2.762500762939453 0.30099940299987793 2.4615015983581543 0.7439801692962646 
2.0756216049194336 2.808346748352051 0.30558207631111145 2.5027647018432617 0.7520925998687744 
1.695003867149353 2.7624990940093994 0.30899715423583984 2.4535021781921387 0.7667022943496704 
1.9802292585372925 2.7995948791503906 0.310565710067749 2.4890294075012207 0.7669310569763184 
1.719313621520996 2.749911308288574 0.2992721199989319 2.450639247894287 0.7394170761108398 
1.6036592721939087 2.706310987472534 0.2866605818271637 2.4196505546569824 0.7065960764884949 
1.841649055480957 2.7260754108428955 0.30128002166748047 2.424795150756836 0.7465224266052246 
1.662380576133728 2.756481885910034 0.2944696545600891 2.4620120525360107 0.7239993810653687 
1.7387340068817139 2.7879068851470947 0.30818814039230347 2.4797186851501465 0.762273371219635 
1.8031346797943115 2.751114845275879 0.31415337324142456 2.4369614124298096 0.7823800444602966 
1.726149559020996 2.7488741874694824 0.3084565997123718 2.440417528152466 0.7646927833557129 
1.7383805513381958 2.7660059928894043 0.3164061903953552 2.4495999813079834 0.7867780923843384 
1.920353651046753 2.8336188793182373 0.32191115617752075 2.5117075443267822 0.7990683317184448 
1.7272076606750488 2.717278480529785 0.30457156896591187 2.4127068519592285 0.7573771476745605 
1.9671142101287842 2.807008743286133 0.31856149435043335 2.4884471893310547 0.7907846570014954 
1.7045917510986328 2.749948024749756 0.3101407289505005 2.439807415008545 0.7720596194267273 
1.7973134517669678 2.7332863807678223 0.30315324664115906 2.4301328659057617 0.7515014410018921 
1.781908631324768 2.8011934757232666 0.312387615442276 2.4888057708740234 0.7736857533454895 
1.7516143321990967 2.7184062004089355 0.3029806613922119 2.4154257774353027 0.7516269683837891 
1.5502896308898926 2.6593446731567383 0.2933383285999298 2.366006374359131 0.7290815114974976 
1.5019803047180176 2.719242572784424 0.3009592294692993 2.418283224105835 0.7478682994842529 
1.7631182670593262 2.815763235092163 0.31054091453552246 2.5052225589752197 0.7669892907142639 
1.65543532371521 2.770740509033203 0.3055415153503418 2.4651989936828613 0.7566616535186768 
1.7435508966445923 2.753848075866699 0.30694299936294556 2.4469051361083984 0.7621856927871704 
1.7479455471038818 2.723738670349121 0.3033808171749115 2.4203579425811768 0.752684473991394 
1.5792906284332275 2.6848411560058594 0.28905344009399414 2.3957877159118652 0.7146377563476562 
1.5243443250656128 2.698594570159912 0.29110023379325867 2.407494068145752 0.7194972634315491 
1.654839038848877 2.7596254348754883 0.3080933690071106 2.4515318870544434 0.7636641263961792 
1.773701786994934 2.6805520057678223 0.2936626374721527 2.3868894577026367 0.7276085615158081 
1.4518035650253296 2.651671886444092 0.28179121017456055 2.3698806762695312 0.6955646276473999 
1.556199073791504 2.707334518432617 0.29222261905670166 2.415111780166626 0.7216384410858154 
2.0507359504699707 2.7944252490997314 0.31787604093551636 2.4765491485595703 0.7886718511581421 
1.2734360694885254 2.612490653991699 0.2807423174381256 2.3317484855651855 0.6957716941833496 
2.0506811141967773 2.728285789489746 0.30315008759498596 2.425135850906372 0.7502654790878296 
1.284881591796875 2.6394424438476562 0.2842164635658264 2.3552260398864746 0.703859806060791 
1.4792454242706299 2.6399612426757812 0.2839341163635254 2.356027126312256 0.7022244334220886 
1.9359720945358276 2.7433841228485107 0.3107408583164215 2.432643175125122 0.7716758251190186 
1.5961707830429077 2.6452338695526123 0.2816305160522461 2.363603353500366 0.6950409412384033 
1.7397570610046387 2.716096878051758 0.2951768934726715 2.420919895172119 0.73040771484375 
1.5711761713027954 2.6736674308776855 0.2882433831691742 2.3854241371154785 0.713826060295105 
1.782207727432251 2.7792272567749023 0.3079780638217926 2.4712491035461426 0.7627877593040466 
1.7700345516204834 2.732719898223877 0.3050585389137268 2.427661418914795 0.7563794851303101 
1.735374927520752 2.6818456649780273 0.2918708920478821 2.389974594116211 0.7220188975334167 
1.2228004932403564 2.602151393890381 0.274949312210083 2.327202081680298 0.6809334754943848 
1.522973895072937 2.6594207286834717 0.28412172198295593 2.3752989768981934 0.7020202875137329 
1.448825716972351 2.687448263168335 0.28056007623672485 2.406888246536255 0.6901273727416992 
1.262031078338623 2.633371353149414 0.2831727862358093 2.350198745727539 0.7009463310241699 
1.6057543754577637 2.718987464904785 0.2897745370864868 2.429213047027588 0.714910089969635 
1.6859712600708008 2.6667916774749756 0.2885017693042755 2.3782899379730225 0.713909387588501 
1.783900499343872 2.7283716201782227 0.29183241724967957 2.4365391731262207 0.7198753356933594 
1.9612619876861572 2.6937148571014404 0.2997746467590332 2.3939402103424072 0.7445358633995056 
1.2453372478485107 2.6250386238098145 0.2825995981693268 2.3424386978149414 0.7002120018005371 
1.8058762550354004 2.764011859893799 0.3088160753250122 2.455195665359497 0.7656799554824829 
1.769279956817627 2.7375807762145996 0.3050120174884796 2.4325687885284424 0.7563154101371765 
2.2279326915740967 2.8799448013305664 0.3290367126464844 2.550908088684082 0.8166975378990173 
1.5948245525360107 2.701444149017334 0.29588252305984497 2.4055614471435547 0.7329903841018677 
1.52104651927948 2.7036643028259277 0.30017828941345215 2.4034857749938965 0.7457249164581299 
1.903735637664795 2.7143502235412598 0.2859647870063782 2.4283854961395264 0.7036804556846619 
1.537060260772705 2.6611626148223877 0.2910918593406677 2.370070457458496 0.7217267155647278 
1.624995231628418 2.7366819381713867 0.30754828453063965 2.429133653640747 0.7641079425811768 
1.9932365417480469 2.7844414710998535 0.308391809463501 2.4760499000549316 0.7640674114227295 
1.6033883094787598 2.7535061836242676 0.306513249874115 2.446992874145508 0.7602910995483398 
1.6468322277069092 2.7310714721679688 0.30336031317710876 2.427711009979248 0.7519389986991882 
1.669754147529602 2.7331435680389404 0.30227649211883545 2.4308671951293945 0.7495315074920654 
1.5647438764572144 2.7596962451934814 0.3078392744064331 2.451857089996338 0.7647938132286072 
1.53880774974823 2.6932811737060547 0.2937384843826294 2.3995423316955566 0.7288727164268494 
1.4016833305358887 2.7029881477355957 0.2933506369590759 2.409637689590454 0.7267102003097534 
2.0886104106903076 2.7784571647644043 0.30896803736686707 2.469489336013794 0.7655134797096252 
1.7912019491195679 2.777010917663574 0.31255996227264404 2.4644508361816406 0.7767561674118042 
1.7382876873016357 2.7502756118774414 0.3066334128379822 2.4436421394348145 0.7595003843307495 
1.8348244428634644 2.7703633308410645 0.3077391982078552 2.4626240730285645 0.7619338631629944 
2.106607675552368 2.783681869506836 0.30539584159851074 2.4782862663269043 0.7555179595947266 
1.738444209098816 2.702531576156616 0.2973640561103821 2.405167579650879 0.737293541431427 
1.8948192596435547 2.690758466720581 0.30402037501335144 2.386737823486328 0.7566475868225098 
1.753490924835205 2.7371551990509033 0.3026876151561737 2.4344677925109863 0.7495851516723633 
2.0341694355010986 2.823382616043091 0.3234352767467499 2.4999473094940186 0.803329586982727 
1.5535695552825928 2.6882705688476562 0.28491199016571045 2.4033584594726562 0.7041492462158203 
1.589969277381897 2.723506450653076 0.296082466840744 2.4274239540100098 0.731109082698822 
2.0940542221069336 2.804689884185791 0.31491342186927795 2.489776372909546 0.7789825201034546 
2.368354320526123 2.8163466453552246 0.3172779679298401 2.4990687370300293 0.785033106803894 
1.6546164751052856 2.7280352115631104 0.30407512187957764 2.423959970474243 0.7546954154968262 
1.503126859664917 2.731156349182129 0.29341909289360046 2.437737226486206 0.7237802743911743 
2.0700438022613525 2.852743625640869 0.3292577862739563 2.5234856605529785 0.8168643712997437 
1.9165499210357666 2.8335771560668945 0.321800172328949 2.511776924133301 0.797991156578064 
1.6131339073181152 2.748873472213745 0.3037340044975281 2.4451396465301514 0.752953290939331 
2.1446268558502197 2.802569627761841 0.3029026389122009 2.499667167663574 0.74583899974823 
1.6347436904907227 2.7369065284729004 0.3018186092376709 2.4350876808166504 0.7469640374183655 
1.7178943157196045 2.7756729125976562 0.30999287962913513 2.4656801223754883 0.767645001411438 
2.218153476715088 2.8012356758117676 0.308942973613739 2.492292881011963 0.7636986970901489 
1.506171464920044 2.7221646308898926 0.2961803078651428 2.4259843826293945 0.7322134971618652 
1.2148483991622925 2.673985481262207 0.28549009561538696 2.388495445251465 0.7061129808425903 
1.4860268831253052 2.6778159141540527 0.2885489761829376 2.3892669677734375 0.7140771150588989 
1.706009030342102 2.7152976989746094 0.30226680636405945 2.4130311012268066 0.7496129870414734 
2.0974156856536865 2.823058605194092 0.3104175627231598 2.512641191482544 0.7665179967880249 
1.8897778987884521 2.782409191131592 0.3070770502090454 2.475332260131836 0.758315920829773 
1.6002671718597412 2.6803243160247803 0.2975744903087616 2.3827500343322754 0.7396271824836731 
1.8224997520446777 2.7518723011016846 0.31299394369125366 2.4388785362243652 0.7763462662696838 
1.7828717231750488 2.710716485977173 0.3013933002948761 2.409323215484619 0.7465582489967346 
1.9742228984832764 2.7034950256347656 0.2996257245540619 2.403869152069092 0.742189884185791 
1.693447232246399 2.6772611141204834 0.2959982752799988 2.38126277923584 0.7348107099533081 
1.5404419898986816 2.7334952354431152 0.2969815135002136 2.4365134239196777 0.7343056201934814 
1.784730315208435 2.701934337615967 0.29414474964141846 2.407789707183838 0.7278861403465271 
2.04610538482666 2.8003549575805664 0.316264271736145 2.484090566635132 0.7840832471847534 
1.4270466566085815 2.69895076751709 0.29791826009750366 2.4010329246520996 0.739526093006134 
1.6632925271987915 2.717313051223755 0.3042660355567932 2.4130468368530273 0.7552880048751831 
1.4874680042266846 2.7260501384735107 0.2977464199066162 2.4283037185668945 0.7360022068023682 
1.6492042541503906 2.6910791397094727 0.2885780334472656 2.402501106262207 0.7130700349807739 
2.0744147300720215 2.8064560890197754 0.31116974353790283 2.495286226272583 0.7692924737930298 
1.4846670627593994 2.6604437828063965 0.28526514768600464 2.375178337097168 0.7047983407974243 
1.5145914554595947 2.745455265045166 0.30030933022499084 2.445146083831787 0.7435440421104431 
1.4757697582244873 2.691038131713867 0.2839755117893219 2.4070627689361572 0.6994370222091675 
1.3000189065933228 2.6893653869628906 0.2886841893196106 2.400681257247925 0.7141001224517822 
1.4205806255340576 2.739866256713867 0.29368841648101807 2.4461779594421387 0.7260007858276367 
1.625425100326538 2.723165988922119 0.3021402955055237 2.4210257530212402 0.7496774196624756 
1.7777200937271118 2.7829954624176025 0.3114328980445862 2.471562623977661 0.7712842226028442 
1.9542126655578613 2.7531192302703857 0.30560481548309326 2.447514533996582 0.757440447807312 
1.6229510307312012 2.7235355377197266 0.3012639880180359 2.422271490097046 0.7473664283752441 
1.7512913942337036 2.7024006843566895 0.3022793233394623 2.4001216888427734 0.7501423358917236 
1.4668396711349487 2.64509916305542 0.28251588344573975 2.3625831604003906 0.6978652477264404 
1.5194016695022583 2.636776924133301 0.28762805461883545 2.349148750305176 0.7134476900100708 
1.6356112957000732 2.6798338890075684 0.29138171672821045 2.3884522914886475 0.7222778797149658 
1.7793582677841187 2.7498199939727783 0.2967894375324249 2.453030586242676 0.7328563928604126 
1.6591928005218506 2.6813371181488037 0.28703951835632324 2.3942975997924805 0.7076057195663452 
1.5898020267486572 2.6847219467163086 0.29404860734939575 2.3906731605529785 0.728007435798645 
1.7150357961654663 2.7175889015197754 0.2981523275375366 2.419436454772949 0.7399439215660095 
1.6524672508239746 2.725475311279297 0.3024140000343323 2.4230613708496094 0.7500239610671997 
1.811702847480774 2.67911434173584 0.2963486909866333 2.382765769958496 0.7350221872329712 
1.5322327613830566 2.6514573097229004 0.2834455072879791 2.368011951446533 0.7012205123901367 
1.4641058444976807 2.660693883895874 0.2919195890426636 2.368774652481079 0.7244765758514404 
1.2727724313735962 2.636993408203125 0.27961719036102295 2.3573760986328125 0.6908683776855469 
1.815711259841919 2.7076196670532227 0.29293131828308105 2.4146883487701416 0.7239515781402588 
1.4397282600402832 2.6495425701141357 0.28038448095321655 2.3691582679748535 0.6922609806060791 
1.6305172443389893 2.6825430393218994 0.2952119708061218 2.387331008911133 0.7320330142974854 
1.878239631652832 2.7149291038513184 0.30455827713012695 2.4103708267211914 0.7561833262443542 
1.7938555479049683 2.670271158218384 0.2978745400905609 2.372396469116211 0.740273118019104 
1.6573306322097778 2.737394094467163 0.3069382309913635 2.4304559230804443 0.762475311756134 
1.7136919498443604 2.674980401992798 0.29717400670051575 2.3778064250946045 0.7378126978874207 
1.4475417137145996 2.6574387550354004 0.2889542579650879 2.3684844970703125 0.7161779999732971 
1.7044334411621094 2.7576117515563965 0.3098198473453522 2.447791814804077 0.7698959112167358 
1.869688630104065 2.7581262588500977 0.3122243881225586 2.445901870727539 0.775068998336792 
1.986303687095642 2.7601094245910645 0.3090903162956238 2.451019048690796 0.7663393616676331 
2.1648006439208984 2.7827775478363037 0.3140691816806793 2.4687082767486572 0.7782613635063171 
1.9687093496322632 2.775355815887451 0.318319708108902 2.4570364952087402 0.7901554107666016 
1.2993767261505127 2.6419310569763184 0.2730843424797058 2.368846893310547 0.6730072498321533 
1.9314947128295898 2.6803395748138428 0.28747043013572693 2.392869234085083 0.7095508575439453 
1.6893278360366821 2.6673243045806885 0.2816285192966461 2.385695695877075 0.6934962272644043 
1.338497281074524 2.64617919921875 0.2841542959213257 2.3620245456695557 0.7032139897346497 
1.3136500120162964 2.6453990936279297 0.28452542424201965 2.3608736991882324 0.7038438320159912 
1.6513793468475342 2.6415905952453613 0.28929072618484497 2.352299928665161 0.717320442199707 
1.4359047412872314 2.6476011276245117 0.28396686911582947 2.3636341094970703 0.7020699381828308 
2.3005876541137695 2.9048690795898438 0.3272579610347748 2.5776114463806152 0.8097655177116394 
2.025157928466797 2.8307676315307617 0.3198840916156769 2.5108835697174072 0.7930523157119751 
1.9582746028900146 2.7848854064941406 0.31079113483428955 2.4740939140319824 0.7698109745979309 
1.6958438158035278 2.7255897521972656 0.29964953660964966 2.4259400367736816 0.7415791749954224 
1.8097341060638428 2.7513632774353027 0.3108590841293335 2.4405040740966797 0.7711123824119568 
1.592651605606079 2.69010591506958 0.30221471190452576 2.3878912925720215 0.7512319684028625 
1.5492405891418457 2.753800392150879 0.3002546429634094 2.453545570373535 0.742974042892456 
1.8460235595703125 2.738399028778076 0.30089306831359863 2.4375059604644775 0.7440237998962402 
1.580307126045227 2.698434829711914 0.2940502166748047 2.4043846130371094 0.7273745536804199 
1.39259672164917 2.6506848335266113 0.28511595726013184 2.3655686378479004 0.7066251039505005 
1.8166149854660034 2.7368288040161133 0.30454981327056885 2.432279109954834 0.7549976110458374 
1.8463679552078247 2.7983896732330322 0.31195068359375 2.486438751220703 0.7719113826751709 
1.7096418142318726 2.732974052429199 0.3085508942604065 2.4244232177734375 0.7675132155418396 
1.6226853132247925 2.709540843963623 0.30456483364105225 2.4049758911132812 0.756872296333313 
1.7284305095672607 2.706481695175171 0.2889116406440735 2.417570114135742 0.7138124704360962 
1.7476292848587036 2.704765796661377 0.2955021858215332 2.4092636108398438 0.7315027713775635 
1.8859138488769531 2.781498432159424 0.30722516775131226 2.474273204803467 0.7600746750831604 
1.6218986511230469 2.7186708450317383 0.2954707145690918 2.4232003688812256 0.7315524816513062 
1.500580072402954 2.7307143211364746 0.29693740606307983 2.43377685546875 0.7351464033126831 
1.803792119026184 2.7862002849578857 0.3154292702674866 2.470771074295044 0.7833640575408936 
1.7623705863952637 2.752593994140625 0.3086063861846924 2.4439876079559326 0.7661423683166504 
1.8228404521942139 2.702221155166626 0.2861568331718445 2.4160642623901367 0.705033004283905 
1.2888537645339966 2.7248916625976562 0.29141026735305786 2.4334816932678223 0.7202541828155518 
1.3558363914489746 2.642963409423828 0.28313761949539185 2.359825611114502 0.700002908706665 
1.712435245513916 2.715320348739624 0.30130526423454285 2.414015054702759 0.7463197708129883 
1.8470590114593506 2.735970973968506 0.3050752878189087 2.4308958053588867 0.7564612627029419 
1.664162278175354 2.7808549404144287 0.3117566704750061 2.4690980911254883 0.7741595506668091 
1.1932934522628784 2.6166930198669434 0.2739211320877075 2.3427720069885254 0.6759041547775269 
1.682961344718933 2.6710429191589355 0.28999245166778564 2.3810503482818604 0.7174416780471802 
1.8059494495391846 2.768021583557129 0.31228873133659363 2.455732822418213 0.7740830183029175 
1.4958243370056152 2.713249683380127 0.29144182801246643 2.4218077659606934 0.7204787731170654 
1.6952338218688965 2.676833152770996 0.294992059469223 2.381840944290161 0.7334187030792236 
2.082231044769287 2.763340950012207 0.3078088164329529 2.4555320739746094 0.7618967294692993 
1.5815836191177368 2.719322919845581 0.29495877027511597 2.4243640899658203 0.7293249368667603 
1.6805379390716553 2.7206084728240967 0.3026282489299774 2.417980194091797 0.7503741979598999 
1.9939854145050049 2.808610439300537 0.3208499550819397 2.487760543823242 0.7963584661483765 
1.9122802019119263 2.761129856109619 0.307444304227829 2.4536855220794678 0.7615674138069153 
1.817850112915039 2.7470903396606445 0.30066895484924316 2.4464213848114014 0.7448811531066895 
1.6175594329833984 2.6820545196533203 0.29816579818725586 2.3838887214660645 0.7404104471206665 
1.5642098188400269 2.7241439819335938 0.3020274043083191 2.422116756439209 0.7496615648269653 
1.5897026062011719 2.6969528198242188 0.2900657057762146 2.4068872928619385 0.7190287113189697 
1.7420644760131836 2.7933268547058105 0.3066277801990509 2.486699104309082 0.7574407458305359 
1.7063556909561157 2.740891456604004 0.30340513586997986 2.437486171722412 0.7522443532943726 
1.5922867059707642 2.771009683609009 0.3086433410644531 2.4623663425445557 0.7653807401657104 
1.564718246459961 2.6940648555755615 0.2908483147621155 2.403216600418091 0.7191392183303833 
1.6628328561782837 2.7506771087646484 0.30712461471557617 2.4435524940490723 0.7619301676750183 
1.8263039588928223 2.7871646881103516 0.3154401481151581 2.471724510192871 0.7820082306861877 
1.463375449180603 2.739985942840576 0.2998744249343872 2.4401116371154785 0.7427396178245544 
1.6290154457092285 2.73610520362854 0.3002961277961731 2.4358091354370117 0.7434539198875427 
1.7014825344085693 2.7787561416625977 0.3114055097103119 2.467350482940674 0.7723565101623535 
1.7083377838134766 2.7127487659454346 0.29716062545776367 2.41558837890625 0.7358945608139038 
1.5852911472320557 2.7135791778564453 0.29281121492385864 2.4207677841186523 0.7236961722373962 
1.329541802406311 2.664353370666504 0.2895088195800781 2.374844551086426 0.7182145118713379 
1.702115774154663 2.706697940826416 0.2992479205131531 2.4074501991271973 0.7427101731300354 
1.763923168182373 2.7178072929382324 0.2998783588409424 2.417928695678711 0.7431553602218628 
1.7327849864959717 2.709610939025879 0.30332422256469727 2.4062867164611816 0.7535145282745361 
1.518418550491333 2.6206741333007812 0.28775933384895325 2.3329148292541504 0.7147015333175659 
1.1875176429748535 2.5971622467041016 0.2772507965564728 2.319911479949951 0.6870628595352173 
1.600379228591919 2.6813712120056152 0.2946506142616272 2.3867201805114746 0.7295283675193787 
1.4410600662231445 2.655000925064087 0.28974997997283936 2.365251064300537 0.7192185521125793 
1.2474749088287354 2.5787696838378906 0.2798924744129181 2.298877477645874 0.6953564286231995 
1.3387573957443237 2.5369417667388916 0.26387232542037964 2.273069381713867 0.6526269316673279 
1.6384503841400146 2.663076877593994 0.28898000717163086 2.3740968704223633 0.7156273126602173 
1.14414644241333 2.55318021774292 0.26576775312423706 2.287412643432617 0.6583935022354126 
1.518294095993042 2.59380841255188 0.2732048034667969 2.320603847503662 0.6744753122329712 
1.4700407981872559 2.6204824447631836 0.2805221378803253 2.3399603366851807 0.6937909126281738 
1.3111371994018555 2.5927257537841797 0.2759576439857483 2.316768169403076 0.683181643486023 
1.750546932220459 2.7277886867523193 0.29867643117904663 2.429112434387207 0.7396676540374756 
1.9144506454467773 2.6998486518859863 0.2968687415122986 2.402979850769043 0.7358512878417969 
1.4917223453521729 2.6402511596679688 0.2812896966934204 2.358961582183838 0.6953459978103638 
1.5485692024230957 2.6700425148010254 0.2918698191642761 2.3781726360321045 0.7228209972381592 
1.2321103811264038 2.6077823638916016 0.2767103612422943 2.3310720920562744 0.6846706867218018 
1.1409659385681152 2.6171317100524902 0.28258395195007324 2.334547519683838 0.7018556594848633 
1.479453682899475 2.6011714935302734 0.27772772312164307 2.32344388961792 0.6871081590652466 
1.68949294090271 2.7114288806915283 0.30241623520851135 2.409012794494629 0.7504598498344421 
1.7267682552337646 2.6703920364379883 0.2947244346141815 2.3756675720214844 0.7320335507392883 
1.286912202835083 2.6169161796569824 0.2839033603668213 2.333012819290161 0.7046319842338562 
1.9429857730865479 2.7659473419189453 0.31357985734939575 2.4523673057556152 0.778542160987854 
1.590797781944275 2.7576000690460205 0.2944350838661194 2.463165044784546 0.7253996133804321 
1.8404595851898193 2.732820987701416 0.3003333508968353 2.432487964630127 0.7421733140945435 
1.5506486892700195 2.640252113342285 0.2870291471481323 2.3532230854034424 0.7114956974983215 
1.3690271377563477 2.6988608837127686 0.2960348427295685 2.4028260707855225 0.7340075373649597 
1.6246888637542725 2.6879146099090576 0.29241853952407837 2.395496129989624 0.7236952781677246 
1.6500365734100342 2.7286148071289062 0.2944793105125427 2.4341354370117188 0.7271196246147156 
1.5466843843460083 2.741597890853882 0.30339276790618896 2.4382052421569824 0.7520787715911865 
1.6752312183380127 2.6891415119171143 0.29482707381248474 2.3943142890930176 0.7308753132820129 
1.5197484493255615 2.6911327838897705 0.2990003824234009 2.39213228225708 0.7429821491241455 
1.5063718557357788 2.701211929321289 0.29459720849990845 2.4066147804260254 0.7300259470939636 
1.127480387687683 2.619884490966797 0.28128042817115784 2.338603973388672 0.6982705593109131 
2.030251979827881 2.7993826866149902 0.3154168128967285 2.4839656352996826 0.7836509346961975 
1.6930427551269531 2.7457704544067383 0.3062048554420471 2.439565658569336 0.7588058710098267 
1.5224859714508057 2.7028002738952637 0.29533034563064575 2.4074697494506836 0.7316474914550781 
1.830448865890503 2.678572177886963 0.29346632957458496 2.385105609893799 0.7273315191268921 
1.5683708190917969 2.6751554012298584 0.28736743330955505 2.3877878189086914 0.710671067237854 
1.5288629531860352 2.6359634399414062 0.2820834517478943 2.353879928588867 0.6980056762695312 
1.4130325317382812 2.7021970748901367 0.2964674234390259 2.4057297706604004 0.7360963225364685 
1.7821152210235596 2.7412045001983643 0.30546796321868896 2.4357361793518066 0.7568057775497437 
1.7712092399597168 2.6930105686187744 0.30007249116897583 2.3929381370544434 0.7447908520698547 
1.8395466804504395 2.8112668991088867 0.32207009196281433 2.48919677734375 0.8008787035942078 
1.680505394935608 2.657158851623535 0.28550100326538086 2.3716578483581543 0.7064148187637329 
1.3148527145385742 2.645826578140259 0.284096896648407 2.361729621887207 0.7033648490905762 
1.4333267211914062 2.6732916831970215 0.28516891598701477 2.388123035430908 0.7036393284797668 
1.5804673433303833 2.67183518409729 0.2838718891143799 2.38796329498291 0.7006622552871704 
1.4920387268066406 2.653712034225464 0.2874681353569031 2.366243839263916 0.7113233804702759 
1.4058244228363037 2.6630451679229736 0.28491246700286865 2.3781328201293945 0.7042876482009888 
1.382035493850708 2.698892116546631 0.293672114610672 2.4052200317382812 0.7271279096603394 
1.5299725532531738 2.673337697982788 0.29407817125320435 2.3792595863342285 0.7301118969917297 
1.6484556198120117 2.6915760040283203 0.30120551586151123 2.3903703689575195 0.7488763332366943 
1.6854796409606934 2.6834781169891357 0.3007829785346985 2.382695198059082 0.7475749850273132 
1.753338098526001 2.687925100326538 0.29752907156944275 2.3903961181640625 0.7394933700561523 
1.3339886665344238 2.6014034748077393 0.2794994115829468 2.321904182434082 0.6934962272644043 
1.3677605390548706 2.6260015964508057 0.28075623512268066 2.345245361328125 0.6962860822677612 
1.2143062353134155 2.581575870513916 0.268125981092453 2.3134498596191406 0.6620991230010986 
1.4796040058135986 2.6633739471435547 0.28486931324005127 2.378504753112793 0.7037860155105591 
1.5967926979064941 2.6374006271362305 0.2817535400390625 2.355647087097168 0.6973217129707336 
1.933809757232666 2.710514783859253 0.30486100912094116 2.405653953552246 0.7565733194351196 
1.8054028749465942 2.7450919151306152 0.3004784882068634 2.444613218307495 0.7426052093505859 
1.3512412309646606 2.5686662197113037 0.2701570689678192 2.298509120941162 0.669182538986206 
1.6117842197418213 2.723206043243408 0.30549001693725586 2.4177160263061523 0.758596658706665 
2.0392134189605713 2.764124631881714 0.3126046657562256 2.4515199661254883 0.7763463258743286 
1.457507610321045 2.671860456466675 0.28474879264831543 2.3871116638183594 0.7031970024108887 
1.592179536819458 2.740079164505005 0.2969682812690735 2.443110942840576 0.7347376346588135 
1.325307846069336 2.6371686458587646 0.2840307056903839 2.353137969970703 0.7037895917892456 
1.470041275024414 2.6761951446533203 0.29400211572647095 2.382193088531494 0.7295114994049072 
1.7872083187103271 2.801161289215088 0.3139728307723999 2.4871883392333984 0.7772976160049438 
1.8069448471069336 2.750002145767212 0.30310121178627014 2.4469010829925537 0.7497081756591797 
1.365044116973877 2.657816171646118 0.28893977403640747 2.3688759803771973 0.7167819738388062 
1.5292785167694092 2.675814628601074 0.29213112592697144 2.383683681488037 0.7244230508804321 
1.3009908199310303 2.628905773162842 0.2738645374774933 2.355041027069092 0.6753921508789062 
1.4945423603057861 2.6996803283691406 0.2971689701080322 2.4025111198425293 0.7370272874832153 
1.8887996673583984 2.703439235687256 0.30181315541267395 2.4016261100769043 0.7496681809425354 
1.4236900806427002 2.6774210929870605 0.2918180525302887 2.385603189468384 0.7231969833374023 
1.699645757675171 2.747809886932373 0.3045487701892853 2.44326114654541 0.7541314363479614 
1.9762040376663208 2.7379422187805176 0.30875447392463684 2.429187774658203 0.7666176557540894 
1.8830513954162598 2.72375750541687 0.3065272569656372 2.4172301292419434 0.761429488658905 
1.7421627044677734 2.736591339111328 0.30340105295181274 2.43319034576416 0.7514761686325073 
1.7798840999603271 2.7709054946899414 0.3095976710319519 2.461308002471924 0.7684109210968018 
1.664002537727356 2.6203274726867676 0.2786329388618469 2.3416943550109863 0.6890437602996826 
1.6462411880493164 2.688575267791748 0.28668469190597534 2.401890277862549 0.7077061533927917 
1.701135277748108 2.71407151222229 0.3031421899795532 2.4109292030334473 0.7521622180938721 
1.8383591175079346 2.670419931411743 0.29111650586128235 2.379303216934204 0.720931351184845 
1.8766305446624756 2.7821497917175293 0.304892897605896 2.477257013320923 0.7540103197097778 
1.7810711860656738 2.762913465499878 0.30792880058288574 2.454984664916992 0.7626675963401794 
1.8757152557373047 2.805635929107666 0.3114124536514282 2.4942235946655273 0.7704110741615295 
1.4692330360412598 2.674372434616089 0.29154884815216064 2.3828234672546387 0.7226370573043823 
1.6398649215698242 2.691173553466797 0.2964252829551697 2.3947482109069824 0.7334983348846436 
1.6020026206970215 2.6697611808776855 0.2923195958137512 2.37744140625 0.7235816121101379 
1.4548978805541992 2.688673496246338 0.292497843503952 2.3961758613586426 0.7250064611434937 
1.5331661701202393 2.6560556888580322 0.2853730320930481 2.370682716369629 0.7065277099609375 
1.5764763355255127 2.6892244815826416 0.2941087782382965 2.395115852355957 0.7289333343505859 
1.606088638305664 2.714383840560913 0.3069847822189331 2.4073991775512695 0.7640615105628967 
1.5938388109207153 2.678500175476074 0.29103392362594604 2.3874664306640625 0.7214756011962891 
2.4139392375946045 2.793379068374634 0.3182246685028076 2.475154399871826 0.7901207804679871 
1.5243983268737793 2.682849407196045 0.29611948132514954 2.3867299556732178 0.7352415323257446 
1.5159270763397217 2.695734739303589 0.2948112487792969 2.400923728942871 0.7315325736999512 
1.5681828260421753 2.7334847450256348 0.3013206422328949 2.432164192199707 0.745667576789856 
1.5627774000167847 2.624093532562256 0.27980363368988037 2.344290018081665 0.690121054649353 
1.3825774192810059 2.660330295562744 0.28879374265670776 2.3715364933013916 0.7162320613861084 
1.5238456726074219 2.609135627746582 0.2639479637145996 2.3451876640319824 0.6482133865356445 
1.6616028547286987 2.67379093170166 0.2893809974193573 2.3844099044799805 0.7147760987281799 
1.689924716949463 2.72310733795166 0.29971733689308167 2.4233899116516113 0.7426530718803406 
1.5041593313217163 2.680976390838623 0.2917288541793823 2.3892476558685303 0.7230345010757446 
1.7421059608459473 2.727404832839966 0.3029981255531311 2.4244065284729004 0.7522539496421814 
1.8972532749176025 2.703286647796631 0.2958071827888489 2.4074792861938477 0.7324840426445007 
1.7329261302947998 2.7307255268096924 0.2984350621700287 2.432290554046631 0.7367652058601379 
1.8550106287002563 2.7793774604797363 0.3115808963775635 2.467796564102173 0.7736742496490479 
1.5489223003387451 2.6973841190338135 0.2971213459968567 2.4002628326416016 0.7364208102226257 
1.729410171508789 2.7171850204467773 0.2992442846298218 2.417940616607666 0.7414803504943848 
1.6076931953430176 2.706817150115967 0.29283279180526733 2.413984537124634 0.7234337329864502 
1.6547765731811523 2.7444305419921875 0.30774712562561035 2.436683177947998 0.7643768787384033 
1.5737876892089844 2.711456060409546 0.30288082361221313 2.4085752964019775 0.7527920007705688 
1.6811861991882324 2.691800355911255 0.3007313907146454 2.391068935394287 0.7463899254798889 
1.3924591541290283 2.688244104385376 0.2888731360435486 2.3993706703186035 0.7131857872009277 
1.698146104812622 2.7444746494293213 0.3061487078666687 2.438325881958008 0.7594003677368164 
1.9790856838226318 2.731431007385254 0.29666703939437866 2.4347636699676514 0.7329160571098328 
1.6913881301879883 2.7747273445129395 0.3082086443901062 2.4665186405181885 0.7631971836090088 
1.3864390850067139 2.639693260192871 0.283059298992157 2.3566341400146484 0.7007783651351929 
1.1820228099822998 2.6410231590270996 0.28296172618865967 2.3580613136291504 0.7017098665237427 
1.8473092317581177 2.72413969039917 0.29306191205978394 2.431077480316162 0.7218688726425171 
1.7568390369415283 2.7568235397338867 0.3003975749015808 2.4564261436462402 0.7421693801879883 
2.0062613487243652 2.6788125038146973 0.2931864559650421 2.3856260776519775 0.7270820140838623 
1.3765980005264282 2.6384294033050537 0.28407442569732666 2.3543548583984375 0.702173113822937 
1.3938121795654297 2.699159622192383 0.29443737864494324 2.404722213745117 0.7297972440719604 
1.6046912670135498 2.6569929122924805 0.28580594062805176 2.371187210083008 0.7072232961654663 
1.594679832458496 2.6873114109039307 0.2989126145839691 2.3883986473083496 0.7418816089630127 
1.777288794517517 2.7162082195281982 0.3023430407047272 2.413865089416504 0.7507912516593933 
1.8106452226638794 2.7750790119171143 0.31530165672302246 2.459777355194092 0.7832337617874146 
1.358987808227539 2.6360888481140137 0.27931228280067444 2.356776714324951 0.6905571222305298 
1.7561886310577393 2.70343017578125 0.2932947278022766 2.4101357460021973 0.7257328033447266 
1.4661848545074463 2.667189121246338 0.29018905758857727 2.376999855041504 0.7186281085014343 
1.4729715585708618 2.648440361022949 0.29139310121536255 2.3570475578308105 0.7234369516372681 
1.4166622161865234 2.6333491802215576 0.27705836296081543 2.356290817260742 0.6839190721511841 
1.733176589012146 2.728843927383423 0.30213841795921326 2.4267053604125977 0.7490357160568237 
1.438403844833374 2.6611294746398926 0.2883676290512085 2.3727617263793945 0.7139660716056824 
1.77109956741333 2.6783244609832764 0.28827017545700073 2.39005446434021 0.7131965756416321 
1.3717961311340332 2.638002634048462 0.2824590802192688 2.355543613433838 0.6983460187911987 
1.5508517026901245 2.6665828227996826 0.2868177592754364 2.379765033721924 0.7102821469306946 
1.9462056159973145 2.808478355407715 0.31029462814331055 2.4981837272644043 0.7675197124481201 
1.4032678604125977 2.667363166809082 0.28862178325653076 2.3787412643432617 0.714478611946106 
1.564910888671875 2.667354106903076 0.28606003522872925 2.3812942504882812 0.7078516483306885 
1.6303369998931885 2.659219741821289 0.29430797696113586 2.3649117946624756 0.7307512760162354 
1.7519831657409668 2.6215691566467285 0.28461897373199463 2.3369503021240234 0.7042829394340515 
1.4723291397094727 2.6507070064544678 0.2920781075954437 2.358628988265991 0.7265236377716064 
1.8016107082366943 2.7255988121032715 0.30794867873191833 2.4176502227783203 0.7650414705276489 
1.8779327869415283 2.7406458854675293 0.3070424497127533 2.4336037635803223 0.7607275247573853 
1.5816071033477783 2.6302571296691895 0.2887621819972992 2.3414950370788574 0.7159810662269592 
1.5502458810806274 2.672748565673828 0.29376375675201416 2.3789846897125244 0.7267956137657166 
1.4389979839324951 2.6360788345336914 0.28278204798698425 2.353296995162964 0.6988860964775085 
1.62984299659729 2.655898332595825 0.28727608919143677 2.368622064590454 0.7124446630477905 
1.8015778064727783 2.704259157180786 0.30209213495254517 2.402167320251465 0.7483318448066711 
1.7779481410980225 2.662637233734131 0.29409876465797424 2.3685386180877686 0.7279639840126038 
1.4521247148513794 2.6090264320373535 0.28266552090644836 2.3263607025146484 0.701194167137146 
1.4635251760482788 2.6151580810546875 0.2825677692890167 2.332590341567993 0.7005848288536072 
1.882930040359497 2.699692964553833 0.29322439432144165 2.406468391418457 0.7238730192184448 
1.5749998092651367 2.7120397090911865 0.29950541257858276 2.412534236907959 0.7418026924133301 
1.6306829452514648 2.7367870807647705 0.3033096194267273 2.4334776401519775 0.7504923343658447 
1.748996376991272 2.7101211547851562 0.29921871423721313 2.410902500152588 0.7416391372680664 
1.5436553955078125 2.656555652618408 0.29195719957351685 2.364598274230957 0.724428117275238 
1.4441094398498535 2.7015156745910645 0.2948285639286041 2.4066872596740723 0.7298871278762817 
1.5283931493759155 2.666431188583374 0.2928657531738281 2.373565435409546 0.7265839576721191 
1.2432093620300293 2.5448546409606934 0.2665252685546875 2.278329372406006 0.6600772142410278 
1.3274312019348145 2.5605132579803467 0.2707136869430542 2.289799451828003 0.6701140403747559 
1.5436561107635498 2.6550097465515137 0.2887169122695923 2.366292953491211 0.7155554890632629 
1.376200556755066 2.589939594268799 0.27332043647766113 2.316619396209717 0.6761402487754822 
1.6817917823791504 2.640408515930176 0.28937339782714844 2.3510351181030273 0.717951238155365 
1.4946404695510864 2.659109115600586 0.293700635433197 2.365408420562744 0.7295385003089905 
1.5594176054000854 2.597025156021118 0.286391019821167 2.310634136199951 0.7121222615242004 
1.760758638381958 2.6936609745025635 0.3009931445121765 2.392667770385742 0.7475203275680542 
1.7408438920974731 2.639374256134033 0.285855233669281 2.3535189628601074 0.7093257904052734 
1.5468153953552246 2.673222541809082 0.2905270457267761 2.382695436477661 0.7199467420578003 
1.6116065979003906 2.6553566455841064 0.28352299332618713 2.3718338012695312 0.7007757425308228 
1.3428781032562256 2.6153295040130615 0.2787962853908539 2.336533308029175 0.6895102858543396 
1.2412948608398438 2.5724549293518066 0.27663344144821167 2.29582142829895 0.6864495277404785 
1.6321125030517578 2.6628360748291016 0.2940855026245117 2.36875057220459 0.72971510887146 
1.2390289306640625 2.5741310119628906 0.2708193063735962 2.303311824798584 0.6700109839439392 
1.5029523372650146 2.7463183403015137 0.30422794818878174 2.4420905113220215 0.7548434138298035 
1.5635228157043457 2.6487796306610107 0.28275829553604126 2.3660213947296143 0.6990591287612915 
1.463205337524414 2.677851676940918 0.2882426977157593 2.389608860015869 0.7120093703269958 
1.623901605606079 2.6792149543762207 0.2862110137939453 2.3930039405822754 0.7084939479827881 
1.7771764993667603 2.689969539642334 0.2938050925731659 2.3961644172668457 0.7264508605003357 
1.59877347946167 2.6362733840942383 0.28661441802978516 2.349658966064453 0.7103414535522461 
1.8286913633346558 2.7833871841430664 0.3124535083770752 2.470933675765991 0.7748174667358398 
1.422585129737854 2.6553456783294678 0.2852835953235626 2.3700618743896484 0.7061402797698975 
1.5907138586044312 2.706037998199463 0.29896923899650574 2.4070687294006348 0.7419461607933044 
2.017889976501465 2.766280174255371 0.299397349357605 2.4668831825256348 0.7400503754615784 
1.7060476541519165 2.693898916244507 0.2970086932182312 2.396890163421631 0.7356553673744202 
1.6468677520751953 2.6623401641845703 0.2900783121585846 2.3722615242004395 0.7171877026557922 
1.9961460828781128 2.7530698776245117 0.31336545944213867 2.439704418182373 0.7772196531295776 
1.4810125827789307 2.7056148052215576 0.2975969612598419 2.408017873764038 0.7389242649078369 
1.5859336853027344 2.76316499710083 0.30166029930114746 2.4615046977996826 0.7448862791061401 
1.8736271858215332 2.79262113571167 0.30701959133148193 2.4856016635894775 0.7571120262145996 
1.82252836227417 2.7404980659484863 0.30382299423217773 2.4366748332977295 0.7527134418487549 
1.6361982822418213 2.6822171211242676 0.29424017667770386 2.387977123260498 0.7285161018371582 
1.5782699584960938 2.761162281036377 0.29734063148498535 2.4638214111328125 0.73321932554245 
1.532213568687439 2.7152256965637207 0.2919292151927948 2.4232964515686035 0.7202126979827881 
1.5377511978149414 2.7475953102111816 0.3062725365161896 2.4413228034973145 0.7599806785583496 
1.3391302824020386 2.7072341442108154 0.2925494611263275 2.414684772491455 0.7238798141479492 
1.6805391311645508 2.7081525325775146 0.3023780584335327 2.4057743549346924 0.7507443428039551 
1.0593547821044922 2.5287551879882812 0.267051637172699 2.2617034912109375 0.6627244353294373 
1.7178406715393066 2.664611577987671 0.29553115367889404 2.3690803050994873 0.7331885099411011 
1.5792585611343384 2.677554130554199 0.2877567410469055 2.3897974491119385 0.710620641708374 
1.7686805725097656 2.753757953643799 0.306853711605072 2.4469046592712402 0.7601824998855591 
1.5978809595108032 2.6453540325164795 0.2879994809627533 2.3573546409606934 0.7153173089027405 
1.5804405212402344 2.7119007110595703 0.2987022399902344 2.413198471069336 0.7415633201599121 
1.8062127828598022 2.715437173843384 0.305999219417572 2.409437894821167 0.7605658769607544 
1.497180461883545 2.640263557434082 0.2846001982688904 2.355663299560547 0.7043501138687134 
1.711734414100647 2.7036309242248535 0.30143681168556213 2.402193784713745 0.748885452747345 
1.6187013387680054 2.650850534439087 0.29035019874572754 2.3605003356933594 0.720441460609436 
1.0761516094207764 2.5760202407836914 0.27025941014289856 2.3057608604431152 0.6693991422653198 
1.3422194719314575 2.6194639205932617 0.28714048862457275 2.3323230743408203 0.7142351269721985 
1.6410150527954102 2.6396963596343994 0.2917320728302002 2.347964286804199 0.7251153588294983 
1.6376066207885742 2.677996873855591 0.296977162361145 2.3810195922851562 0.7371331453323364 
1.7537912130355835 2.6827893257141113 0.29480254650115967 2.387986660003662 0.7306424379348755 
1.2974014282226562 2.623906135559082 0.2745698094367981 2.349336624145508 0.6774206161499023 
1.1206786632537842 2.5934174060821533 0.2716587781906128 2.32175874710083 0.6729406118392944 
1.3842957019805908 2.639798164367676 0.2790910601615906 2.3607070446014404 0.689434289932251 
1.5964076519012451 2.6466875076293945 0.284853458404541 2.3618342876434326 0.7053462862968445 
2.037713050842285 2.7675061225891113 0.3107697367668152 2.4567365646362305 0.7710598707199097 
1.472001314163208 2.6227869987487793 0.2807810306549072 2.342005729675293 0.6949660778045654 
1.546998381614685 2.6520676612854004 0.2886884808540344 2.3633790016174316 0.7147018909454346 
1.673689603805542 2.7397873401641846 0.3033573627471924 2.436429977416992 0.7523212432861328 
1.6639786958694458 2.7452473640441895 0.31033140420913696 2.4349160194396973 0.771307110786438 
1.4032464027404785 2.662619113922119 0.29102033376693726 2.371598720550537 0.7217763066291809 
1.613848328590393 2.6826255321502686 0.2961231470108032 2.386502504348755 0.7338845729827881 
1.5437538623809814 2.6657986640930176 0.29305171966552734 2.3727469444274902 0.7266615033149719 
1.6405376195907593 2.710063934326172 0.29862457513809204 2.4114394187927246 0.739219069480896 
1.6089720726013184 2.7044577598571777 0.2973286509513855 2.4071292877197266 0.7362669110298157 
1.6169151067733765 2.7282631397247314 0.302835613489151 2.4254274368286133 0.750566840171814 
1.3330692052841187 2.591362237930298 0.2781268060207367 2.3132355213165283 0.6886026263237 
1.5808753967285156 2.627992868423462 0.283735454082489 2.3442575931549072 0.7025092840194702 
1.474350094795227 2.63502836227417 0.28237390518188477 2.352654457092285 0.69952392578125 
1.211090326309204 2.5952439308166504 0.27146169543266296 2.323782205581665 0.670842170715332 
1.3179130554199219 2.5753390789031982 0.27053776383399963 2.3048014640808105 0.6692928075790405 
1.311470627784729 2.551826000213623 0.27264463901519775 2.279181480407715 0.6760154962539673 
1.2891336679458618 2.5416646003723145 0.2666594386100769 2.2750051021575928 0.6603115200996399 
1.689764142036438 2.693793296813965 0.2998836636543274 2.393909454345703 0.744053304195404 
1.571638584136963 2.6342129707336426 0.28844335675239563 2.3457698822021484 0.7151716947555542 
1.6118539571762085 2.6436750888824463 0.2821027636528015 2.361572265625 0.6986587643623352 
1.5499327182769775 2.665977954864502 0.2960312068462372 2.3699467182159424 0.7353948354721069 
1.7203971147537231 2.670320987701416 0.29354268312454224 2.3767783641815186 0.726982831954956 
1.5572491884231567 2.662421703338623 0.2851267457008362 2.3772950172424316 0.7055641412734985 
1.656480073928833 2.704585552215576 0.301587849855423 2.4029974937438965 0.7474430799484253 
1.4545483589172363 2.6583352088928223 0.28279203176498413 2.3755431175231934 0.697975218296051 
1.4195349216461182 2.6165900230407715 0.2777378261089325 2.3388519287109375 0.6867827773094177 
1.5656030178070068 2.682309150695801 0.29438334703445435 2.387925863265991 0.7302379012107849 
1.8889188766479492 2.726322889328003 0.2927248477935791 2.433598041534424 0.7213785648345947 
1.2004791498184204 2.5897397994995117 0.27154088020324707 2.3181986808776855 0.6716020107269287 
1.3252465724945068 2.620969295501709 0.2753776013851166 2.3455915451049805 0.6803916692733765 
1.4769198894500732 2.6640357971191406 0.2906697988510132 2.373365879058838 0.7196580171585083 
1.7528070211410522 2.6902427673339844 0.2919750213623047 2.3982677459716797 0.722294807434082 
1.7566299438476562 2.7368662357330322 0.3066561818122864 2.4302098751068115 0.7617694139480591 
1.6425429582595825 2.693887710571289 0.30185288190841675 2.3920347690582275 0.7506709098815918 
1.2381600141525269 2.576411247253418 0.27264484763145447 2.3037667274475098 0.6751606464385986 
1.5721604824066162 2.6362924575805664 0.2853962779045105 2.3508963584899902 0.7077515125274658 
1.469691276550293 2.7162654399871826 0.30057424306869507 2.4156911373138428 0.7467367649078369 
1.4036483764648438 2.6579408645629883 0.28990960121154785 2.3680312633514404 0.7203742265701294 
1.4779505729675293 2.6645140647888184 0.2907410264015198 2.3737730979919434 0.720430850982666 
1.7173364162445068 2.6310505867004395 0.2874089479446411 2.343641757965088 0.7126642465591431 
1.5744526386260986 2.647566795349121 0.29423773288726807 2.3533291816711426 0.7311607599258423 
1.3232557773590088 2.631699562072754 0.27711546421051025 2.354584217071533 0.6845473051071167 
1.7027912139892578 2.6766624450683594 0.28810641169548035 2.3885560035705566 0.710736870765686 
1.568631887435913 2.7097694873809814 0.30423611402511597 2.4055333137512207 0.7554970979690552 
1.6320087909698486 2.63555908203125 0.28371328115463257 2.3518459796905518 0.7020028829574585 
1.7939990758895874 2.723815679550171 0.2995840609073639 2.42423152923584 0.7422772645950317 
1.597947597503662 2.677616596221924 0.2953678369522095 2.382248640060425 0.7327234745025635 
1.798902988433838 2.73958420753479 0.3097410202026367 2.4298434257507324 0.7686442136764526 
1.6459076404571533 2.6584067344665527 0.2909005880355835 2.3675060272216797 0.7212908267974854 
1.3347702026367188 2.6414122581481934 0.2840251326560974 2.357387065887451 0.7039318084716797 
1.1398169994354248 2.5715737342834473 0.27000272274017334 2.3015711307525635 0.6678695678710938 
2.115980625152588 2.683561325073242 0.2945232093334198 2.3890380859375 0.7298331260681152 
1.3928381204605103 2.5912981033325195 0.2767522633075714 2.3145456314086914 0.6853523254394531 
1.6610755920410156 2.6418099403381348 0.2857601046562195 2.3560497760772705 0.7070329785346985 
1.3595609664916992 2.598253011703491 0.2801194190979004 2.318133592605591 0.694609522819519 
1.5058345794677734 2.67305326461792 0.28629162907600403 2.3867616653442383 0.707666277885437 
1.3451550006866455 2.654965877532959 0.2857317626476288 2.369234085083008 0.7074622511863708 
1.2057212591171265 2.5527408123016357 0.26952701807022095 2.2832138538360596 0.6672711968421936 
1.7126917839050293 2.7192256450653076 0.3012927770614624 2.4179329872131348 0.7473605275154114 
1.6163148880004883 2.736867904663086 0.29215294122695923 2.4447150230407715 0.7198790311813354 
1.739410161972046 2.790102005004883 0.3069745898246765 2.4831275939941406 0.7594902515411377 
1.2702035903930664 2.5905086994171143 0.27580583095550537 2.3147029876708984 0.6834357380867004 
1.235697865486145 2.5951461791992188 0.27523553371429443 2.3199102878570557 0.6824698448181152 
1.7760553359985352 2.7812514305114746 0.31138354539871216 2.469867706298828 0.772882878780365 
1.723467230796814 2.75523042678833 0.29581111669540405 2.4594192504882812 0.7296120524406433 
1.4690473079681396 2.643040418624878 0.2829340398311615 2.3601064682006836 0.6995822191238403 
1.3750073909759521 2.6458256244659424 0.2891422510147095 2.3566832542419434 0.7179840803146362 
1.92108952999115 2.779677391052246 0.31523406505584717 2.4644432067871094 0.7833936214447021 
1.7462952136993408 2.6489908695220947 0.2980465292930603 2.3509442806243896 0.7410136461257935 
2.02490496635437 2.8380606174468994 0.3237684965133667 2.5142922401428223 0.8045743703842163 
1.4352327585220337 2.6369662284851074 0.2884877324104309 2.3484785556793213 0.7159438729286194 
1.5984487533569336 2.7086005210876465 0.30105137825012207 2.4075489044189453 0.7475255727767944 
1.5671510696411133 2.681544303894043 0.2951943576335907 2.386350154876709 0.7333855628967285 
1.0979381799697876 2.5975849628448486 0.2738393545150757 2.3237454891204834 0.6781076788902283 
1.638392448425293 2.7740516662597656 0.3072759807109833 2.466775894165039 0.7613692283630371 
1.7952611446380615 2.68340802192688 0.2972961664199829 2.3861117362976074 0.73727947473526 
1.4896217584609985 2.6551711559295654 0.29145076870918274 2.363720417022705 0.7236707806587219 
1.2749989032745361 2.618180274963379 0.28373396396636963 2.334446430206299 0.7048370242118835 
2.031830072402954 2.6561450958251953 0.29428794980049133 2.3618571758270264 0.7307940721511841 
1.4817986488342285 2.6059727668762207 0.2797629237174988 2.326209783554077 0.6929694414138794 
1.4839274883270264 2.7030086517333984 0.2927181124687195 2.4102907180786133 0.7237184047698975 
1.7320597171783447 2.7411482334136963 0.3065117597579956 2.434636354446411 0.7594627141952515 
1.4856414794921875 2.6702721118927 0.28840872645378113 2.381863594055176 0.7130016088485718 
1.6645653247833252 2.7674477100372314 0.30156993865966797 2.4658777713775635 0.745638906955719 
1.3747092485427856 2.644615411758423 0.2852846384048462 2.359330654144287 0.706864595413208 
1.3908627033233643 2.63651442527771 0.2850746512413025 2.351439952850342 0.7048221826553345 
1.7413523197174072 2.670456886291504 0.2905547022819519 2.3799023628234863 0.7188507318496704 
1.111853837966919 2.5833616256713867 0.26852235198020935 2.3148393630981445 0.6637531518936157 
1.6648690700531006 2.7088186740875244 0.2981094717979431 2.4107091426849365 0.7385696172714233 
1.2657058238983154 2.6070988178253174 0.28224846720695496 2.324850559234619 0.700621485710144 
1.3990740776062012 2.585871934890747 0.2775517702102661 2.3083205223083496 0.6882935762405396 
1.5174198150634766 2.673516273498535 0.2868424952030182 2.3866734504699707 0.7089992165565491 
1.3409069776535034 2.6251444816589355 0.28223100304603577 2.3429133892059326 0.6992143392562866 
1.2810240983963013 2.5870118141174316 0.2743992805480957 2.312612533569336 0.6796888113021851 
1.6820071935653687 2.6823654174804688 0.30063825845718384 2.3817267417907715 0.7473721504211426 
1.8268612623214722 2.6648006439208984 0.29445305466651917 2.3703479766845703 0.7307917475700378 
1.3802038431167603 2.632049322128296 0.2867322564125061 2.3453171253204346 0.7116972208023071 
2.264932632446289 2.7103776931762695 0.2966921329498291 2.4136855602264404 0.7351086139678955 
1.3784339427947998 2.7125048637390137 0.29557210206985474 2.4169328212738037 0.7331862449645996 
1.5721585750579834 2.6511881351470947 0.29332178831100464 2.3578662872314453 0.7280541062355042 
1.3578801155090332 2.6306095123291016 0.2789342999458313 2.351675271987915 0.6888389587402344 
1.407485842704773 2.6364502906799316 0.2795639634132385 2.356886148452759 0.6901211738586426 
1.300112009048462 2.539686679840088 0.26505038142204285 2.2746362686157227 0.6560429334640503 
1.4384329319000244 2.7067604064941406 0.2936713695526123 2.413088798522949 0.7259203195571899 
1.3907363414764404 2.5959219932556152 0.2746828496456146 2.3212389945983887 0.6793657541275024 
1.4261916875839233 2.6789708137512207 0.28911685943603516 2.3898539543151855 0.714708685874939 
1.4020733833312988 2.6431446075439453 0.28585031628608704 2.3572940826416016 0.7085187435150146 
1.426766037940979 2.688387155532837 0.292991042137146 2.3953962326049805 0.725764811038971 
1.4600995779037476 2.6905341148376465 0.29278266429901123 2.3977513313293457 0.72507643699646 
1.4762099981307983 2.640528678894043 0.2897137403488159 2.3508148193359375 0.7184208631515503 
1.4443602561950684 2.612574338912964 0.2817339301109314 2.330840587615967 0.6988452672958374 
1.6295839548110962 2.7521305084228516 0.3017866611480713 2.450343608856201 0.7478382587432861 
1.7579724788665771 2.6715097427368164 0.29350394010543823 2.3780057430267334 0.7283226251602173 
1.5968906879425049 2.6982762813568115 0.29182231426239014 2.406454086303711 0.7224246263504028 
1.478257179260254 2.6271915435791016 0.28547394275665283 2.3417177200317383 0.7077368497848511 
1.4489797353744507 2.6427173614501953 0.2890045642852783 2.353713035583496 0.7170731425285339 
1.2342112064361572 2.593045234680176 0.2762607932090759 2.316784381866455 0.6850407719612122 
1.085976243019104 2.571117401123047 0.26841646432876587 2.302700996398926 0.6633100509643555 
1.230405569076538 2.603695869445801 0.2746390700340271 2.329056739807129 0.6794024705886841 
1.326328992843628 2.5560684204101562 0.27625879645347595 2.2798097133636475 0.6862077713012695 
1.3979783058166504 2.6464524269104004 0.2910466194152832 2.355405569076538 0.7229564785957336 
1.6223502159118652 2.612900733947754 0.2885040044784546 2.3243966102600098 0.7158830165863037 
1.815183401107788 2.6545634269714355 0.2913578450679779 2.3632054328918457 0.7225972414016724 
1.733264446258545 2.6619954109191895 0.29406481981277466 2.3679306507110596 0.7297312617301941 
1.623140573501587 2.666525363922119 0.29424190521240234 2.372283458709717 0.7295702695846558 
1.329982042312622 2.5833210945129395 0.2751639485359192 2.308156967163086 0.681187093257904 
1.0306527614593506 2.4820704460144043 0.26304659247398376 2.2190237045288086 0.6536890268325806 
1.3066515922546387 2.6031930446624756 0.27306222915649414 2.3301310539245605 0.6738119721412659 
1.5120996236801147 2.717207908630371 0.3041677176952362 2.4130399227142334 0.755219578742981 
1.368796706199646 2.5914816856384277 0.28307807445526123 2.308403491973877 0.7030163407325745 
1.5093663930892944 2.5724596977233887 0.27895933389663696 2.2935004234313965 0.6925759315490723 
1.3356003761291504 2.5878853797912598 0.27179306745529175 2.3160924911499023 0.6720119714736938 
1.5417221784591675 2.6468851566314697 0.2890418469905853 2.3578433990478516 0.7161787152290344 
1.3651573657989502 2.5831775665283203 0.2763938009738922 2.306783676147461 0.6846829652786255 
1.2001314163208008 2.5421559810638428 0.2549625635147095 2.287193536758423 0.6258401870727539 
1.4638822078704834 2.660264730453491 0.29564139246940613 2.3646233081817627 0.7352359890937805 
1.282145380973816 2.5905160903930664 0.279995858669281 2.3105201721191406 0.6954450607299805 
1.4098494052886963 2.6056056022644043 0.28205084800720215 2.323554754257202 0.6994007229804993 
1.785417079925537 2.7126307487487793 0.2939779758453369 2.4186525344848633 0.7285306453704834 
1.1288968324661255 2.5704267024993896 0.26791831851005554 2.3025083541870117 0.6640293002128601 
1.5666874647140503 2.603672981262207 0.28182995319366455 2.321843147277832 0.6986657977104187 
1.4841336011886597 2.626831293106079 0.286188542842865 2.3406429290771484 0.7110066413879395 
1.494917631149292 2.633469343185425 0.28671693801879883 2.346752643585205 0.7115294933319092 
1.8573145866394043 2.6242551803588867 0.2834509015083313 2.3408045768737793 0.7017403244972229 
1.6066982746124268 2.692660093307495 0.3016723096370697 2.3909878730773926 0.7499889135360718 
2.002213716506958 2.742661952972412 0.29995104670524597 2.442711114883423 0.7422672510147095 
1.5450904369354248 2.635517120361328 0.278105229139328 2.3574118614196777 0.6861268281936646 
1.5027449131011963 2.6335554122924805 0.2827785015106201 2.3507771492004395 0.6997637748718262 
1.5459718704223633 2.7055134773254395 0.300951212644577 2.40456223487854 0.74803626537323 
1.897597312927246 2.799891948699951 0.31793081760406494 2.481961250305176 0.7887282967567444 
1.334963083267212 2.610535144805908 0.27143824100494385 2.339097023010254 0.6683439016342163 
1.801306962966919 2.7124927043914795 0.30059218406677246 2.411900520324707 0.7452260851860046 
1.8739664554595947 2.725433111190796 0.3073478937149048 2.4180850982666016 0.7623637914657593 
1.6941492557525635 2.713961362838745 0.2992721199989319 2.414689302444458 0.7413948178291321 
1.7999355792999268 2.721590757369995 0.30321991443634033 2.4183707237243652 0.751718282699585 
1.3900609016418457 2.6727747917175293 0.2897876501083374 2.3829870223999023 0.7168200016021729 
1.5389951467514038 2.6948752403259277 0.29785341024398804 2.397021770477295 0.7379210591316223 
1.3399713039398193 2.6360554695129395 0.27809253334999084 2.3579630851745605 0.6859011650085449 
1.357271671295166 2.658769369125366 0.28534138202667236 2.3734281063079834 0.7057379484176636 
1.6423320770263672 2.658684253692627 0.2922998368740082 2.366384506225586 0.7245877385139465 
1.6464205980300903 2.6761913299560547 0.29538393020629883 2.380807399749756 0.7316615581512451 
1.6390587091445923 2.6796140670776367 0.28954529762268066 2.390068769454956 0.7167106866836548 
1.4103134870529175 2.6516828536987305 0.28609737753868103 2.3655853271484375 0.7072761058807373 
1.3635644912719727 2.675522565841675 0.2884547710418701 2.3870677947998047 0.7147555947303772 
1.5539392232894897 2.608703136444092 0.2755051851272583 2.333198070526123 0.6800452470779419 
1.3853137493133545 2.5924556255340576 0.28080427646636963 2.3116514682769775 0.6967684626579285 
1.7133790254592896 2.6790249347686768 0.29378989338874817 2.385235071182251 0.728302538394928 
1.357194185256958 2.670180559158325 0.2918359637260437 2.3783445358276367 0.7251694202423096 
1.3096702098846436 2.5626726150512695 0.2670546770095825 2.2956178188323975 0.6594628095626831 
1.8565908670425415 2.6632676124572754 0.29068291187286377 2.372584342956543 0.7203367948532104 
1.7184044122695923 2.6300058364868164 0.28834861516952515 2.3416571617126465 0.7156761288642883 
1.2494219541549683 2.5913288593292236 0.2703973650932312 2.3209314346313477 0.6667572259902954 
1.5553767681121826 2.7240653038024902 0.29607343673706055 2.4279918670654297 0.732934296131134 
1.568187952041626 2.665347099304199 0.2910330891609192 2.374314308166504 0.7201697826385498 
1.3450267314910889 2.6819655895233154 0.2780078053474426 2.4039578437805176 0.6838365197181702 
1.637449860572815 2.69439435005188 0.2966715097427368 2.3977227210998535 0.7356476783752441 
1.5601561069488525 2.6263656616210938 0.2739391028881073 2.352426528930664 0.6752992868423462 
1.780273199081421 2.706972599029541 0.29787003993988037 2.4091029167175293 0.7376396656036377 
1.3369247913360596 2.649035930633545 0.2894125282764435 2.3596231937408447 0.7189414501190186 
1.4172842502593994 2.635652542114258 0.2842669188976288 2.3513855934143066 0.7033119201660156 
1.4680842161178589 2.6764416694641113 0.2994023859500885 2.3770391941070557 0.7448610067367554 
1.6315765380859375 2.700911045074463 0.30200713872909546 2.3989038467407227 0.7508586645126343 
1.6144298315048218 2.723283529281616 0.30477675795555115 2.418506622314453 0.7562307715415955 
1.3173401355743408 2.646615982055664 0.28374746441841125 2.362868309020996 0.7014084458351135 
1.4461166858673096 2.567410469055176 0.28014039993286133 2.2872700691223145 0.6962002515792847 
1.9446470737457275 2.7309350967407227 0.30837690830230713 2.422558307647705 0.7659132480621338 
1.1411523818969727 2.5787248611450195 0.2701132893562317 2.3086113929748535 0.6693331003189087 
1.4477418661117554 2.6206858158111572 0.2811969518661499 2.3394887447357178 0.695795476436615 
1.3101260662078857 2.5763144493103027 0.27036651968955994 2.305947780609131 0.668789267539978 
1.177370309829712 2.5738632678985596 0.270336389541626 2.3035268783569336 0.6680752038955688 
1.5373587608337402 2.6635243892669678 0.2918972969055176 2.3716273307800293 0.7250081300735474 
1.5662909746170044 2.6496472358703613 0.2805970311164856 2.3690505027770996 0.6920255422592163 
1.7105177640914917 2.702589750289917 0.2992749512195587 2.4033145904541016 0.7425678372383118 
1.551658272743225 2.6672868728637695 0.29843831062316895 2.3688485622406006 0.7420285940170288 
1.254873514175415 2.5335402488708496 0.2759152054786682 2.257624864578247 0.6867344379425049 
1.3495595455169678 2.6326184272766113 0.2887503206729889 2.3438682556152344 0.7182357907295227 
1.2987301349639893 2.5457711219787598 0.27214154601097107 2.2736294269561768 0.6751976013183594 
1.3035931587219238 2.619572639465332 0.28568559885025024 2.3338871002197266 0.709854245185852 
1.2130799293518066 2.5495686531066895 0.2743685245513916 2.275200128555298 0.6809380054473877 
1.4063907861709595 2.685248374938965 0.2982774078845978 2.3869709968566895 0.7413229942321777 
1.228886365890503 2.5595555305480957 0.2753210961818695 2.2842345237731934 0.6840652227401733 
1.5473289489746094 2.635679006576538 0.290301114320755 2.3453779220581055 0.7213736176490784 
1.6264681816101074 2.6584389209747314 0.2909812331199646 2.367457866668701 0.7209688425064087 
1.4097099304199219 2.5811386108398438 0.2773016095161438 2.303837299346924 0.6878200769424438 
1.5120433568954468 2.656430721282959 0.28590142726898193 2.3705291748046875 0.7067980766296387 
1.6575829982757568 2.7250423431396484 0.2975706458091736 2.4274721145629883 0.7365308403968811 
1.6007375717163086 2.577888250350952 0.2780963182449341 2.2997918128967285 0.6892750263214111 
1.5267484188079834 2.598184585571289 0.27706360816955566 2.3211207389831543 0.6863389611244202 
1.390740990638733 2.5585923194885254 0.2694885730743408 2.2891039848327637 0.6667544841766357 
1.775402545928955 2.6533257961273193 0.28610774874687195 2.367218017578125 0.7079159617424011 
1.4289867877960205 2.6016552448272705 0.2724549472332001 2.329200267791748 0.6723660230636597 
1.3380491733551025 2.6460516452789307 0.2899225652217865 2.3561291694641113 0.7195160388946533 
2.018609046936035 2.670576572418213 0.29079657793045044 2.3797800540924072 0.7192988991737366 
1.6343181133270264 2.658653736114502 0.2971004247665405 2.361553192138672 0.7381965517997742 
1.4072206020355225 2.6148197650909424 0.2854965627193451 2.3293232917785645 0.7089030742645264 
1.4046636819839478 2.6405763626098633 0.28257137537002563 2.3580050468444824 0.6983317732810974 
1.2869195938110352 2.6044211387634277 0.2746043801307678 2.3298165798187256 0.6782768964767456 
1.6289758682250977 2.5859742164611816 0.2746957540512085 2.3112783432006836 0.6794507503509521 
1.3191871643066406 2.6461148262023926 0.2897881865501404 2.3563268184661865 0.7196440696716309 
1.5576238632202148 2.6852967739105225 0.29336726665496826 2.3919296264648438 0.7268604040145874 
1.631886601448059 2.6726136207580566 0.28867486119270325 2.383938789367676 0.7129949927330017 
1.9344018697738647 2.7414793968200684 0.30034464597702026 2.4411346912384033 0.7429407835006714 
1.426440954208374 2.6692028045654297 0.28587770462036133 2.3833250999450684 0.707271933555603 
1.9494218826293945 2.767014503479004 0.30080974102020264 2.4662046432495117 0.7416203022003174 
1.399736762046814 2.580923080444336 0.2757566571235657 2.305166244506836 0.6834656000137329 
1.5331907272338867 2.717963695526123 0.2981705665588379 2.419793128967285 0.7368505001068115 
1.6250495910644531 2.698488712310791 0.2944764792919159 2.4040122032165527 0.7290048003196716 
1.3169293403625488 2.616098165512085 0.2761499583721161 2.3399481773376465 0.6833049058914185 
1.8221137523651123 2.694509983062744 0.292232483625412 2.4022774696350098 0.7221148014068604 
1.577495813369751 2.6583242416381836 0.29403355717658997 2.364290714263916 0.7300267815589905 
1.4090139865875244 2.6564836502075195 0.2904948592185974 2.3659889698028564 0.7204442620277405 
1.4389922618865967 2.6257212162017822 0.28686147928237915 2.338859796524048 0.7127670049667358 
1.528141736984253 2.6997852325439453 0.29927122592926025 2.4005138874053955 0.7427642941474915 
1.0278093814849854 2.566232204437256 0.2745048999786377 2.291727304458618 0.6819015741348267 
1.8590142726898193 2.7359459400177 0.31605392694473267 2.419891834259033 0.7876163125038147 
1.383447527885437 2.6218791007995605 0.28356802463531494 2.338311195373535 0.7033199071884155 
1.4942963123321533 2.6584086418151855 0.29699650406837463 2.3614120483398438 0.7390021085739136 
1.9209609031677246 2.715355396270752 0.3024098873138428 2.4129457473754883 0.750456690788269 
1.6263854503631592 2.6719515323638916 0.2964131534099579 2.3755383491516113 0.7359578013420105 
1.2670904397964478 2.6092326641082764 0.2789262533187866 2.3303065299987793 0.6906952857971191 
1.3638050556182861 2.624250650405884 0.28595566749572754 2.338294744491577 0.7097116708755493 
1.6686285734176636 2.6961655616760254 0.2884775400161743 2.4076881408691406 0.7124621272087097 
1.6814428567886353 2.6980459690093994 0.2904834449291229 2.407562494277954 0.7161832451820374 
1.8476876020431519 2.689122200012207 0.2935419976711273 2.3955800533294678 0.7261197566986084 
1.2914645671844482 2.6168155670166016 0.27533358335494995 2.3414816856384277 0.6802930235862732 
1.1983075141906738 2.6133453845977783 0.276471883058548 2.3368735313415527 0.6833682060241699 
1.9218480587005615 2.684971570968628 0.28277456760406494 2.4021968841552734 0.698373556137085 
1.739800214767456 2.7028610706329346 0.2937817871570587 2.4090793132781982 0.7270803451538086 
1.558600902557373 2.6584551334381104 0.29228752851486206 2.3661677837371826 0.7246964573860168 
1.6111345291137695 2.6712560653686523 0.2958548963069916 2.375401258468628 0.7337784171104431 
1.0826029777526855 2.563959836959839 0.27049490809440613 2.2934648990631104 0.6708283424377441 
1.6069161891937256 2.73173189163208 0.3003031015396118 2.4314284324645996 0.7437852025032043 
1.236440658569336 2.5781288146972656 0.2757556438446045 2.302372932434082 0.684192419052124 
1.577362060546875 2.7134854793548584 0.30076515674591064 2.412720203399658 0.746718168258667 
1.628628134727478 2.680978536605835 0.2982565462589264 2.3827219009399414 0.740337073802948 
1.5711524486541748 2.667802333831787 0.29060491919517517 2.377197504043579 0.7195466756820679 
1.5539284944534302 2.6789402961730957 0.29395121335983276 2.384989023208618 0.7288346290588379 
1.7981637716293335 2.742044448852539 0.3021688759326935 2.439875602722168 0.7481005191802979 
1.569077730178833 2.678577423095703 0.29096055030822754 2.3876166343688965 0.7199202179908752 
1.8037667274475098 2.740483045578003 0.31006982922554016 2.430413246154785 0.7704988718032837 
1.2380645275115967 2.6038570404052734 0.27429014444351196 2.3295669555664062 0.6781653165817261 
1.2933241128921509 2.6490345001220703 0.2795259356498718 2.369508743286133 0.6895282864570618 
1.5044620037078857 2.6215968132019043 0.2851257920265198 2.3364710807800293 0.7060711979866028 
1.4962108135223389 2.6497390270233154 0.2892097532749176 2.3605294227600098 0.7171273827552795 
1.91765296459198 2.760512351989746 0.30092930793762207 2.459582805633545 0.7442235350608826 
0.9462369084358215 2.5447025299072266 0.26471465826034546 2.2799880504608154 0.6550155282020569 
1.241452932357788 2.619560718536377 0.27366897463798523 2.3458917140960693 0.6747753620147705 
1.5354217290878296 2.682528018951416 0.2940954566001892 2.388432502746582 0.7289218306541443 
1.532210350036621 2.6726021766662598 0.29466676712036133 2.3779356479644775 0.7314760684967041 
1.5659664869308472 2.69419527053833 0.2971440553665161 2.3970513343811035 0.7367668747901917 
1.8262269496917725 2.651193141937256 0.2922336459159851 2.358959197998047 0.7248128056526184 
1.5854259729385376 2.5896613597869873 0.28229638934135437 2.3073649406433105 0.7000823020935059 
1.5933337211608887 2.6047754287719727 0.2855200171470642 2.3192553520202637 0.7088650465011597 
1.6404212713241577 2.6247735023498535 0.27955305576324463 2.3452203273773193 0.690304696559906 
1.1964514255523682 2.571655750274658 0.2725280523300171 2.2991275787353516 0.6752137541770935 
1.7659803628921509 2.655951976776123 0.2863587737083435 2.3695931434631348 0.7086770534515381 
1.7083942890167236 2.625927686691284 0.2812057137489319 2.344721794128418 0.6966308355331421 
1.1357920169830322 2.5595288276672363 0.2711971402168274 2.2883315086364746 0.6716527342796326 
1.6064931154251099 2.6497721672058105 0.28552374243736267 2.364248752593994 0.7065353393554688 
1.3354377746582031 2.598747730255127 0.2829347252845764 2.3158130645751953 0.7021299004554749 
1.0319344997406006 2.5491602420806885 0.26782816648483276 2.281332015991211 0.6637489199638367 
1.1710779666900635 2.6024811267852783 0.2767985463142395 2.3256826400756836 0.685173749923706 
1.2262848615646362 2.533907175064087 0.26347556710243225 2.2704317569732666 0.6508995890617371 
1.5983072519302368 2.6768200397491455 0.2992820739746094 2.3775382041931152 0.7437562942504883 
1.3787301778793335 2.653548240661621 0.290262371301651 2.363285779953003 0.7193613052368164 
1.1430281400680542 2.5417675971984863 0.27013319730758667 2.271634578704834 0.669719934463501 
1.1030786037445068 2.540372371673584 0.2693372666835785 2.2710351943969727 0.6683834791183472 
1.6188147068023682 2.5931215286254883 0.2833353281021118 2.309786319732666 0.7045220136642456 
1.4508321285247803 2.6762607097625732 0.2966015040874481 2.3796591758728027 0.7371354699134827 
1.7131537199020386 2.686830759048462 0.2998572587966919 2.3869733810424805 0.7446457743644714 
1.303252100944519 2.592550277709961 0.27583345770835876 2.3167171478271484 0.6832641363143921 
1.1327018737792969 2.5337345600128174 0.27006879448890686 2.2636656761169434 0.6706178784370422 
1.6480631828308105 2.6757426261901855 0.29534289240837097 2.380399703979492 0.7338453531265259 
1.2773919105529785 2.5930912494659424 0.26815730333328247 2.3249340057373047 0.6609252691268921 
1.2406011819839478 2.5717055797576904 0.2676290273666382 2.304076671600342 0.6623439788818359 
1.3205053806304932 2.5690886974334717 0.2746718227863312 2.294416904449463 0.6807363033294678 
1.3551743030548096 2.5705366134643555 0.26416754722595215 2.3063690662384033 0.6510351300239563 
1.3200180530548096 2.583249092102051 0.2712651789188385 2.311983823776245 0.6709783673286438 
1.0383949279785156 2.520975351333618 0.26257550716400146 2.2583999633789062 0.6503227949142456 
1.6644201278686523 2.6832022666931152 0.2943314015865326 2.3888707160949707 0.7295714616775513 
1.8144981861114502 2.7251534461975098 0.3042778968811035 2.4208755493164062 0.7554160356521606 
1.3369474411010742 2.5599186420440674 0.27604252099990845 2.2838759422302246 0.6841168999671936 
1.4876136779785156 2.7100038528442383 0.29868805408477783 2.41131591796875 0.7422003149986267 
1.531480073928833 2.6243577003479004 0.29269081354141235 2.331666946411133 0.7279586791992188 
1.408117413520813 2.672227621078491 0.28815627098083496 2.3840713500976562 0.7124060392379761 
1.3871451616287231 2.6339287757873535 0.2867876887321472 2.3471412658691406 0.7115203738212585 
1.6841347217559814 2.669844388961792 0.2969440817832947 2.3729004859924316 0.7366164922714233 
1.3112543821334839 2.66945481300354 0.28661417961120605 2.382840633392334 0.7099276185035706 
1.4792537689208984 2.659517288208008 0.29414722323417664 2.365370035171509 0.731473445892334 
1.638303518295288 2.6856589317321777 0.3004912734031677 2.3851678371429443 0.7477902173995972 
1.2713623046875 2.6451592445373535 0.2834891676902771 2.3616700172424316 0.7014277577400208 
1.3396464586257935 2.5566318035125732 0.27434611320495605 2.282285690307617 0.6814001798629761 
1.792293906211853 2.707282543182373 0.2976744771003723 2.4096083641052246 0.7383095026016235 
1.3942919969558716 2.6820201873779297 0.2979714870452881 2.3840489387512207 0.7408190369606018 
1.2725218534469604 2.603276014328003 0.271049439907074 2.3322267532348633 0.669983446598053 
1.2160694599151611 2.5733397006988525 0.280844122171402 2.2924952507019043 0.6989661455154419 
1.4064290523529053 2.661782741546631 0.29170018434524536 2.370082378387451 0.7240305542945862 
1.5500926971435547 2.7415008544921875 0.3069322109222412 2.434568405151367 0.7618582248687744 
1.642150640487671 2.672055721282959 0.2954469323158264 2.3766088485717773 0.73233962059021 
1.4779751300811768 2.670687198638916 0.2863178849220276 2.384369134902954 0.7081857919692993 
1.78145432472229 2.6878013610839844 0.2899089455604553 2.397892475128174 0.7179715633392334 
1.0021519660949707 2.5517492294311523 0.26599252223968506 2.285756826400757 0.6583614945411682 
1.5057543516159058 2.6846048831939697 0.29545366764068604 2.3891513347625732 0.7331292629241943 
1.6704405546188354 2.6194491386413574 0.28519582748413086 2.3342533111572266 0.7066464424133301 
1.3748570680618286 2.6061620712280273 0.280312716960907 2.3258495330810547 0.6942408084869385 
1.2814335823059082 2.616367816925049 0.28030240535736084 2.3360657691955566 0.6939693689346313 
1.2770386934280396 2.5677480697631836 0.26612168550491333 2.301626682281494 0.656822681427002 
1.2981420755386353 2.6471171379089355 0.28668299317359924 2.360434055328369 0.71040940284729 
1.6283562183380127 2.5869975090026855 0.2818222641944885 2.305175304412842 0.6994338035583496 
2.093935489654541 2.7215137481689453 0.3070424199104309 2.41447114944458 0.7631493806838989 
1.266890525817871 2.5985827445983887 0.2725255489349365 2.326057195663452 0.6729298233985901 
1.4935098886489868 2.6531577110290527 0.28643375635147095 2.3667237758636475 0.7093665599822998 
1.5129181146621704 2.666018486022949 0.2927250862121582 2.373293161392212 0.7260966300964355 
1.4706788063049316 2.688812732696533 0.2956223487854004 2.393190383911133 0.7326359152793884 
1.7461885213851929 2.736938238143921 0.30897319316864014 2.4279651641845703 0.7676048874855042 
1.1753442287445068 2.543966770172119 0.27274075150489807 2.271225929260254 0.6771484613418579 
1.2472717761993408 2.610213279724121 0.2739333510398865 2.33627986907959 0.6765462160110474 
1.8793236017227173 2.799774169921875 0.3182728886604309 2.4815011024475098 0.7907737493515015 
1.453901767730713 2.6121678352355957 0.28580883145332336 2.326359272003174 0.708968997001648 
1.4618020057678223 2.6386704444885254 0.2891504168510437 2.349520206451416 0.7176283597946167 
1.5505268573760986 2.6303341388702393 0.28390026092529297 2.3464338779449463 0.7028777599334717 
1.4700771570205688 2.6290228366851807 0.2734382748603821 2.3555846214294434 0.6734808683395386 
1.3207842111587524 2.6697018146514893 0.2901188135147095 2.3795833587646484 0.7194533944129944 
1.7001991271972656 2.676306962966919 0.297191858291626 2.379115104675293 0.7372809648513794 
1.2404640913009644 2.64755916595459 0.28571903705596924 2.361840009689331 0.7084241509437561 
1.6971485614776611 2.627079963684082 0.2875218093395233 2.3395581245422363 0.7129707336425781 
1.330765724182129 2.5686824321746826 0.27696865797042847 2.2917137145996094 0.6866716146469116 
1.320143222808838 2.573604106903076 0.2727619409561157 2.30084228515625 0.6744641065597534 
1.5211899280548096 2.6265480518341064 0.28429466485977173 2.3422532081604004 0.7046642303466797 
1.3628134727478027 2.6947340965270996 0.2968590259552002 2.3978750705718994 0.7373289465904236 
1.1016108989715576 2.5495643615722656 0.2687801420688629 2.2807841300964355 0.6659548878669739 
1.094355821609497 2.5091419219970703 0.2644627094268799 2.2446794509887695 0.6558176279067993 
1.5086779594421387 2.634047031402588 0.29348665475845337 2.3405604362487793 0.729932427406311 
1.6166236400604248 2.58599591255188 0.26385465264320374 2.322141170501709 0.6492964029312134 
1.189626932144165 2.571502208709717 0.27131205797195435 2.300189971923828 0.6713246703147888 
1.5538983345031738 2.662395715713501 0.28907597064971924 2.373319387435913 0.715092122554779 
1.586525321006775 2.640545129776001 0.2904905080795288 2.3500547409057617 0.7213115692138672 
1.5608417987823486 2.626603841781616 0.28441816568374634 2.3421854972839355 0.7054974436759949 
0.8755819797515869 2.5044445991516113 0.26071417331695557 2.2437305450439453 0.6470112800598145 
1.5286695957183838 2.645826816558838 0.28727537393569946 2.358551502227783 0.7121580839157104 
1.3349769115447998 2.600179672241211 0.27673178911209106 2.3234477043151855 0.6852279305458069 
1.530580759048462 2.5709657669067383 0.2660612165927887 2.3049046993255615 0.6558798551559448 
1.4471461772918701 2.637238025665283 0.2785259187221527 2.3587119579315186 0.6882073283195496 
1.0992836952209473 2.5390639305114746 0.2670380175113678 2.2720258235931396 0.66068434715271 
1.5686050653457642 2.7032055854797363 0.2994329333305359 2.4037725925445557 0.7425934076309204 
1.5064207315444946 2.602501392364502 0.28306859731674194 2.3194329738616943 0.7023595571517944 
1.5197609663009644 2.6383020877838135 0.2877093553543091 2.350592613220215 0.7139514684677124 
1.3299903869628906 2.6767780780792236 0.29461029171943665 2.3821678161621094 0.7325872182846069 
1.582046389579773 2.6196999549865723 0.2904168367385864 2.3292834758758545 0.7213085889816284 
1.342094898223877 2.5204923152923584 0.2678424119949341 2.2526497840881348 0.664158821105957 
1.4775595664978027 2.594918966293335 0.28401753306388855 2.310901403427124 0.7038276195526123 
1.610832929611206 2.647900104522705 0.2907593250274658 2.3571407794952393 0.7221978902816772 
1.2464463710784912 2.5418548583984375 0.26144418120384216 2.2804102897644043 0.6440880298614502 
1.306136965751648 2.5829854011535645 0.2776487171649933 2.3053369522094727 0.6889206171035767 
1.399472713470459 2.5968947410583496 0.27552667260169983 2.3213677406311035 0.6820076704025269 
1.2285228967666626 2.6359291076660156 0.28754284977912903 2.348386287689209 0.7137378454208374 
1.3595035076141357 2.59183931350708 0.2808217406272888 2.3110175132751465 0.6976369023323059 
1.3074674606323242 2.5087695121765137 0.26572757959365845 2.243041753768921 0.6584558486938477 
0.9578733444213867 2.549506664276123 0.2685002088546753 2.281006336212158 0.6666011810302734 
1.1022536754608154 2.5554752349853516 0.2690924406051636 2.2863826751708984 0.6664931774139404 
1.3069164752960205 2.597386598587036 0.276736855506897 2.3206498622894287 0.6849567890167236 
1.3235561847686768 2.588357448577881 0.275631844997406 2.312725782394409 0.6824520826339722 
1.265758991241455 2.5401995182037354 0.2671603560447693 2.2730393409729004 0.6619554758071899 
1.5266480445861816 2.68528413772583 0.29337799549102783 2.3919060230255127 0.7274370193481445 
1.523930549621582 2.60060977935791 0.2800825834274292 2.3205270767211914 0.6933150291442871 
1.2552194595336914 2.56247878074646 0.2685978412628174 2.2938809394836426 0.6621493101119995 
1.3782503604888916 2.544233798980713 0.2718737721443176 2.272359848022461 0.6739397048950195 
1.337874412536621 2.5712013244628906 0.2753434181213379 2.2958579063415527 0.683001697063446 
1.2657452821731567 2.603881359100342 0.27550920844078064 2.3283724784851074 0.6812959909439087 
1.629512071609497 2.6815638542175293 0.2915845513343811 2.389979362487793 0.7221826910972595 
1.2006558179855347 2.5071983337402344 0.2632828950881958 2.243915557861328 0.6537930369377136 
1.7529922723770142 2.6572861671447754 0.2933509051799774 2.3639352321624756 0.7283022403717041 
1.5660018920898438 2.598620891571045 0.27991682291030884 2.318704128265381 0.6942506432533264 
1.2800644636154175 2.57454776763916 0.2827763259410858 2.291771411895752 0.7032110691070557 
0.9341831207275391 2.528805732727051 0.2589147686958313 2.269890785217285 0.6400054693222046 
1.4569915533065796 2.627840518951416 0.28907454013824463 2.338766098022461 0.7175008058547974 
1.4918253421783447 2.595533847808838 0.28035828471183777 2.3151755332946777 0.6944347620010376 
1.258676528930664 2.556577682495117 0.27286091446876526 2.283716917037964 0.6761385202407837 
1.0572106838226318 2.584054946899414 0.27322638034820557 2.310828447341919 0.6768419146537781 
1.2417991161346436 2.5731587409973145 0.27748724818229675 2.2956714630126953 0.6884884834289551 
1.579560399055481 2.593013286590576 0.2829347848892212 2.3100783824920654 0.7016684412956238 
1.5163795948028564 2.605660915374756 0.28799334168434143 2.3176677227020264 0.7151263952255249 
1.3019427061080933 2.615037441253662 0.2747194170951843 2.340317964553833 0.678784966468811 
1.2716658115386963 2.5582737922668457 0.265992671251297 2.292280912399292 0.6563743352890015 
1.6342313289642334 2.6845059394836426 0.29101723432540894 2.393488883972168 0.7201030254364014 
1.1346876621246338 2.5448169708251953 0.2651204764842987 2.279696464538574 0.656024694442749 
1.2765498161315918 2.6472787857055664 0.27333545684814453 2.373943567276001 0.6741193532943726 
1.2782976627349854 2.595813512802124 0.27361059188842773 2.3222031593322754 0.6774178743362427 
1.161283016204834 2.571104049682617 0.27292436361312866 2.2981796264648438 0.6767369508743286 
1.0645997524261475 2.558685779571533 0.2700554132461548 2.288630485534668 0.6685959100723267 
1.1497048139572144 2.557260513305664 0.27117979526519775 2.286080837249756 0.672867476940155 
1.3098556995391846 2.648181438446045 0.2870180904865265 2.3611631393432617 0.7123912572860718 
0.9111061096191406 2.473679542541504 0.25696951150894165 2.216709852218628 0.6374274492263794 
1.6918954849243164 2.645998477935791 0.2998347878456116 2.3461639881134033 0.7472240328788757 
1.2148126363754272 2.4957923889160156 0.2660446763038635 2.229747772216797 0.6604933738708496 
1.4198198318481445 2.596158504486084 0.2851049304008484 2.311053514480591 0.7092269659042358 
1.8734798431396484 2.669402599334717 0.29476577043533325 2.3746371269226074 0.7322311997413635 
1.4626059532165527 2.6313867568969727 0.28275585174560547 2.348630666732788 0.6998967528343201 
1.3047869205474854 2.604321002960205 0.278158962726593 2.3261618614196777 0.6895149946212769 
1.188832402229309 2.5704433917999268 0.2736870050430298 2.2967562675476074 0.6782443523406982 
1.3525348901748657 2.582834243774414 0.2760799527168274 2.3067543506622314 0.6849561929702759 
1.2534114122390747 2.5817294120788574 0.27692466974258423 2.304804801940918 0.6879960298538208 
1.5470041036605835 2.702486038208008 0.30093538761138916 2.401550769805908 0.7474331855773926 
1.3521846532821655 2.632107973098755 0.28693220019340515 2.3451757431030273 0.7128455638885498 
1.082486629486084 2.5411977767944336 0.2659069001674652 2.2752909660339355 0.6577966213226318 
1.1967172622680664 2.5598154067993164 0.2714881896972656 2.288327217102051 0.6725741028785706 
1.3975114822387695 2.633453845977783 0.2834295630455017 2.3500242233276367 0.7019674777984619 
1.172654151916504 2.6372110843658447 0.2729388475418091 2.364272117614746 0.6726065874099731 
1.1080714464187622 2.578836441040039 0.2740025520324707 2.3048338890075684 0.6788045167922974 
1.5480680465698242 2.7000069618225098 0.2956346571445465 2.404372215270996 0.732667863368988 
1.337557315826416 2.665771007537842 0.2877468466758728 2.3780243396759033 0.7130523920059204 
1.3914631605148315 2.5247669219970703 0.25782543420791626 2.266941547393799 0.6362596154212952 
1.1823818683624268 2.5455989837646484 0.26582613587379456 2.2797727584838867 0.6589512825012207 
1.1920404434204102 2.549966812133789 0.27202901244163513 2.277937889099121 0.6761800646781921 
1.370249629020691 2.5907671451568604 0.2824373245239258 2.3083295822143555 0.7024174928665161 
1.3898589611053467 2.6382250785827637 0.28391706943511963 2.3543081283569336 0.7028787136077881 
1.320206880569458 2.6560769081115723 0.2909424901008606 2.3651344776153564 0.7223361730575562 
1.4597351551055908 2.677335739135742 0.2921963930130005 2.385139226913452 0.7250961065292358 
1.5716549158096313 2.6503729820251465 0.2967820167541504 2.353590965270996 0.7386293411254883 
1.6552941799163818 2.6871447563171387 0.3029540479183197 2.384190559387207 0.7536699175834656 
1.2353737354278564 2.62353515625 0.27978479862213135 2.343750238418579 0.6925864219665527 
1.3319118022918701 2.6640634536743164 0.2923277020454407 2.3717358112335205 0.7263950705528259 
1.2432355880737305 2.5578649044036865 0.2722730338573456 2.2855920791625977 0.67570960521698 
1.4145129919052124 2.6299331188201904 0.29276227951049805 2.3371708393096924 0.7288855314254761 
1.4636497497558594 2.605062484741211 0.2825614809989929 2.3225011825561523 0.7017289996147156 
1.3419702053070068 2.580714225769043 0.27646422386169434 2.3042502403259277 0.6860835552215576 
1.3215495347976685 2.608163356781006 0.2834862470626831 2.3246772289276123 0.7041875123977661 
1.4564390182495117 2.635134696960449 0.27628254890441895 2.3588523864746094 0.6822590827941895 
1.3507699966430664 2.615201950073242 0.2786939740180969 2.336507797241211 0.6895112991333008 
1.3492960929870605 2.6748108863830566 0.2916574776172638 2.3831534385681152 0.724207878112793 
1.306501030921936 2.62180757522583 0.27766871452331543 2.3441388607025146 0.6860306262969971 
1.7322090864181519 2.677719831466675 0.2960805296897888 2.3816394805908203 0.734741747379303 
1.4677586555480957 2.562295436859131 0.2689023017883301 2.293393135070801 0.6648050546646118 
1.4278801679611206 2.606870651245117 0.28066378831863403 2.326206684112549 0.6956954598426819 
1.5391783714294434 2.6288909912109375 0.28108060359954834 2.3478105068206787 0.6945853233337402 
1.2727569341659546 2.615361213684082 0.2702414095401764 2.3451197147369385 0.6654595136642456 
1.5124826431274414 2.565711736679077 0.2725951075553894 2.293116569519043 0.6748113632202148 
1.1735036373138428 2.5844762325286865 0.26640695333480835 2.3180694580078125 0.6565952301025391 
1.2848215103149414 2.641932725906372 0.28270184993743896 2.3592309951782227 0.7001121044158936 
1.3973684310913086 2.544059991836548 0.26446253061294556 2.279597282409668 0.6538870930671692 
1.242452621459961 2.5765533447265625 0.2792873680591583 2.2972660064697266 0.6939796805381775 
1.3044002056121826 2.604987144470215 0.2875843644142151 2.3174026012420654 0.7161293029785156 
1.2682464122772217 2.586428642272949 0.2783553898334503 2.3080732822418213 0.6906985640525818 
1.616155982017517 2.643850326538086 0.2968156337738037 2.3470349311828613 0.7392029762268066 
1.5998281240463257 2.65513277053833 0.2913856506347656 2.3637473583221436 0.7223962545394897 
1.2917088270187378 2.6192033290863037 0.285933256149292 2.3332700729370117 0.710582971572876 
1.412475347518921 2.6201629638671875 0.288504421710968 2.331658363342285 0.7171855568885803 
1.3874356746673584 2.6254377365112305 0.2889867126941681 2.3364508152008057 0.7172539234161377 
1.460759162902832 2.6028943061828613 0.28492283821105957 2.317971706390381 0.7081989049911499 
1.4912375211715698 2.6993918418884277 0.29995644092559814 2.39943528175354 0.7445170879364014 
1.0769151449203491 2.538043975830078 0.2698062062263489 2.268237590789795 0.6696717739105225 
1.4531733989715576 2.59114933013916 0.2749778628349304 2.316171646118164 0.6784437894821167 
1.0478534698486328 2.500333786010742 0.2596864104270935 2.240647315979004 0.6429202556610107 
1.555283784866333 2.692979335784912 0.3041510581970215 2.3888282775878906 0.7564702033996582 
1.0549222230911255 2.5652408599853516 0.27531492710113525 2.289926052093506 0.683702826499939 
1.2427194118499756 2.5716848373413086 0.27206408977508545 2.2996208667755127 0.6732680201530457 
1.1514030694961548 2.468095541000366 0.2562178373336792 2.2118773460388184 0.6342978477478027 
1.4755945205688477 2.592963218688965 0.272484689950943 2.320478677749634 0.6730157136917114 
1.3990060091018677 2.615844964981079 0.284533828496933 2.331310987472534 0.7054526805877686 
1.2367422580718994 2.487241744995117 0.2479534149169922 2.239288330078125 0.6096433997154236 
1.5761280059814453 2.628894329071045 0.2876468300819397 2.34124755859375 0.7142176628112793 
1.2360137701034546 2.57216215133667 0.2747286558151245 2.297433376312256 0.6815643310546875 
1.5271726846694946 2.6275634765625 0.28772544860839844 2.3398380279541016 0.7138645052909851 
1.8649524450302124 2.728668212890625 0.30048447847366333 2.4281837940216064 0.7463054656982422 
1.3259178400039673 2.6042304039001465 0.28295478224754333 2.3212757110595703 0.7026385068893433 
1.7425453662872314 2.7201995849609375 0.3041437864303589 2.416055917739868 0.7557857036590576 
1.4627176523208618 2.6149697303771973 0.27372270822525024 2.3412468433380127 0.6751603484153748 
1.541992425918579 2.613603115081787 0.2880502939224243 2.3255527019500732 0.7159363031387329 
1.5016998052597046 2.56422758102417 0.27644506096839905 2.287782669067383 0.6855403184890747 
1.2383167743682861 2.585475444793701 0.2793594002723694 2.3061158657073975 0.6938527822494507 
1.523838996887207 2.665684223175049 0.29398131370544434 2.3717029094696045 0.7289280891418457 
1.1844481229782104 2.5779271125793457 0.27363133430480957 2.304295539855957 0.678349494934082 
1.2345212697982788 2.638216495513916 0.286159873008728 2.3520565032958984 0.7104746103286743 
1.2103347778320312 2.6398463249206543 0.2820712924003601 2.3577747344970703 0.6988141536712646 
1.4853523969650269 2.6308465003967285 0.2847500145435333 2.3460965156555176 0.705999493598938 
1.294568419456482 2.6516082286834717 0.289272278547287 2.3623361587524414 0.717961847782135 
1.136253833770752 2.5833821296691895 0.2730061113834381 2.310375928878784 0.6765778064727783 
1.3916511535644531 2.730421543121338 0.2983976900577545 2.432023763656616 0.7395621538162231 
1.8155908584594727 2.7021985054016113 0.29812002182006836 2.404078483581543 0.7390671968460083 
1.8197933435440063 2.6478912830352783 0.29334670305252075 2.3545446395874023 0.7289214730262756 
1.1992759704589844 2.5547361373901367 0.2671262323856354 2.2876100540161133 0.660880446434021 
1.4380908012390137 2.684903144836426 0.289160817861557 2.3957419395446777 0.7146819233894348 
1.1855151653289795 2.60892391204834 0.277099609375 2.33182430267334 0.686589777469635 
1.4632899761199951 2.639960289001465 0.28112804889678955 2.358832359313965 0.6962980628013611 
1.3971621990203857 2.6205742359161377 0.2769205570220947 2.343653678894043 0.6854041814804077 
1.594649314880371 2.6863856315612793 0.297288179397583 2.389097213745117 0.7376232147216797 
1.410078525543213 2.634490489959717 0.282153844833374 2.352336883544922 0.6982103586196899 
1.3595924377441406 2.5871005058288574 0.2759421467781067 2.3111584186553955 0.683974027633667 
1.8231775760650635 2.6381235122680664 0.2876933217048645 2.3504300117492676 0.7136116027832031 
1.8913886547088623 2.758578062057495 0.3017900288105011 2.4567880630493164 0.7469228506088257 
1.1977300643920898 2.5325241088867188 0.2625257670879364 2.269998550415039 0.6490944623947144 
1.017737865447998 2.5210633277893066 0.26016342639923096 2.260899782180786 0.6431393027305603 
1.5252964496612549 2.681492805480957 0.29592365026474 2.3855693340301514 0.734134316444397 
1.3288345336914062 2.5886173248291016 0.27618640661239624 2.3124308586120605 0.6844586730003357 
1.3697476387023926 2.6007094383239746 0.27839115262031555 2.3223183155059814 0.689682126045227 
1.3712983131408691 2.572132110595703 0.27846866846084595 2.293663263320923 0.6908104419708252 
1.2053003311157227 2.5747480392456055 0.27524781227111816 2.2995002269744873 0.6827433109283447 
1.220293641090393 2.5789408683776855 0.27460959553718567 2.3043313026428223 0.6804549694061279 
1.3195093870162964 2.5738301277160645 0.2782806158065796 2.2955498695373535 0.6905440092086792 
1.1323091983795166 2.5568971633911133 0.27216798067092896 2.284729242324829 0.674782395362854 
1.6704272031784058 2.7049202919006348 0.3082815408706665 2.3966386318206787 0.7671212553977966 
1.3233294486999512 2.5689778327941895 0.2797508239746094 2.28922700881958 0.6948583126068115 
1.6032154560089111 2.625027656555176 0.2901404798030853 2.3348872661590576 0.721121072769165 
1.2381088733673096 2.513518810272217 0.2670723795890808 2.2464466094970703 0.6633194088935852 
1.593496561050415 2.6394193172454834 0.28652092814445496 2.352898359298706 0.7103796005249023 
1.2355308532714844 2.5279927253723145 0.26677289605140686 2.2612197399139404 0.6597453355789185 
1.3874881267547607 2.578998327255249 0.2808065116405487 2.298192024230957 0.6966698169708252 
2.0670413970947266 2.6547622680664062 0.2312377691268921 2.4235243797302246 0.55454421043396 
1.5336360931396484 2.6228742599487305 0.2906447947025299 2.3322296142578125 0.7238125205039978 
1.569175362586975 2.6599411964416504 0.2911849021911621 2.3687562942504883 0.7232699394226074 
1.6274542808532715 2.655041456222534 0.3029024600982666 2.3521389961242676 0.7560539841651917 
1.2982652187347412 2.5110995769500732 0.2697836756706238 2.2413158416748047 0.6703810691833496 
1.378272533416748 2.5626039505004883 0.2806023061275482 2.2820017337799072 0.698906421661377 
1.3608007431030273 2.6371326446533203 0.2901809513568878 2.346951723098755 0.7221865653991699 
1.4557528495788574 2.6224076747894287 0.28320544958114624 2.339202404022217 0.7011055946350098 
1.2185618877410889 2.563218116760254 0.27706146240234375 2.28615665435791 0.687903642654419 
1.7904236316680908 2.7446463108062744 0.3033447265625 2.4413015842437744 0.7516322135925293 
1.3153965473175049 2.648564100265503 0.29395031929016113 2.354613780975342 0.7312012910842896 
1.3241689205169678 2.580522060394287 0.2791045606136322 2.301417589187622 0.6927556991577148 
1.6335067749023438 2.707760810852051 0.29605919122695923 2.4117016792297363 0.7332869172096252 
1.448274850845337 2.6160078048706055 0.27836868166923523 2.337639331817627 0.6886200308799744 
1.4542865753173828 2.7217752933502197 0.29769662022590637 2.4240787029266357 0.7369877696037292 
1.4532694816589355 2.6157937049865723 0.28733986616134644 2.32845401763916 0.7136582136154175 
1.4409294128417969 2.6089253425598145 0.2906828820705414 2.3182425498962402 0.7237633466720581 
1.174903392791748 2.560758352279663 0.268095463514328 2.2926626205444336 0.6623797416687012 
1.081084966659546 2.540954351425171 0.26395025849342346 2.2770040035247803 0.6520035266876221 
1.5100916624069214 2.626375675201416 0.2773585319519043 2.3490171432495117 0.6848105192184448 
1.4922120571136475 2.5636091232299805 0.2772570848464966 2.2863521575927734 0.6879515647888184 
1.2227821350097656 2.5531527996063232 0.26938384771347046 2.283769130706787 0.6673996448516846 
1.5064611434936523 2.640996217727661 0.28078246116638184 2.3602137565612793 0.6934277415275574 
1.6504359245300293 2.6340601444244385 0.2943055033683777 2.339754581451416 0.7317759394645691 
1.0740667581558228 2.5016984939575195 0.25586414337158203 2.2458341121673584 0.6324017643928528 
1.3911572694778442 2.551992893218994 0.26606351137161255 2.2859294414520264 0.6580737233161926 
1.3912465572357178 2.5762276649475098 0.27943384647369385 2.2967939376831055 0.6942195892333984 
1.5667065382003784 2.6256766319274902 0.28565898537635803 2.340017557144165 0.7076085805892944 
1.530037760734558 2.6663713455200195 0.29888272285461426 2.3674888610839844 0.7433226108551025 
1.2811235189437866 2.5579915046691895 0.2687070071697235 2.2892847061157227 0.6650078892707825 
1.4409167766571045 2.5542774200439453 0.27497202157974243 2.2793052196502686 0.6823557615280151 
2.2767550945281982 2.7099008560180664 0.2921113669872284 2.4177896976470947 0.7219870090484619 
1.2829926013946533 2.6082844734191895 0.27871212363243103 2.3295722007751465 0.6907241940498352 
0.9957137107849121 2.5243256092071533 0.2635626494884491 2.260763168334961 0.6525583863258362 
1.2079060077667236 2.637446880340576 0.28431713581085205 2.3531298637390137 0.7049974203109741 
0.9860999584197998 2.5318732261657715 0.26388663053512573 2.267986536026001 0.6539665460586548 
1.5407133102416992 2.6658971309661865 0.2938523590564728 2.372044801712036 0.73016756772995 
1.3359601497650146 2.6618809700012207 0.28972965478897095 2.3721513748168945 0.7181512117385864 
1.2471919059753418 2.622098445892334 0.28031060099601746 2.341787815093994 0.6945842504501343 
1.313768982887268 2.608886957168579 0.2759220600128174 2.3329648971557617 0.6821663975715637 
1.8096970319747925 2.6954574584960938 0.2986603379249573 2.3967971801757812 0.7405475974082947 
1.3180900812149048 2.56996488571167 0.2747565507888794 2.29520845413208 0.6817528009414673 
1.7257037162780762 2.681605339050293 0.28404223918914795 2.3975632190704346 0.7010394930839539 
1.570780634880066 2.7487566471099854 0.2964043915271759 2.4523520469665527 0.7317885756492615 
1.1450974941253662 2.5669541358947754 0.2651331424713135 2.301820755004883 0.6537467241287231 
1.6916134357452393 2.7353591918945312 0.30179572105407715 2.433563709259033 0.7477548122406006 
1.3326154947280884 2.5841267108917236 0.277209997177124 2.3069167137145996 0.6868335604667664 
1.2206063270568848 2.5692243576049805 0.2705261707305908 2.2986981868743896 0.6690669059753418 
0.9924563765525818 2.53450345993042 0.26271116733551025 2.271792411804199 0.6499453783035278 
1.368518352508545 2.575329065322876 0.27161118388175964 2.303718090057373 0.672389805316925 
1.2800674438476562 2.6204915046691895 0.28513601422309875 2.335355281829834 0.7081387639045715 
1.3741304874420166 2.6543474197387695 0.2932291030883789 2.3611183166503906 0.7292045950889587 
1.441706895828247 2.616675853729248 0.2872415781021118 2.329434394836426 0.7143082618713379 
1.5800751447677612 2.6057868003845215 0.2775800824165344 2.3282065391540527 0.6870467662811279 
1.401045322418213 2.618098258972168 0.28458330035209656 2.333515167236328 0.7065811157226562 
1.0973362922668457 2.5579569339752197 0.2660088539123535 2.291948080062866 0.6584164500236511 
1.236167550086975 2.571146011352539 0.2730196714401245 2.298126220703125 0.6762041449546814 
1.2664358615875244 2.641603946685791 0.2882480025291443 2.35335636138916 0.7160966396331787 
1.2872247695922852 2.6197316646575928 0.28634703159332275 2.3333845138549805 0.7121448516845703 
1.0765801668167114 2.5330417156219482 0.2711125612258911 2.2619290351867676 0.6735381484031677 
1.2111351490020752 2.548243999481201 0.2741440534591675 2.274099826812744 0.6815930604934692 
1.302438497543335 2.5564825534820557 0.280494749546051 2.2759876251220703 0.6979776620864868 
1.0219495296478271 2.480198860168457 0.2592366933822632 2.2209620475769043 0.643032431602478 
1.5835182666778564 2.64298677444458 0.27975913882255554 2.363227605819702 0.6916825175285339 
1.5735955238342285 2.655579090118408 0.2870936691761017 2.368485450744629 0.7100441455841064 
1.308794379234314 2.5924267768859863 0.2757546901702881 2.316671848297119 0.6824877858161926 
1.2808159589767456 2.5597331523895264 0.2729337513446808 2.286799192428589 0.6771104335784912 
1.4749478101730347 2.580728054046631 0.28154024481773376 2.2991881370544434 0.6995654702186584 
1.3058981895446777 2.607102870941162 0.28076785802841187 2.3263349533081055 0.6962323188781738 
1.1054245233535767 2.5990920066833496 0.2727201581001282 2.3263721466064453 0.6742197871208191 
1.2006516456604004 2.6034138202667236 0.2747636139392853 2.3286499977111816 0.6789344549179077 
1.5206331014633179 2.6447582244873047 0.28259649872779846 2.362161636352539 0.6965184807777405 
1.077906847000122 2.4644227027893066 0.25036537647247314 2.214057445526123 0.6183657646179199 
1.3718687295913696 2.6166648864746094 0.27758175134658813 2.339082956314087 0.6865747570991516 
1.4235830307006836 2.6541860103607178 0.28644588589668274 2.3677401542663574 0.7103391289710999 
1.3496639728546143 2.594604015350342 0.2791028618812561 2.3155009746551514 0.6909148693084717 
1.3644309043884277 2.6117641925811768 0.2893342077732086 2.32243013381958 0.7205937504768372 
1.4259471893310547 2.592733383178711 0.28189215064048767 2.3108410835266113 0.7005158066749573 
1.4854035377502441 2.6358776092529297 0.29097840189933777 2.3448991775512695 0.7230493426322937 
1.4085655212402344 2.6327145099639893 0.2893125116825104 2.3434019088745117 0.7186124324798584 
1.3255831003189087 2.5887880325317383 0.2778667211532593 2.3109211921691895 0.689825177192688 
1.5742788314819336 2.6422934532165527 0.28980451822280884 2.3524889945983887 0.7199562788009644 
1.442375898361206 2.6553168296813965 0.2925755977630615 2.362741231918335 0.727027416229248 
1.6039917469024658 2.699453830718994 0.2968612015247345 2.402592897415161 0.7366392016410828 
1.2614291906356812 2.544351816177368 0.27771860361099243 2.2666330337524414 0.6913444399833679 
1.0527186393737793 2.5478529930114746 0.2679207921028137 2.2799320220947266 0.6642689108848572 
1.4049115180969238 2.6048786640167236 0.2760562002658844 2.328822612762451 0.6825576424598694 
1.1211912631988525 2.5337400436401367 0.2717781960964203 2.2619619369506836 0.6756985783576965 
0.9470311403274536 2.5010502338409424 0.259834349155426 2.241215944290161 0.6446845531463623 
1.2143986225128174 2.5208253860473633 0.2655097544193268 2.2553157806396484 0.6571630239486694 
1.4411005973815918 2.563746929168701 0.27534791827201843 2.2883989810943604 0.6825501918792725 
1.3656443357467651 2.583723545074463 0.27316468954086304 2.310558795928955 0.6754876375198364 
1.1280479431152344 2.551476001739502 0.2697245478630066 2.2817516326904297 0.6684713363647461 
1.5585755109786987 2.6679680347442627 0.28571248054504395 2.3822555541992188 0.70670485496521 
1.3094754219055176 2.600554943084717 0.2794037461280823 2.3211512565612793 0.6932833790779114 
1.6563730239868164 2.7044897079467773 0.2991718351840973 2.405317783355713 0.7415480613708496 
1.2825393676757812 2.6037755012512207 0.28010934591293335 2.3236660957336426 0.6949059367179871 
1.5470685958862305 2.612283945083618 0.27530181407928467 2.336982011795044 0.6796553134918213 
1.3655555248260498 2.591942071914673 0.2767091691493988 2.315232992172241 0.6865361928939819 
1.482968807220459 2.634705066680908 0.28773850202560425 2.346966505050659 0.7126002311706543 
1.2669188976287842 2.61004638671875 0.28059595823287964 2.3294506072998047 0.6962702870368958 
1.3716230392456055 2.6264796257019043 0.2859378159046173 2.3405418395996094 0.7096554636955261 
1.3918859958648682 2.5897750854492188 0.27857422828674316 2.3112010955810547 0.6889435648918152 
1.6293659210205078 2.6904098987579346 0.2940966486930847 2.396313190460205 0.7293119430541992 
1.3504197597503662 2.6228182315826416 0.2878214716911316 2.3349967002868652 0.7142512798309326 
1.3015568256378174 2.5648374557495117 0.2769644260406494 2.2878732681274414 0.6880587935447693 
1.199439525604248 2.5917673110961914 0.28043419122695923 2.311332941055298 0.6961376667022705 
1.3326358795166016 2.590712308883667 0.27498844265937805 2.3157238960266113 0.6802598237991333 
1.2846086025238037 2.565967559814453 0.2744165062904358 2.291551113128662 0.6802563667297363 
1.6152067184448242 2.648253917694092 0.2904726564884186 2.357781410217285 0.7197400331497192 
1.2647924423217773 2.529590606689453 0.26192766427993774 2.26766300201416 0.6461774110794067 
1.187110185623169 2.5512707233428955 0.266185998916626 2.2850847244262695 0.6588665246963501 
0.906793475151062 2.477064609527588 0.25449931621551514 2.222564935684204 0.6299279928207397 
0.9308275580406189 2.4868342876434326 0.2573305666446686 2.229503631591797 0.6371467709541321 
1.36930251121521 2.5838637351989746 0.28271305561065674 2.3011507987976074 0.7038765549659729 
1.4884566068649292 2.5871715545654297 0.2827679514884949 2.304403781890869 0.7022290229797363 
1.248633861541748 2.62703013420105 0.2893718481063843 2.337658405303955 0.720828652381897 
1.4050654172897339 2.615386724472046 0.2854093909263611 2.32997727394104 0.709388256072998 
1.3933885097503662 2.627816915512085 0.2841666042804718 2.3436501026153564 0.7057867050170898 
1.5772284269332886 2.676579236984253 0.2897259593009949 2.3868532180786133 0.7166021466255188 
1.3001161813735962 2.599829912185669 0.2747364044189453 2.3250937461853027 0.6791926622390747 
1.778950810432434 2.6458957195281982 0.28506559133529663 2.360830307006836 0.7048922777175903 
1.3231638669967651 2.58139705657959 0.2815544903278351 2.299842596054077 0.6993409395217896 
1.363242506980896 2.5909454822540283 0.27583009004592896 2.315115451812744 0.6827327013015747 
1.523818850517273 2.6495871543884277 0.2964613437652588 2.35312557220459 0.7379412055015564 
1.481615424156189 2.647183895111084 0.2867090702056885 2.3604750633239746 0.7107629776000977 
1.2907201051712036 2.5003085136413574 0.26472991704940796 2.235578775405884 0.6566368341445923 
1.3043510913848877 2.546140193939209 0.2661316990852356 2.280008554458618 0.65718674659729 
1.1825101375579834 2.5612616539001465 0.27053388953208923 2.2907276153564453 0.670709490776062 
1.208841323852539 2.552858829498291 0.2704896330833435 2.2823691368103027 0.6711026430130005 
1.458094835281372 2.536802053451538 0.2702997922897339 2.2665021419525146 0.6692689061164856 
1.0523850917816162 2.5154314041137695 0.263821542263031 2.251610040664673 0.6548954248428345 
1.3969945907592773 2.6180784702301025 0.28023549914360046 2.3378429412841797 0.693478524684906 
1.5935403108596802 2.6459197998046875 0.28765439987182617 2.3582653999328613 0.7131294012069702 
1.5233049392700195 2.5828652381896973 0.2763577699661255 2.3065075874328613 0.6847071647644043 
1.0781164169311523 2.547691822052002 0.2679293751716614 2.2797627449035645 0.663493275642395 
1.4584925174713135 2.6747260093688965 0.30062979459762573 2.374096393585205 0.7482708692550659 
1.2121655941009521 2.6009883880615234 0.2824108302593231 2.318577289581299 0.7015019059181213 
1.1055572032928467 2.494326591491699 0.25415194034576416 2.2401745319366455 0.6272914409637451 
1.0349183082580566 2.5157415866851807 0.2612724006175995 2.254469394683838 0.6461034417152405 
1.3108267784118652 2.5824387073516846 0.2718590497970581 2.310579776763916 0.6711438298225403 
1.1898317337036133 2.5384268760681152 0.2727237343788147 2.2657032012939453 0.6775273084640503 
1.1436569690704346 2.536882162094116 0.2685428559780121 2.268339157104492 0.6666548252105713 
1.296990990638733 2.5661048889160156 0.2750844955444336 2.291020631790161 0.6812907457351685 
1.2686121463775635 2.5615768432617188 0.28073978424072266 2.280837059020996 0.6984937191009521 
1.5159783363342285 2.5879812240600586 0.2805382013320923 2.307443380355835 0.695713996887207 
1.4816811084747314 2.6115410327911377 0.2860236167907715 2.3255176544189453 0.7094732522964478 
1.078756332397461 2.4900331497192383 0.26117607951164246 2.2288570404052734 0.6469701528549194 
1.5189225673675537 2.5324809551239014 0.271361768245697 2.2611193656921387 0.6738770008087158 
1.3364351987838745 2.6310994625091553 0.281922310590744 2.349177360534668 0.6970078945159912 
1.1569768190383911 2.5599234104156494 0.27609533071517944 2.283828020095825 0.6856582760810852 
1.1938176155090332 2.543294906616211 0.2665784955024719 2.2767162322998047 0.6601921319961548 
1.2286819219589233 2.551525115966797 0.26752594113349915 2.283998966217041 0.6632120609283447 
1.1156909465789795 2.4748799800872803 0.25757527351379395 2.2173047065734863 0.6386090517044067 
1.3449749946594238 2.544558048248291 0.26798099279403687 2.2765772342681885 0.6636071801185608 
1.659151315689087 2.5990352630615234 0.2816368043422699 2.3173985481262207 0.6988646984100342 
1.354099988937378 2.5754714012145996 0.27386021614074707 2.3016109466552734 0.6776145696640015 
1.3735946416854858 2.5986337661743164 0.2840285003185272 2.314605236053467 0.705601692199707 
1.0313720703125 2.4501495361328125 0.24929611384868622 2.2008533477783203 0.6165125370025635 
1.5157225131988525 2.5782175064086914 0.2759079039096832 2.30230975151062 0.6832624673843384 
1.6663479804992676 2.660068988800049 0.2866251468658447 2.373443841934204 0.7094890475273132 
1.4370285272598267 2.543044090270996 0.2659751772880554 2.277068614959717 0.6566932201385498 
1.4242541790008545 2.7074074745178223 0.29778608679771423 2.409621238708496 0.738274335861206 
1.319136381149292 2.6193394660949707 0.2745712399482727 2.3447682857513428 0.6777312755584717 
1.089396595954895 2.5056843757629395 0.26434406638145447 2.241340398788452 0.6559644341468811 
1.2647899389266968 2.5857162475585938 0.2692817449569702 2.316434860229492 0.6655100584030151 
1.3690292835235596 2.650137186050415 0.28089797496795654 2.369239091873169 0.6929488778114319 
1.1410874128341675 2.517442226409912 0.25880104303359985 2.258641004562378 0.6403183937072754 
1.173478603363037 2.610203742980957 0.2796892821788788 2.3305141925811768 0.694514811038971 
1.389561414718628 2.645449638366699 0.2891303300857544 2.3563191890716553 0.7169491648674011 
1.1879451274871826 2.5744071006774902 0.2678016424179077 2.306605339050293 0.6607744097709656 
1.228965163230896 2.577016830444336 0.2770228385925293 2.2999939918518066 0.6873049736022949 
1.1136388778686523 2.475982189178467 0.2542513608932495 2.2217307090759277 0.6286475658416748 
1.2626551389694214 2.6025867462158203 0.2836543321609497 2.318932294845581 0.7056066393852234 
1.3598730564117432 2.5107340812683105 0.265224814414978 2.245509147644043 0.6574795842170715 
1.2321252822875977 2.5798656940460205 0.2781762480735779 2.301689624786377 0.6904880404472351 
1.4702564477920532 2.6467714309692383 0.29211971163749695 2.35465145111084 0.7269816398620605 
1.4374122619628906 2.6054282188415527 0.27757495641708374 2.327853202819824 0.6873877048492432 
1.272632122039795 2.5744707584381104 0.2754003405570984 2.2990705966949463 0.6826941967010498 
1.358974814414978 2.566596269607544 0.27337151765823364 2.293224811553955 0.6772110462188721 
1.6943390369415283 2.697359085083008 0.29937201738357544 2.397986888885498 0.7449127435684204 
1.4181957244873047 2.5434322357177734 0.27577757835388184 2.2676548957824707 0.6851767897605896 
1.0947551727294922 2.5230581760406494 0.2678322196006775 2.2552261352539062 0.6649823188781738 
1.1183792352676392 2.5969905853271484 0.27393633127212524 2.323054313659668 0.6781999468803406 
1.633540153503418 2.6445865631103516 0.29094207286834717 2.353644371032715 0.7219716310501099 
1.3021377325057983 2.597254753112793 0.28469526767730713 2.3125596046447754 0.7083865404129028 
1.4011601209640503 2.59763503074646 0.28321561217308044 2.3144192695617676 0.7043691277503967 
1.3421037197113037 2.6593515872955322 0.2935267686843872 2.3658246994018555 0.729953408241272 
1.7637569904327393 2.711280345916748 0.2937029302120209 2.4175777435302734 0.7255043983459473 
1.1584339141845703 2.5487966537475586 0.2695344090461731 2.279262065887451 0.6679009199142456 
1.4474037885665894 2.6324257850646973 0.2875148057937622 2.3449110984802246 0.713107705116272 
1.499063491821289 2.5944268703460693 0.280425101518631 2.3140017986297607 0.6951011419296265 
1.2416629791259766 2.583846092224121 0.2736436724662781 2.310202121734619 0.6772234439849854 
1.4403592348098755 2.6890032291412354 0.2897306978702545 2.3992724418640137 0.717275857925415 
1.0827088356018066 2.630476713180542 0.28080177307128906 2.349674940109253 0.6956808567047119 
1.5263510942459106 2.633678436279297 0.28450483083724976 2.3491740226745605 0.7041018009185791 
1.0766700506210327 2.5176777839660645 0.2670728266239166 2.2506051063537598 0.6625856161117554 
1.3635404109954834 2.557218551635742 0.27353179454803467 2.283686637878418 0.6773812770843506 
1.2096266746520996 2.596094846725464 0.2763589024543762 2.3197357654571533 0.6856430172920227 
1.3899165391921997 2.643305540084839 0.2880380153656006 2.3552675247192383 0.7146676778793335 
1.232811689376831 2.5422234535217285 0.26914918422698975 2.2730743885040283 0.6668819189071655 
1.3811181783676147 2.582348108291626 0.2777681052684784 2.3045802116394043 0.6893839240074158 
0.9900177717208862 2.514622211456299 0.26442331075668335 2.2501988410949707 0.6567233800888062 
1.2472591400146484 2.533696174621582 0.2656606435775757 2.268035411834717 0.6580342054367065 
1.0134756565093994 2.5483829975128174 0.2674141526222229 2.28096866607666 0.6628649830818176 
1.0980867147445679 2.5453200340270996 0.2751646935939789 2.270155429840088 0.684057354927063 
1.1145925521850586 2.568613290786743 0.27198219299316406 2.296630859375 0.6742463707923889 
1.4454565048217773 2.621321201324463 0.28193390369415283 2.3393874168395996 0.6990857720375061 
1.2811405658721924 2.5432653427124023 0.2644181251525879 2.2788469791412354 0.6536885499954224 
1.4008722305297852 2.5934090614318848 0.26531633734703064 2.328092575073242 0.6534537076950073 
1.4100916385650635 2.611027240753174 0.27983522415161133 2.3311920166015625 0.6940079927444458 
1.2295846939086914 2.542022705078125 0.27043062448501587 2.271592140197754 0.6707307696342468 
1.392496109008789 2.5878195762634277 0.28061604499816895 2.307203769683838 0.6970621347427368 
1.477043867111206 2.6237244606018066 0.27848535776138306 2.3452391624450684 0.6890678405761719 
1.3040590286254883 2.588059663772583 0.2806163430213928 2.307443141937256 0.6968212127685547 
1.7159981727600098 2.598151445388794 0.2861940860748291 2.311957359313965 0.7102431654930115 
1.3603172302246094 2.5937819480895996 0.2777063846588135 2.316075325012207 0.6880384087562561 
1.0579153299331665 2.5479464530944824 0.2717137932777405 2.276232957839966 0.6745691299438477 
1.379084587097168 2.5640530586242676 0.2754839360713959 2.2885689735412598 0.6832824349403381 
1.2158873081207275 2.5663561820983887 0.2810804843902588 2.285275459289551 0.69907546043396 
1.4530220031738281 2.607255458831787 0.2852979302406311 2.321957588195801 0.707675576210022 
1.4468433856964111 2.639470100402832 0.2929503321647644 2.3465194702148438 0.7284348011016846 
1.2798352241516113 2.5391008853912354 0.27044999599456787 2.268651008605957 0.6698532700538635 
1.1802043914794922 2.5187835693359375 0.2600896954536438 2.2586936950683594 0.6425317525863647 
1.4042932987213135 2.6269469261169434 0.28406524658203125 2.342881679534912 0.704114556312561 
1.0674066543579102 2.53831148147583 0.2662602663040161 2.2720510959625244 0.6586978435516357 
1.163176417350769 2.543853282928467 0.2679100036621094 2.2759432792663574 0.6630144715309143 
1.299083948135376 2.571866512298584 0.2723509669303894 2.2995152473449707 0.6738364696502686 
1.3572674989700317 2.6656687259674072 0.285019189119339 2.3806495666503906 0.7043197154998779 
1.418410062789917 2.606346607208252 0.27611905336380005 2.3302273750305176 0.6832780838012695 
1.2109122276306152 2.5800046920776367 0.27505162358283997 2.304953098297119 0.681909441947937 
1.3547109365463257 2.581846237182617 0.27160871028900146 2.3102376461029053 0.6715596318244934 
1.146677017211914 2.5143654346466064 0.26192930340766907 2.2524361610412598 0.6469850540161133 
1.6464380025863647 2.692121982574463 0.2948777675628662 2.3972442150115967 0.7309892177581787 
1.4554927349090576 2.6465859413146973 0.28907668590545654 2.3575096130371094 0.7171477675437927 
1.0142033100128174 2.4954423904418945 0.2615315020084381 2.2339107990264893 0.6487166881561279 
1.3550819158554077 2.636516571044922 0.2918396592140198 2.344676971435547 0.7261548638343811 
1.683150053024292 2.669785737991333 0.2934305667877197 2.3763551712036133 0.7275103330612183 
1.2130711078643799 2.5424909591674805 0.2739661633968353 2.2685248851776123 0.6808391809463501 
1.0170576572418213 2.479519844055176 0.26058229804039 2.218937397003174 0.6471246480941772 
1.3093527555465698 2.5531067848205566 0.26837339997291565 2.284733295440674 0.6639492511749268 
1.2308990955352783 2.5999326705932617 0.27828091382980347 2.3216516971588135 0.6894521713256836 
2.2026686668395996 2.7792985439300537 0.3109588325023651 2.468339681625366 0.7710734605789185 
1.0712810754776 2.5305871963500977 0.2683289051055908 2.2622580528259277 0.6660140156745911 
1.411537528038025 2.653876781463623 0.2912491261959076 2.3626275062561035 0.7242051362991333 
1.1958266496658325 2.5327682495117188 0.26037073135375977 2.272397518157959 0.6434836387634277 
1.2082054615020752 2.5142204761505127 0.26433849334716797 2.2498819828033447 0.6547488570213318 
1.2087762355804443 2.553041934967041 0.2730756402015686 2.279966354370117 0.677931547164917 
1.344597339630127 2.62282657623291 0.28137582540512085 2.3414506912231445 0.6969075202941895 
1.042587161064148 2.536780834197998 0.26957938075065613 2.2672014236450195 0.6689403057098389 
0.8753402233123779 2.5172722339630127 0.25960928201675415 2.257662773132324 0.6424337029457092 
1.2572299242019653 2.558804988861084 0.26579800248146057 2.2930068969726562 0.6564246416091919 
1.0382671356201172 2.4590682983398438 0.261238694190979 2.1978297233581543 0.6495855450630188 
1.0954804420471191 2.493727445602417 0.25853431224823 2.2351932525634766 0.6394937634468079 
1.0821044445037842 2.4903924465179443 0.2593803107738495 2.2310121059417725 0.6423096656799316 
1.405486822128296 2.6008849143981934 0.2826225161552429 2.3182625770568848 0.7009594440460205 
1.4731842279434204 2.5259711742401123 0.26755422353744507 2.2584168910980225 0.6629670262336731 
1.3627363443374634 2.584223985671997 0.28104567527770996 2.303178310394287 0.698043942451477 
1.252790927886963 2.577087879180908 0.279289573431015 2.2977981567382812 0.6931924223899841 
1.3623547554016113 2.4870591163635254 0.25550007820129395 2.2315590381622314 0.6312626600265503 
1.4258999824523926 2.5389699935913086 0.2779961824417114 2.2609739303588867 0.6911231875419617 
1.2028601169586182 2.5554566383361816 0.2725249230861664 2.2829315662384033 0.6762276887893677 
1.0701234340667725 2.532426357269287 0.27310511469841003 2.2593212127685547 0.6796718835830688 
1.4534940719604492 2.6279211044311523 0.2854679822921753 2.3424530029296875 0.7097376585006714 
1.3675968647003174 2.5742909908294678 0.27938032150268555 2.2949106693267822 0.6949621438980103 
1.2195844650268555 2.472280502319336 0.2572677433490753 2.215013027191162 0.6370153427124023 
1.185530662536621 2.574850559234619 0.2737438678741455 2.3011066913604736 0.677733302116394 
1.1250066757202148 2.572634220123291 0.26835525035858154 2.30427885055542 0.6637851595878601 
1.106886863708496 2.559453010559082 0.27206647396087646 2.287386417388916 0.6754716634750366 
1.4288990497589111 2.6477301120758057 0.28490740060806274 2.3628225326538086 0.7053327560424805 
1.2563568353652954 2.6016788482666016 0.27997252345085144 2.3217062950134277 0.6958073377609253 
1.1107392311096191 2.524627685546875 0.2665533125400543 2.2580742835998535 0.6615419387817383 
1.1562021970748901 2.5779900550842285 0.2768559753894806 2.3011341094970703 0.6870828866958618 
0.8856812715530396 2.525285243988037 0.2561817765235901 2.269103527069092 0.6319745779037476 
0.8666046857833862 2.4225590229034424 0.2475331723690033 2.1750259399414062 0.6133400201797485 
1.4502291679382324 2.627194404602051 0.28976958990097046 2.3374247550964355 0.7197168469429016 
1.1356987953186035 2.574193000793457 0.27685731649398804 2.297335624694824 0.6874001622200012 
1.2188830375671387 2.5199623107910156 0.2633589506149292 2.256603240966797 0.651506781578064 
1.0974111557006836 2.528153419494629 0.2623562514781952 2.2657971382141113 0.6489679217338562 
1.0527241230010986 2.480391502380371 0.2570449709892273 2.223346471786499 0.6375162601470947 
1.1417930126190186 2.5188441276550293 0.25983014702796936 2.259014129638672 0.6416934728622437 
1.2013375759124756 2.520693302154541 0.2709158957004547 2.249777317047119 0.6733551025390625 
1.2288068532943726 2.521580219268799 0.2653011083602905 2.2562789916992188 0.6573167443275452 
0.950137734413147 2.4198501110076904 0.25230956077575684 2.1675405502319336 0.6269266605377197 
0.9908468723297119 2.447848081588745 0.25368058681488037 2.1941676139831543 0.6281745433807373 
1.1149877309799194 2.5003902912139893 0.2612365484237671 2.2391538619995117 0.6475530862808228 
1.3125556707382202 2.557281970977783 0.2712816596031189 2.2860002517700195 0.6729747653007507 
1.2445807456970215 2.533114433288574 0.27222201228141785 2.260892391204834 0.675962507724762 
1.4151830673217773 2.6456446647644043 0.2869754135608673 2.3586692810058594 0.7113970518112183 
1.251948356628418 2.5896856784820557 0.2757484018802643 2.313937187194824 0.6831541657447815 
1.6337181329727173 2.657351016998291 0.290355920791626 2.366995096206665 0.7198903560638428 
1.1847978830337524 2.574326992034912 0.27423760294914246 2.3000893592834473 0.6800774931907654 
1.2095692157745361 2.529846668243408 0.2660014033317566 2.263845205307007 0.6594741344451904 
1.5039533376693726 2.589082956314087 0.28503549098968506 2.3040473461151123 0.7089276313781738 
1.0077764987945557 2.478214740753174 0.2585933208465576 2.219621419906616 0.6412737369537354 
1.1361067295074463 2.528346300125122 0.26849454641342163 2.2598514556884766 0.6666300892829895 
1.3882454633712769 2.5869805812835693 0.2870083451271057 2.2999720573425293 0.7149622440338135 
1.0409489870071411 2.4674534797668457 0.2504398822784424 2.217013359069824 0.6187378168106079 
1.1550400257110596 2.579895257949829 0.2746496796607971 2.3052456378936768 0.680392861366272 
1.0765280723571777 2.519362449645996 0.26613640785217285 2.2532262802124023 0.6603156328201294 
1.2008154392242432 2.500199556350708 0.26594066619873047 2.2342588901519775 0.6600363850593567 
1.291733980178833 2.620182514190674 0.28480908274650574 2.3353734016418457 0.7063930034637451 
1.1380537748336792 2.5149989128112793 0.2673686742782593 2.2476301193237305 0.6638181805610657 
1.059112787246704 2.543402910232544 0.26794004440307617 2.2754628658294678 0.6640197038650513 
1.2414793968200684 2.4536585807800293 0.24828997254371643 2.2053685188293457 0.6131951808929443 
0.9676519632339478 2.480764865875244 0.26108962297439575 2.219675064086914 0.6483868360519409 
1.1611013412475586 2.5713729858398438 0.2681327760219574 2.3032402992248535 0.6629223823547363 
1.486122965812683 2.633734703063965 0.29001104831695557 2.343723773956299 0.7202337384223938 
1.4435298442840576 2.6431264877319336 0.2895524799823761 2.35357403755188 0.7185168266296387 
1.2097679376602173 2.498764991760254 0.266197144985199 2.23256778717041 0.6602998971939087 
1.1283814907073975 2.5634541511535645 0.27475470304489136 2.2886996269226074 0.6823544502258301 
1.1245300769805908 2.4767162799835205 0.2580326795578003 2.2186837196350098 0.6380733251571655 
1.171046257019043 2.518625259399414 0.25916725397109985 2.259458065032959 0.6407263278961182 
1.3886758089065552 2.566214084625244 0.27855953574180603 2.2876546382904053 0.691714882850647 
1.405845046043396 2.527275800704956 0.27185505628585815 2.255420684814453 0.6738086938858032 
1.52003014087677 2.646749496459961 0.28985342383384705 2.356895685195923 0.7193518877029419 
1.1309912204742432 2.513336181640625 0.2604169249534607 2.2529194355010986 0.6430619955062866 
1.0583722591400146 2.4773402214050293 0.2619919180870056 2.215348243713379 0.6507483720779419 
1.2169195413589478 2.49923038482666 0.2580326497554779 2.2411975860595703 0.6383522748947144 
0.8518437147140503 2.458712339401245 0.24949373304843903 2.2092185020446777 0.6176557540893555 
0.8157269358634949 2.411548137664795 0.24727264046669006 2.1642751693725586 0.6132971048355103 
1.778733730316162 2.629805088043213 0.2898963987827301 2.3399085998535156 0.7196027040481567 
1.2590253353118896 2.523484468460083 0.26801323890686035 2.2554712295532227 0.66385817527771 
1.2213867902755737 2.526820421218872 0.2648141384124756 2.2620062828063965 0.6550238132476807 
1.1239591836929321 2.546945333480835 0.2659064829349518 2.281038761138916 0.6575478315353394 
1.4321815967559814 2.5572562217712402 0.2786543369293213 2.278602123260498 0.6917231678962708 
1.2820922136306763 2.533686637878418 0.2653461694717407 2.268340587615967 0.656678318977356 
1.5117862224578857 2.641749382019043 0.2929060161113739 2.348843574523926 0.7281013131141663 
1.0231850147247314 2.500927686691284 0.259141206741333 2.241786479949951 0.6418265104293823 
1.2740812301635742 2.5268611907958984 0.2666603922843933 2.2602009773254395 0.6611005067825317 
1.4475140571594238 2.5769126415252686 0.27922123670578003 2.2976913452148438 0.6932804584503174 
0.9816055297851562 2.5032424926757812 0.25926756858825684 2.2439749240875244 0.6412407159805298 
1.44090735912323 2.591803550720215 0.28087735176086426 2.3109261989593506 0.6974033117294312 
1.0253010988235474 2.4277050495147705 0.24827158451080322 2.179433584213257 0.6144304275512695 
1.3980998992919922 2.586942195892334 0.2705708146095276 2.316371440887451 0.6678711175918579 
1.4356539249420166 2.582911968231201 0.2832024097442627 2.2997095584869385 0.7040314674377441 
1.1714634895324707 2.539381980895996 0.2663058638572693 2.273076057434082 0.6595484614372253 
1.215351939201355 2.542538642883301 0.2706611156463623 2.2718777656555176 0.6714428663253784 
1.1599555015563965 2.5540919303894043 0.27406641840934753 2.2800254821777344 0.6805667877197266 
1.3356952667236328 2.623736619949341 0.28212445974349976 2.3416121006011963 0.6985964179039001 
1.5122060775756836 2.5789339542388916 0.278928279876709 2.3000056743621826 0.6928681135177612 
1.6596126556396484 2.7052721977233887 0.30514687299728394 2.40012526512146 0.7586531639099121 
1.1442575454711914 2.5424232482910156 0.27065250277519226 2.27177095413208 0.6715878248214722 
0.9072529673576355 2.4862725734710693 0.2587416172027588 2.2275309562683105 0.6421586275100708 
1.1034843921661377 2.5354490280151367 0.2713877558708191 2.264061212539673 0.6747128963470459 
1.0665843486785889 2.4998133182525635 0.26085686683654785 2.2389564514160156 0.6462447643280029 
1.4549609422683716 2.5689120292663574 0.27641111612319946 2.2925009727478027 0.685085654258728 
1.2988204956054688 2.6036300659179688 0.28118517994880676 2.3224449157714844 0.6976826190948486 
1.322080373764038 2.5836374759674072 0.2801929712295532 2.3034443855285645 0.6951526403427124 
1.78167724609375 2.660367965698242 0.2932097911834717 2.3671584129333496 0.7266221046447754 
1.4172314405441284 2.5986852645874023 0.2886792719364166 2.3100061416625977 0.7184829115867615 
1.0633115768432617 2.462273120880127 0.2533400058746338 2.208932876586914 0.6277070045471191 
1.0409109592437744 2.465975284576416 0.25605541467666626 2.2099199295043945 0.633987545967102 
1.5100347995758057 2.617196559906006 0.275389164686203 2.3418073654174805 0.6802391409873962 
1.1129539012908936 2.571254253387451 0.27193689346313477 2.2993173599243164 0.6746438145637512 
1.160187005996704 2.516570806503296 0.2723970413208008 2.244174003601074 0.677721381187439 
1.1455771923065186 2.5396933555603027 0.2679883539676666 2.271705150604248 0.6637920141220093 
1.0205740928649902 2.469742774963379 0.2552236318588257 2.2145190238952637 0.6313545107841492 
1.2939977645874023 2.5625171661376953 0.27406513690948486 2.2884521484375 0.6796510219573975 
1.2319505214691162 2.486682176589966 0.25975728034973145 2.2269248962402344 0.644250214099884 
1.3976043462753296 2.5613155364990234 0.27663013339042664 2.2846856117248535 0.6869597434997559 
1.3546406030654907 2.5940380096435547 0.26784414052963257 2.3261938095092773 0.6585303544998169 
1.2160370349884033 2.5702590942382812 0.26342570781707764 2.306833028793335 0.6500297784805298 
1.2238069772720337 2.551992416381836 0.2670856714248657 2.2849066257476807 0.6598955392837524 
1.3235478401184082 2.545914888381958 0.27405619621276855 2.2718586921691895 0.6803967952728271 
1.116525650024414 2.506326675415039 0.2619415819644928 2.244385242462158 0.6493850946426392 
1.717775821685791 2.625594139099121 0.2938807010650635 2.3317134380340576 0.7302057147026062 
0.9565999507904053 2.454676866531372 0.2517600655555725 2.2029168605804443 0.6232497692108154 
1.1607528924942017 2.512928009033203 0.2622259259223938 2.250702381134033 0.648582935333252 
1.1256630420684814 2.5093774795532227 0.2606026530265808 2.248774766921997 0.644810676574707 
1.3323100805282593 2.5786733627319336 0.28055834770202637 2.2981150150299072 0.6966164112091064 
1.4854826927185059 2.625598192214966 0.28732267022132874 2.33827543258667 0.7137115001678467 
1.314777135848999 2.596139430999756 0.27667078375816345 2.3194684982299805 0.6857208013534546 
1.3457767963409424 2.5520615577697754 0.2808420658111572 2.271219253540039 0.6992225050926208 
1.0832669734954834 2.5214691162109375 0.26449766755104065 2.2569713592529297 0.6555396318435669 
1.0506033897399902 2.5127315521240234 0.2648197412490845 2.2479119300842285 0.6565117835998535 
0.7014731168746948 2.400930166244507 0.24113154411315918 2.1597986221313477 0.5976943969726562 
1.0691287517547607 2.5141077041625977 0.25978201627731323 2.2543258666992188 0.6428953409194946 
1.1782455444335938 2.558434009552002 0.27654367685317993 2.281890392303467 0.6877630949020386 
1.164238691329956 2.5220160484313965 0.2685782313346863 2.2534379959106445 0.6669831275939941 
1.305302619934082 2.5522818565368652 0.27237093448638916 2.2799110412597656 0.6747745275497437 
1.2170380353927612 2.4928512573242188 0.26159268617630005 2.2312583923339844 0.648239016532898 
1.1386674642562866 2.4974308013916016 0.2648642659187317 2.2325663566589355 0.6582202911376953 
1.153914213180542 2.496824264526367 0.26291710138320923 2.2339069843292236 0.6516668200492859 
1.1485822200775146 2.555797576904297 0.27265018224716187 2.2831473350524902 0.6760331392288208 
1.3345272541046143 2.597168207168579 0.2801983952522278 2.316969633102417 0.6949139833450317 
1.1466014385223389 2.4936556816101074 0.26466143131256104 2.228994369506836 0.6574224829673767 
0.9417092800140381 2.4690773487091064 0.2574874758720398 2.211589813232422 0.6386926174163818 
0.8542931079864502 2.4461042881011963 0.2508074939250946 2.1952967643737793 0.621793806552887 
1.271437168121338 2.536825656890869 0.266673743724823 2.2701516151428223 0.6597173810005188 
1.1045421361923218 2.525221109390259 0.26268574595451355 2.262535333633423 0.649345874786377 
1.0450764894485474 2.5346107482910156 0.2657141089439392 2.2688968181610107 0.6582678556442261 
1.4273269176483154 2.6090545654296875 0.28218716382980347 2.3268675804138184 0.6999617218971252 
1.3808674812316895 2.6310224533081055 0.290223628282547 2.340798854827881 0.7214683294296265 
1.2990198135375977 2.5492260456085205 0.27829745411872864 2.2709288597106934 0.6925686597824097 
1.1625933647155762 2.5087366104125977 0.2641623020172119 2.2445740699768066 0.6549526453018188 
1.0787696838378906 2.5846009254455566 0.2714352607727051 2.3131656646728516 0.6723321676254272 
0.9952492713928223 2.4380900859832764 0.25105413794517517 2.1870357990264893 0.6226956844329834 
1.5017790794372559 2.6212973594665527 0.2869376242160797 2.334359645843506 0.7129266858100891 
1.1098155975341797 2.5304079055786133 0.27143770456314087 2.258970260620117 0.6749751567840576 
1.2288782596588135 2.4855360984802246 0.26401016116142273 2.2215256690979004 0.6560558080673218 
1.0476140975952148 2.4668712615966797 0.25662750005722046 2.2102437019348145 0.6353561878204346 
0.9796706438064575 2.4150032997131348 0.2510416805744171 2.163961410522461 0.6232771277427673 
1.1450221538543701 2.4689671993255615 0.2628776431083679 2.206089496612549 0.6539579629898071 
1.1492946147918701 2.453960418701172 0.2579007148742676 2.1960597038269043 0.6406376957893372 
1.092018961906433 2.5076589584350586 0.2666057348251343 2.2410531044006348 0.6616648435592651 
1.2141661643981934 2.565642833709717 0.2763243317604065 2.289318561553955 0.6870160102844238 
0.9530647993087769 2.4331018924713135 0.25019073486328125 2.1829113960266113 0.6204925775527954 
1.1861287355422974 2.4829483032226562 0.26047375798225403 2.2224745750427246 0.6454017162322998 
1.4475491046905518 2.6214070320129395 0.28465917706489563 2.336747884750366 0.7050182223320007 
1.2672942876815796 2.5160536766052246 0.2729167342185974 2.2431368827819824 0.6785426139831543 
1.2404685020446777 2.572385311126709 0.2715039849281311 2.3008813858032227 0.6728346347808838 
1.3058748245239258 2.5424842834472656 0.2631140649318695 2.2793703079223633 0.6511428356170654 
1.0301930904388428 2.466806411743164 0.25190645456314087 2.214899778366089 0.6217985153198242 
0.9331237077713013 2.428657054901123 0.25053828954696655 2.1781187057495117 0.6217507719993591 
1.1019766330718994 2.503632068634033 0.2670830488204956 2.236548900604248 0.6630025506019592 
0.9471454620361328 2.4271297454833984 0.2451956868171692 2.181934118270874 0.6055982112884521 
1.199299931526184 2.543107271194458 0.2646005153656006 2.2785065174102783 0.6538978219032288 
1.3983778953552246 2.5681002140045166 0.27590620517730713 2.29219388961792 0.6841818690299988 
1.3408703804016113 2.56770658493042 0.2768181562423706 2.2908883094787598 0.6865000128746033 
1.1579599380493164 2.543959617614746 0.27052369713783264 2.2734358310699463 0.671307384967804 
1.0059444904327393 2.4542465209960938 0.25706613063812256 2.1971802711486816 0.6384310722351074 
1.1369882822036743 2.5322937965393066 0.26642537117004395 2.2658684253692627 0.66038978099823 
0.7255306839942932 2.414133310317993 0.2423432171344757 2.17179012298584 0.6003357172012329 
1.1038439273834229 2.523466110229492 0.2666178047657013 2.2568483352661133 0.6602535247802734 
1.0455002784729004 2.480236530303955 0.2589990496635437 2.2212374210357666 0.6415173411369324 
1.2261852025985718 2.5403943061828613 0.26660898327827454 2.2737855911254883 0.6594725251197815 
1.3390114307403564 2.558091640472412 0.2710703909397125 2.2870211601257324 0.6710138916969299 
1.044952630996704 2.458731174468994 0.2531135678291321 2.2056174278259277 0.626201868057251 
1.0835046768188477 2.519465684890747 0.26696282625198364 2.252502918243408 0.6627819538116455 
1.0238436460494995 2.472412586212158 0.2633647918701172 2.209047555923462 0.6549943685531616 
1.2621195316314697 2.551548480987549 0.26762545108795166 2.2839226722717285 0.6631531715393066 
0.8982080817222595 2.4916939735412598 0.25653761625289917 2.2351560592651367 0.6363521814346313 
0.9992703795433044 2.511260509490967 0.2613399624824524 2.249920606613159 0.6474676132202148 
1.1107654571533203 2.447868824005127 0.25632914900779724 2.191539764404297 0.6354385614395142 
1.1181390285491943 2.428399085998535 0.25650355219841003 2.171895742416382 0.6368415355682373 
1.0965471267700195 2.537513256072998 0.26600775122642517 2.271505355834961 0.6582815647125244 
1.037061333656311 2.487323522567749 0.25702035427093506 2.2303030490875244 0.6362181305885315 
1.0622974634170532 2.53713321685791 0.26666921377182007 2.2704639434814453 0.6606625318527222 
1.2482008934020996 2.532532215118408 0.2716842293739319 2.260848045349121 0.674511194229126 
0.984176516532898 2.4019579887390137 0.2464776635169983 2.15548038482666 0.6111326813697815 
1.1136234998703003 2.483816146850586 0.2616252601146698 2.2221908569335938 0.6494427919387817 
1.4119312763214111 2.556373119354248 0.2706254720687866 2.285747528076172 0.6706763505935669 
1.617519736289978 2.5485987663269043 0.26876047253608704 2.2798383235931396 0.6652602553367615 
1.2553794384002686 2.4833056926727295 0.262170672416687 2.221135139465332 0.6506199836730957 
1.46953547000885 2.5528881549835205 0.2682209610939026 2.2846670150756836 0.6640806198120117 
1.1411693096160889 2.490152597427368 0.25829750299453735 2.2318549156188965 0.6390141248703003 
1.2488075494766235 2.544157028198242 0.2697157859802246 2.2744412422180176 0.6689074039459229 
1.7036609649658203 2.653866767883301 0.2954931855201721 2.3583734035491943 0.7348749041557312 
1.2656080722808838 2.597559690475464 0.27620139718055725 2.3213582038879395 0.6829556226730347 
1.2248480319976807 2.5505306720733643 0.26848018169403076 2.282050609588623 0.6641209125518799 
1.348482370376587 2.5815491676330566 0.2797843813896179 2.301764726638794 0.6946280002593994 
1.5178303718566895 2.6675539016723633 0.2963496446609497 2.371204137802124 0.7362661361694336 
1.0582033395767212 2.5216050148010254 0.2579454183578491 2.2636594772338867 0.636166512966156 
1.3348498344421387 2.6460165977478027 0.2832051217556 2.362811326980591 0.6997426748275757 
1.465198040008545 2.6434693336486816 0.28360915184020996 2.3598601818084717 0.7013503313064575 
1.1989493370056152 2.560850143432617 0.2723684310913086 2.2884817123413086 0.6753957271575928 
1.3025614023208618 2.599677562713623 0.2823672294616699 2.317310094833374 0.7012519836425781 
1.448485255241394 2.653862714767456 0.2912743091583252 2.362588405609131 0.7227716445922852 
1.506264328956604 2.6033480167388916 0.2838437855243683 2.3195042610168457 0.7046834230422974 
1.0248634815216064 2.494539499282837 0.2620803713798523 2.23245906829834 0.6508785486221313 
1.0613956451416016 2.5299787521362305 0.2645428776741028 2.2654361724853516 0.6551206111907959 
1.0979077816009521 2.5453386306762695 0.27259236574172974 2.2727460861206055 0.6769900321960449 
1.1413084268569946 2.5588297843933105 0.2784796953201294 2.2803502082824707 0.6928955316543579 
1.0453684329986572 2.5051538944244385 0.26494067907333374 2.24021315574646 0.657132089138031 
1.3962233066558838 2.576812982559204 0.27426329255104065 2.302549362182617 0.6791495084762573 
1.2154680490493774 2.563528537750244 0.27659040689468384 2.286937952041626 0.6865745782852173 
1.1581624746322632 2.5245137214660645 0.2696150541305542 2.2548985481262207 0.6697818040847778 
1.08073091506958 2.538227081298828 0.2715182900428772 2.2667088508605957 0.6745430827140808 
1.1136456727981567 2.4925284385681152 0.2587624192237854 2.2337660789489746 0.6400977373123169 
1.0269105434417725 2.4862518310546875 0.26458847522735596 2.221663236618042 0.6578558683395386 
1.1111881732940674 2.488905429840088 0.2573504149913788 2.2315549850463867 0.6376700401306152 
1.3108117580413818 2.554814338684082 0.2740676999092102 2.2807466983795166 0.6802303194999695 
0.888731837272644 2.44645357131958 0.25462663173675537 2.191826820373535 0.6320757269859314 
1.3511264324188232 2.5978169441223145 0.28288280963897705 2.314934253692627 0.7018865346908569 
1.201158046722412 2.531615972518921 0.26438429951667786 2.2672319412231445 0.653976321220398 
1.4608097076416016 2.5651369094848633 0.27732861042022705 2.287808418273926 0.6877748966217041 
1.255635380744934 2.480320930480957 0.26525044441223145 2.2150704860687256 0.6585750579833984 
1.1101709604263306 2.4501304626464844 0.25442078709602356 2.195709705352783 0.6307597756385803 
1.1085387468338013 2.4839556217193604 0.2622222900390625 2.2217330932617188 0.6505964994430542 
1.5326615571975708 2.5759620666503906 0.2743585705757141 2.3016035556793213 0.6800840497016907 
1.0705525875091553 2.5778703689575195 0.27351492643356323 2.3043553829193115 0.6789421439170837 
1.2264881134033203 2.5015177726745605 0.2667791247367859 2.234738349914551 0.6632529497146606 
1.204072117805481 2.480600118637085 0.2517784535884857 2.2288217544555664 0.6210939884185791 
0.8942254781723022 2.4313201904296875 0.24747887253761292 2.1838409900665283 0.6130813360214233 
1.0602595806121826 2.50430965423584 0.25902196764945984 2.2452876567840576 0.6406117677688599 
1.3002707958221436 2.6065874099731445 0.2745455205440521 2.3320419788360596 0.6788881421089172 
1.0927889347076416 2.4975132942199707 0.26209938526153564 2.2354140281677246 0.6489743590354919 
1.26487135887146 2.5667436122894287 0.2726893126964569 2.2940542697906494 0.6757546663284302 
1.0384440422058105 2.50386381149292 0.265254944562912 2.2386088371276855 0.6587271690368652 
1.2872107028961182 2.55955171585083 0.27632975578308105 2.283222198486328 0.6866823434829712 
1.3008122444152832 2.555532455444336 0.27523741126060486 2.2802953720092773 0.6827908754348755 
1.214334487915039 2.5118513107299805 0.27103301882743835 2.2408182621002197 0.6738942861557007 
1.3617825508117676 2.693920135498047 0.29271021485328674 2.401209831237793 0.7259665727615356 
1.219179391860962 2.544847249984741 0.2753744125366211 2.269472599029541 0.6851862668991089 
1.141331672668457 2.5971012115478516 0.28058937191963196 2.316511631011963 0.6961615085601807 
1.2034531831741333 2.5253419876098633 0.26699692010879517 2.258344888687134 0.6625139713287354 
0.9156831502914429 2.450572967529297 0.24924124777317047 2.201331853866577 0.6165934801101685 
0.9424827694892883 2.4868927001953125 0.2595914602279663 2.2273013591766357 0.6446331739425659 
1.158418893814087 2.531853199005127 0.2687951922416687 2.2630579471588135 0.6668649315834045 
1.4575624465942383 2.6381983757019043 0.2915096580982208 2.346688747406006 0.7248654961585999 
1.1574220657348633 2.5439071655273438 0.2675703763961792 2.276336908340454 0.6624467968940735 
1.3210351467132568 2.584324598312378 0.27646830677986145 2.307856321334839 0.6851551532745361 
1.2911920547485352 2.590305805206299 0.2729843258857727 2.317321300506592 0.6747112274169922 
1.2710320949554443 2.5650525093078613 0.2708035707473755 2.2942488193511963 0.6704496145248413 
1.2833068370819092 2.4941065311431885 0.2610839009284973 2.233022689819336 0.6479840278625488 
1.0237852334976196 2.50948429107666 0.2645089626312256 2.2449755668640137 0.6562825441360474 
0.847969651222229 2.3745310306549072 0.2429070770740509 2.1316237449645996 0.6032058000564575 
1.150416374206543 2.5104007720947266 0.2638300061225891 2.2465708255767822 0.6547687649726868 
0.8945639729499817 2.4584639072418213 0.25907331705093384 2.1993906497955322 0.644116222858429 
0.9405198097229004 2.443844795227051 0.2523356080055237 2.1915087699890137 0.6249351501464844 
1.325186014175415 2.5435428619384766 0.2674098014831543 2.2761330604553223 0.6618821024894714 
1.3840091228485107 2.578334331512451 0.27472662925720215 2.303607940673828 0.6813914775848389 
1.1106858253479004 2.5337352752685547 0.2703203558921814 2.2634148597717285 0.671126663684845 
1.0123203992843628 2.4947433471679688 0.2606965899467468 2.2340469360351562 0.6471774578094482 
1.1018221378326416 2.51218843460083 0.26619070768356323 2.245997905731201 0.6605969667434692 
1.0174024105072021 2.4793858528137207 0.2600557506084442 2.219330310821533 0.6455898284912109 
0.8660316467285156 2.4388370513916016 0.25256550312042236 2.1862714290618896 0.6263209581375122 
0.9369689226150513 2.446986436843872 0.2478286325931549 2.19915771484375 0.6128101348876953 
1.139540433883667 2.5283381938934326 0.26916831731796265 2.259169578552246 0.6681637763977051 
1.6705360412597656 2.6885671615600586 0.29500812292099 2.393558979034424 0.7314018607139587 
1.2718477249145508 2.5138657093048096 0.2661924958229065 2.247673273086548 0.6603371500968933 
1.2032428979873657 2.4884002208709717 0.25403767824172974 2.2343626022338867 0.6267956495285034 
0.8678768873214722 2.4902665615081787 0.25901392102241516 2.231252670288086 0.6424654722213745 
1.2550886869430542 2.512152671813965 0.26245713233947754 2.249695301055908 0.6501816511154175 
1.3617019653320312 2.591622829437256 0.2766995429992676 2.3149232864379883 0.6848158836364746 
0.939389705657959 2.4798245429992676 0.2560124397277832 2.2238121032714844 0.6347440481185913 
1.1608893871307373 2.596884250640869 0.2803337872028351 2.3165504932403564 0.6963709592819214 
1.218454360961914 2.5368173122406006 0.2684241831302643 2.268393039703369 0.6663860082626343 
0.9340252876281738 2.4480652809143066 0.25332140922546387 2.194744110107422 0.6285111904144287 
1.458579659461975 2.526961326599121 0.27401942014694214 2.2529420852661133 0.6812107563018799 
1.1752965450286865 2.490018129348755 0.26238560676574707 2.227632522583008 0.6506729125976562 
1.1679129600524902 2.4979724884033203 0.26424726843833923 2.2337253093719482 0.656011164188385 
1.0683730840682983 2.5111050605773926 0.2653493285179138 2.245755672454834 0.6575491428375244 
1.133223295211792 2.5207996368408203 0.2591325044631958 2.261666774749756 0.6394234895706177 
1.3923962116241455 2.573925733566284 0.27582240104675293 2.2981033325195312 0.6838231682777405 
1.1969177722930908 2.5439109802246094 0.2713512182235718 2.272559881210327 0.6724034547805786 
1.5273555517196655 2.6647772789001465 0.28188103437423706 2.3828964233398438 0.6956983804702759 
1.0686094760894775 2.4993979930877686 0.2617906928062439 2.23760724067688 0.6483072638511658 
1.3293513059616089 2.5736143589019775 0.2754454016685486 2.2981691360473633 0.6827878355979919 
0.9033240079879761 2.424722671508789 0.2506486177444458 2.1740739345550537 0.6222796440124512 
0.9355418682098389 2.4922914505004883 0.2557831406593323 2.236508369445801 0.6327503323554993 
1.350345253944397 2.56272292137146 0.2727356255054474 2.289987087249756 0.6763553619384766 
1.4196933507919312 2.6518516540527344 0.29077547788619995 2.3610763549804688 0.7221201062202454 
1.2710553407669067 2.5510189533233643 0.27736473083496094 2.2736544609069824 0.6897183060646057 
1.3591859340667725 2.6110196113586426 0.2837013602256775 2.3273181915283203 0.703738808631897 
1.16298246383667 2.5655746459960938 0.275313138961792 2.290261745452881 0.6835781931877136 
1.413068413734436 2.607447624206543 0.28767627477645874 2.3197712898254395 0.714352011680603 
0.9550817012786865 2.488466262817383 0.2621963620185852 2.2262699604034424 0.6511256694793701 
1.2222765684127808 2.56852650642395 0.27448683977127075 2.294039726257324 0.6797025799751282 
1.2959431409835815 2.5169692039489746 0.27098348736763 2.245985507965088 0.672202467918396 
1.225365161895752 2.531444549560547 0.27073878049850464 2.2607059478759766 0.6717789173126221 
1.151068925857544 2.529559850692749 0.26815593242645264 2.261403799057007 0.6650358438491821 
1.015617847442627 2.469961166381836 0.25848501920700073 2.2114763259887695 0.6406692266464233 
1.0084469318389893 2.4476046562194824 0.2546533942222595 2.192951202392578 0.6323450803756714 
1.116661548614502 2.474925994873047 0.2605179250240326 2.2144079208374023 0.6464390754699707 
1.2541258335113525 2.438121795654297 0.25377440452575684 2.184347629547119 0.6281654834747314 
0.9782136082649231 2.4410459995269775 0.2502448558807373 2.1908011436462402 0.6192263960838318 
1.2297754287719727 2.502580165863037 0.26978278160095215 2.232797145843506 0.6708855032920837 
1.1218682527542114 2.5008506774902344 0.2657157778739929 2.2351346015930176 0.6604154706001282 
1.5326910018920898 2.621365785598755 0.2881755828857422 2.3331902027130127 0.7158255577087402 
1.1334691047668457 2.5083484649658203 0.26470932364463806 2.2436389923095703 0.6568422317504883 
1.271457314491272 2.4889023303985596 0.2618864178657532 2.227015972137451 0.6491937637329102 
1.1718904972076416 2.509829521179199 0.26398277282714844 2.245846748352051 0.6555513739585876 
0.8306803703308105 2.4344253540039062 0.2524403929710388 2.1819849014282227 0.6265362501144409 
1.2708659172058105 2.5757083892822266 0.2823311388492584 2.293377161026001 0.7022008299827576 
1.0453119277954102 2.4668211936950684 0.2535196542739868 2.213301658630371 0.6274212598800659 
0.8821555376052856 2.403393268585205 0.24174994230270386 2.1616435050964355 0.5972821712493896 
1.1825469732284546 2.548762321472168 0.2684485912322998 2.2803139686584473 0.6658961772918701 
1.2194998264312744 2.501847982406616 0.26721644401550293 2.2346315383911133 0.663873553276062 
1.1088461875915527 2.4436545372009277 0.252984881401062 2.190669536590576 0.6266145706176758 
1.4349192380905151 2.544828414916992 0.27442121505737305 2.270407199859619 0.6806881427764893 
1.3241360187530518 2.4777495861053467 0.2617134749889374 2.216035842895508 0.6491410732269287 
1.5411186218261719 2.520397663116455 0.25822001695632935 2.2621774673461914 0.6371097564697266 
1.2783284187316895 2.5476903915405273 0.2622400224208832 2.2854504585266113 0.6474876403808594 
1.1544142961502075 2.4936130046844482 0.25727909803390503 2.2363338470458984 0.6359893679618835 
1.63395357131958 2.593557834625244 0.278858482837677 2.314699172973633 0.6915743947029114 
1.2451121807098389 2.5518133640289307 0.27432510256767273 2.2774882316589355 0.6806315779685974 
1.0907422304153442 2.4732666015625 0.2548289895057678 2.218437671661377 0.6303987503051758 
1.0776262283325195 2.561800956726074 0.2740239202976227 2.2877769470214844 0.680381178855896 
1.2465566396713257 2.5882346630096436 0.28037896752357483 2.3078558444976807 0.6961519718170166 
0.9182051420211792 2.509815216064453 0.26160699129104614 2.2482082843780518 0.6486501693725586 
1.0095422267913818 2.538891315460205 0.271039754152298 2.2678513526916504 0.6735752820968628 
1.0161336660385132 2.541210174560547 0.2683509290218353 2.2728590965270996 0.6657381057739258 
1.1562286615371704 2.564305067062378 0.2744806408882141 2.2898244857788086 0.6811538934707642 
1.152886152267456 2.504098415374756 0.2611778676509857 2.242920398712158 0.6465450525283813 
1.0592955350875854 2.564866304397583 0.2708965539932251 2.2939696311950684 0.6713396310806274 
1.3212838172912598 2.612091064453125 0.2781863808631897 2.33390474319458 0.6883704662322998 
1.249556064605713 2.602742910385132 0.28427812457084656 2.318464756011963 0.7064529657363892 
1.173771619796753 2.559581995010376 0.2766175866127014 2.2829644680023193 0.6877152919769287 
1.1745489835739136 2.5356621742248535 0.2658022344112396 2.269859790802002 0.6584174633026123 
1.0716866254806519 2.5615618228912354 0.27585673332214355 2.285705089569092 0.6863992214202881 
1.0764482021331787 2.4797348976135254 0.25867220759391785 2.221062660217285 0.6407054662704468 
0.9785908460617065 2.5232064723968506 0.2621789574623108 2.2610275745391846 0.64925217628479 
0.7610913515090942 2.4282617568969727 0.23964981734752655 2.1886119842529297 0.5911568403244019 
1.2167060375213623 2.548604965209961 0.2758256793022156 2.2727792263031006 0.6855587363243103 
1.14046311378479 2.553161144256592 0.2702900171279907 2.2828712463378906 0.671149492263794 
1.2207906246185303 2.578508138656616 0.2787121534347534 2.2997961044311523 0.6928080916404724 
1.2945952415466309 2.579988479614258 0.2724989354610443 2.3074893951416016 0.6746994256973267 
0.931167483329773 2.4922332763671875 0.2601986527442932 2.232034683227539 0.6460832357406616 
0.9358736872673035 2.452183485031128 0.25259602069854736 2.199587345123291 0.6262573003768921 
1.2938425540924072 2.523972749710083 0.2712808847427368 2.2526919841766357 0.6742479801177979 
1.060713768005371 2.5300331115722656 0.26258882880210876 2.267444372177124 0.6504889726638794 
0.7811297178268433 2.3806369304656982 0.24439123272895813 2.1362457275390625 0.6077535152435303 
0.9799460768699646 2.467644214630127 0.2544967234134674 2.2131474018096924 0.6302773356437683 
1.3462681770324707 2.549900770187378 0.2735649347305298 2.2763357162475586 0.6780635714530945 
0.9939013123512268 2.497209072113037 0.258228063583374 2.238981246948242 0.6390113830566406 
0.9880645871162415 2.436652183532715 0.25518178939819336 2.1814703941345215 0.6334096193313599 
0.8486422300338745 2.471505641937256 0.25696495175361633 2.214540958404541 0.6381340026855469 
1.309305191040039 2.4556186199188232 0.2592865824699402 2.1963319778442383 0.6431427001953125 
1.0025135278701782 2.4399161338806152 0.2548157572746277 2.1851003170013428 0.6318659782409668 
1.0153251886367798 2.483781337738037 0.25886255502700806 2.224918842315674 0.641586422920227 
1.0566765069961548 2.4689078330993652 0.2599799633026123 2.208928108215332 0.6457616090774536 
1.4714223146438599 2.580474853515625 0.2806553840637207 2.2998194694519043 0.6971561312675476 
1.227341651916504 2.4325084686279297 0.2517458200454712 2.180762767791748 0.6236127614974976 
0.8921403884887695 2.471139430999756 0.2524283230304718 2.2187108993530273 0.6245580315589905 
1.4485100507736206 2.5897488594055176 0.2831842005252838 2.3065648078918457 0.7026796936988831 
1.0183178186416626 2.479243755340576 0.25701674818992615 2.222227096557617 0.6364277601242065 
0.9783902168273926 2.5069570541381836 0.26415520906448364 2.242802143096924 0.6556436419487 
1.3370933532714844 2.600738286972046 0.28628647327423096 2.3144516944885254 0.7126014232635498 
1.1473442316055298 2.544804096221924 0.27180027961730957 2.2730038166046143 0.674816370010376 
1.2281783819198608 2.539060115814209 0.27282336354255676 2.2662367820739746 0.6770912408828735 
1.2407389879226685 2.5367794036865234 0.27246010303497314 2.2643189430236816 0.6767501831054688 
0.955471396446228 2.500037908554077 0.2590870261192322 2.2409510612487793 0.6420047879219055 
1.2355751991271973 2.4816136360168457 0.264784038066864 2.216829776763916 0.6581500768661499 
1.0227630138397217 2.4690170288085938 0.25554823875427246 2.213468551635742 0.6328179836273193 
1.0681586265563965 2.487619400024414 0.2634078860282898 2.2242116928100586 0.6535470485687256 
1.277869701385498 2.515780448913574 0.26840370893478394 2.2473766803741455 0.6648934483528137 
1.5531983375549316 2.595816135406494 0.27647650241851807 2.3193395137786865 0.6844427585601807 
0.9971684217453003 2.435629367828369 0.24761773645877838 2.188011646270752 0.6118751764297485 
1.010239839553833 2.4660301208496094 0.2552945613861084 2.210735559463501 0.6315912008285522 
0.9907514452934265 2.427013874053955 0.24948753416538239 2.1775264739990234 0.6173229217529297 
1.033193826675415 2.490891695022583 0.25908684730529785 2.231804847717285 0.6428313255310059 
0.9254366755485535 2.4573097229003906 0.25631770491600037 2.2009921073913574 0.6355338096618652 
1.211888313293457 2.418588876724243 0.24089540541172028 2.1776933670043945 0.594483494758606 
1.2072752714157104 2.5612239837646484 0.27344322204589844 2.28778076171875 0.6784323453903198 
1.251267910003662 2.5186638832092285 0.2659299075603485 2.2527337074279785 0.6588476300239563 
1.1222034692764282 2.553314685821533 0.27447640895843506 2.2788381576538086 0.6820946931838989 
0.9847311973571777 2.408194065093994 0.24943731725215912 2.158756732940674 0.6183529496192932 
0.9357317686080933 2.487400531768799 0.2563304901123047 2.231070041656494 0.6342384815216064 
1.2923376560211182 2.5103940963745117 0.2668389081954956 2.2435553073883057 0.6623468995094299 
1.2035319805145264 2.427126169204712 0.25164955854415894 2.175476551055908 0.6229353547096252 
1.233022689819336 2.4811885356903076 0.26304128766059875 2.2181472778320312 0.652854323387146 
0.8818279504776001 2.415607213973999 0.2468777596950531 2.168729305267334 0.612196147441864 
1.3023300170898438 2.5630545616149902 0.27468758821487427 2.2883667945861816 0.6817091703414917 
1.7060844898223877 2.625133514404297 0.2867944836616516 2.338338851928711 0.7123472094535828 
1.2786513566970825 2.5520009994506836 0.2697754204273224 2.2822253704071045 0.6677128672599792 
1.3810594081878662 2.548933982849121 0.27060675621032715 2.278327226638794 0.6698622703552246 
1.1561230421066284 2.4835333824157715 0.2659621238708496 2.217571258544922 0.6605578064918518 
1.0935981273651123 2.470120429992676 0.2559674382209778 2.2141530513763428 0.6331591010093689 
1.1918318271636963 2.5121045112609863 0.2647770643234253 2.2473275661468506 0.6562720537185669 
1.1315938234329224 2.5453503131866455 0.2703244090080261 2.2750258445739746 0.6695751547813416 
1.270263910293579 2.6151442527770996 0.28123441338539124 2.3339099884033203 0.6980447769165039 
1.3477895259857178 2.576061964035034 0.27880585193634033 2.2972559928894043 0.6916845440864563 
1.1402037143707275 2.519869327545166 0.2640598714351654 2.2558093070983887 0.6537466645240784 
1.2759101390838623 2.4910101890563965 0.26111549139022827 2.2298946380615234 0.6468984484672546 
1.3614338636398315 2.596233367919922 0.2845692038536072 2.31166410446167 0.7074400186538696 
0.9956895112991333 2.4387731552124023 0.25140005350112915 2.187373161315918 0.6226475238800049 
1.2005670070648193 2.4957528114318848 0.2654329240322113 2.2303199768066406 0.6591930389404297 
1.131075382232666 2.5587098598480225 0.2753273844718933 2.2833821773529053 0.6840951442718506 
1.0362025499343872 2.508105754852295 0.26416200399398804 2.243943929672241 0.6550322771072388 
0.9427372813224792 2.444953441619873 0.2530484199523926 2.1919050216674805 0.6275018453598022 
1.1447021961212158 2.5823299884796143 0.2750146687030792 2.3073153495788574 0.6821565628051758 
0.9717462062835693 2.4790163040161133 0.25992199778556824 2.2190942764282227 0.6443654298782349 
1.058321237564087 2.4361090660095215 0.254692018032074 2.1814169883728027 0.6322280764579773 
0.8673731684684753 2.4162421226501465 0.24621447920799255 2.170027732849121 0.6095619201660156 
0.8338350057601929 2.4209909439086914 0.2456170916557312 2.1753737926483154 0.6077746152877808 
1.40994393825531 2.587392568588257 0.28080612421035767 2.306586265563965 0.6969947814941406 
1.1502392292022705 2.496710777282715 0.2686651647090912 2.2280454635620117 0.6678452491760254 
1.0375263690948486 2.4598066806793213 0.2591092586517334 2.200697422027588 0.6433238983154297 
1.0075833797454834 2.520040273666382 0.26445505023002625 2.2555854320526123 0.6558232307434082 
1.325417160987854 2.5050125122070312 0.27161335945129395 2.233398914337158 0.6754871606826782 
1.0747557878494263 2.4773573875427246 0.2566794157028198 2.2206780910491943 0.6355025172233582 
0.8963347673416138 2.3936851024627686 0.24124005436897278 2.152445077896118 0.5967484712600708 
1.166196584701538 2.455376625061035 0.2545938491821289 2.200782537460327 0.6311662197113037 
1.0330421924591064 2.5070724487304688 0.2612144351005554 2.2458579540252686 0.6471599340438843 
0.9910535216331482 2.4247629642486572 0.2514652609825134 2.173297643661499 0.6238779425621033 
0.7920379042625427 2.437574863433838 0.2480817288160324 2.189493179321289 0.6142767667770386 
1.0202099084854126 2.4603705406188965 0.25666943192481995 2.2037012577056885 0.6359527111053467 
1.0545457601547241 2.5067849159240723 0.26022207736968994 2.2465627193450928 0.6437423229217529 
0.8203550577163696 2.385690212249756 0.24256303906440735 2.14312744140625 0.6010468602180481 
1.255994439125061 2.5064260959625244 0.2556647062301636 2.2507612705230713 0.6300441026687622 
1.0085591077804565 2.431828260421753 0.25579404830932617 2.1760342121124268 0.6353439092636108 
1.2449166774749756 2.46504545211792 0.2565450072288513 2.208500385284424 0.6349145174026489 
0.9802007675170898 2.4109339714050293 0.2485814243555069 2.1623525619506836 0.6163994073867798 
1.0886225700378418 2.4252452850341797 0.25285327434539795 2.172391891479492 0.6265597939491272 
1.019857406616211 2.5045089721679688 0.2681446969509125 2.2363641262054443 0.6666048169136047 
1.0894749164581299 2.4861555099487305 0.26209932565689087 2.2240562438964844 0.6504390239715576 
1.2386295795440674 2.5403571128845215 0.27498766779899597 2.265369415283203 0.6845532655715942 
1.0562279224395752 2.487962245941162 0.2643979489803314 2.223564624786377 0.6572621464729309 
1.223421573638916 2.459111213684082 0.26314249634742737 2.1959688663482666 0.6543445587158203 
1.0018291473388672 2.4487340450286865 0.25741344690322876 2.1913206577301025 0.6392468214035034 
1.1076732873916626 2.562007427215576 0.27048608660697937 2.2915210723876953 0.6701603531837463 
1.1370463371276855 2.5197830200195312 0.2715315520763397 2.248251438140869 0.6753405332565308 
1.4800951480865479 2.610707998275757 0.28271231055259705 2.327995777130127 0.7001388072967529 
0.9431300163269043 2.456820011138916 0.2553086578845978 2.2015113830566406 0.6336302161216736 
0.9480450749397278 2.418971061706543 0.2492040991783142 2.169766902923584 0.6170167326927185 
1.1727215051651 2.4904961585998535 0.25855910778045654 2.2319369316101074 0.6399126648902893 
1.1633944511413574 2.518819808959961 0.2649669945240021 2.2538528442382812 0.6563844084739685 
1.5433015823364258 2.5857529640197754 0.27467411756515503 2.3110787868499756 0.6791352033615112 
1.0452840328216553 2.4464516639709473 0.250658243894577 2.195793628692627 0.6200385093688965 
1.171790599822998 2.5410144329071045 0.271992564201355 2.26902174949646 0.6746606826782227 
1.2218163013458252 2.4825849533081055 0.26483529806137085 2.2177493572235107 0.6575301885604858 
0.9889061450958252 2.4284844398498535 0.2466106414794922 2.1818737983703613 0.6103357076644897 
1.2379621267318726 2.5783910751342773 0.27921533584594727 2.29917573928833 0.6937720775604248 
1.2019284963607788 2.4943008422851562 0.26651260256767273 2.2277884483337402 0.661803662776947 
1.0596535205841064 2.4815988540649414 0.25945454835891724 2.222144603729248 0.6434803009033203 
1.0418227910995483 2.46364164352417 0.26031407713890076 2.2033274173736572 0.6473948955535889 
0.8202910423278809 2.4299418926239014 0.24508722126483917 2.184854507446289 0.6067449450492859 
0.9193709492683411 2.426797389984131 0.24601128697395325 2.1807861328125 0.607933521270752 
0.9972382187843323 2.45760440826416 0.25508913397789 2.2025153636932373 0.631962776184082 
1.3670252561569214 2.5585222244262695 0.2720414996147156 2.2864809036254883 0.6733267307281494 
1.1858088970184326 2.5173356533050537 0.2643563747406006 2.252979278564453 0.6556445360183716 
1.099171757698059 2.436551570892334 0.2540845274925232 2.182466983795166 0.6315262913703918 
1.1061477661132812 2.4082119464874268 0.25143375992774963 2.156778335571289 0.6247113943099976 
1.322494626045227 2.5237858295440674 0.2730448842048645 2.2507410049438477 0.6778194904327393 
1.0612691640853882 2.4743895530700684 0.25972655415534973 2.21466326713562 0.6448298096656799 
1.22898268699646 2.539400815963745 0.27290791273117065 2.2664928436279297 0.6774548292160034 
0.9295845627784729 2.493347406387329 0.2615748643875122 2.2317726612091064 0.6491735577583313 
1.362891674041748 2.5120832920074463 0.2684084177017212 2.2436747550964355 0.6664990782737732 
0.9596351981163025 2.480325222015381 0.2559880018234253 2.224337339401245 0.6350871324539185 
0.8955262899398804 2.4528400897979736 0.24916593730449677 2.20367431640625 0.6150200366973877 
0.8922429084777832 2.4695451259613037 0.2513730227947235 2.218172073364258 0.6225774884223938 
0.7766454219818115 2.390437602996826 0.2434539645910263 2.1469836235046387 0.6036520004272461 
1.095463752746582 2.5189340114593506 0.2639160752296448 2.2550182342529297 0.6534004807472229 
1.2032785415649414 2.49877667427063 0.2651885747909546 2.233588218688965 0.6573914289474487 
0.7672892808914185 2.367770195007324 0.23920121788978577 2.1285691261291504 0.5930395126342773 
1.0388340950012207 2.4320900440216064 0.2571832537651062 2.1749067306518555 0.6391570568084717 
1.162949562072754 2.5646257400512695 0.27325162291526794 2.2913742065429688 0.677560567855835 
0.9340165257453918 2.4745163917541504 0.25134944915771484 2.2231669425964355 0.6208758354187012 
1.1950969696044922 2.515925407409668 0.26837435364723206 2.2475509643554688 0.6658603549003601 
1.0971052646636963 2.49764347076416 0.251503586769104 2.2461400032043457 0.6200934648513794 
1.0691373348236084 2.4791617393493652 0.2609298825263977 2.2182319164276123 0.6466652154922485 
1.291644811630249 2.555842876434326 0.272119402885437 2.2837235927581787 0.6744287610054016 
1.145071268081665 2.5499699115753174 0.27129852771759033 2.2786712646484375 0.6725822687149048 
1.0847601890563965 2.4873595237731934 0.25984084606170654 2.2275190353393555 0.6445456743240356 
0.9514687061309814 2.474135398864746 0.2544735074043274 2.2196619510650635 0.629866898059845 
0.9250342845916748 2.444289445877075 0.25678950548171997 2.1875 0.6383375525474548 
0.9483863115310669 2.480736255645752 0.2565770745277405 2.2241592407226562 0.6356167793273926 
1.2057925462722778 2.4473538398742676 0.2537199556827545 2.193634033203125 0.6286327838897705 
0.9632441997528076 2.419424533843994 0.25550180673599243 2.1639227867126465 0.6364009380340576 
0.9069571495056152 2.45890736579895 0.2567911148071289 2.202116012573242 0.6377917528152466 
1.262028455734253 2.5543017387390137 0.27471014857292175 2.2795915603637695 0.6812841892242432 
1.0308842658996582 2.500498056411743 0.2664702832698822 2.234027862548828 0.6623756885528564 
1.0599408149719238 2.4541335105895996 0.2556140124797821 2.198519468307495 0.6330908536911011 
1.3828034400939941 2.6057236194610596 0.2802170515060425 2.3255066871643066 0.6948756575584412 
1.0667749643325806 2.5242884159088135 0.26789289712905884 2.2563955783843994 0.6652436256408691 
1.0592042207717896 2.5206661224365234 0.26466697454452515 2.2559990882873535 0.6550295948982239 
1.047322392463684 2.4377055168151855 0.2570323944091797 2.180673360824585 0.6388113498687744 
1.1091222763061523 2.5088329315185547 0.2627286911010742 2.2461040019989014 0.6513452529907227 
1.2320923805236816 2.5594475269317627 0.27436769008636475 2.2850797176361084 0.6810165643692017 
1.0492608547210693 2.448269844055176 0.25919681787490845 2.189073085784912 0.644320011138916 
0.9624516367912292 2.42738676071167 0.2513052821159363 2.176081657409668 0.622773289680481 
1.1512404680252075 2.517826557159424 0.25953802466392517 2.258288621902466 0.6420361995697021 
1.3008524179458618 2.568106174468994 0.2712051272392273 2.296900749206543 0.6716777086257935 
0.844580888748169 2.427837371826172 0.2500435709953308 2.1777939796447754 0.6204203963279724 
1.2192023992538452 2.546816349029541 0.27062898874282837 2.2761874198913574 0.6713691353797913 
0.9331457614898682 2.385584831237793 0.24522291123867035 2.140362024307251 0.6085000038146973 
1.3386433124542236 2.521566867828369 0.26398295164108276 2.2575840950012207 0.6542994976043701 
1.1374945640563965 2.5168018341064453 0.26624101400375366 2.250560998916626 0.660181999206543 
1.2811294794082642 2.4349365234375 0.2472793161869049 2.187657356262207 0.6109708547592163 
0.9092375040054321 2.425713539123535 0.24556303024291992 2.1801507472991943 0.6067409515380859 
1.122249722480774 2.509004592895508 0.26499268412590027 2.244011640548706 0.6571429967880249 
0.9227333068847656 2.497678279876709 0.25434696674346924 2.24333119392395 0.6285238265991211 
0.990381121635437 2.4701313972473145 0.26087772846221924 2.2092537879943848 0.6481082439422607 
1.1051965951919556 2.4930405616760254 0.26184624433517456 2.231194257736206 0.649402379989624 
1.5056021213531494 2.6160669326782227 0.28561902046203613 2.3304481506347656 0.7088915109634399 
1.1810860633850098 2.545222759246826 0.26882684230804443 2.276395797729492 0.6673369407653809 
1.0538853406906128 2.483832836151123 0.2567150592803955 2.2271175384521484 0.6352653503417969 
1.2048219442367554 2.495929718017578 0.2619357705116272 2.2339940071105957 0.6493462920188904 
1.0555133819580078 2.5057637691497803 0.2639443278312683 2.241819381713867 0.6540912389755249 
1.2413607835769653 2.5136141777038574 0.26682376861572266 2.246790647506714 0.6628482937812805 
0.794512152671814 2.3882813453674316 0.24233204126358032 2.145949363708496 0.6006327867507935 
1.0700900554656982 2.5220401287078857 0.26730436086654663 2.2547357082366943 0.6639065742492676 
1.1245038509368896 2.507564067840576 0.2658849358558655 2.2416791915893555 0.6596704721450806 
1.4217562675476074 2.572798728942871 0.2738743722438812 2.298924446105957 0.6791466474533081 
1.2535855770111084 2.5339243412017822 0.2740991711616516 2.2598252296447754 0.6809802055358887 
1.3866517543792725 2.6567018032073975 0.2891605496406555 2.3675413131713867 0.7166967391967773 
1.104175090789795 2.505800724029541 0.26601529121398926 2.239785671234131 0.6604491472244263 
1.273681402206421 2.526279926300049 0.2704145908355713 2.2558653354644775 0.6711149215698242 
0.8569229245185852 2.4838547706604004 0.25770992040634155 2.226144790649414 0.6391638517379761 
0.8641027808189392 2.4533488750457764 0.2513296604156494 2.202019214630127 0.6220332384109497 
1.0805020332336426 2.4799141883850098 0.26248425245285034 2.2174298763275146 0.6523290276527405 
1.1678286790847778 2.5286827087402344 0.2664874792098999 2.262195110321045 0.6602822542190552 
1.1424338817596436 2.4961729049682617 0.26521122455596924 2.230961799621582 0.6589334607124329 
1.1041297912597656 2.5652530193328857 0.27290090918540955 2.2923521995544434 0.6772552728652954 
1.052931547164917 2.422657012939453 0.2500004172325134 2.172656536102295 0.6207104921340942 
0.7029992938041687 2.371783494949341 0.23671618103981018 2.1350669860839844 0.5861836671829224 
0.9512425661087036 2.543914556503296 0.27102333307266235 2.272891044616699 0.6737462282180786 
0.833296537399292 2.5241971015930176 0.2640090882778168 2.260188102722168 0.6557028293609619 
0.9650989770889282 2.415039539337158 0.24956461787223816 2.1654748916625977 0.6187524795532227 
0.8717855215072632 2.395887613296509 0.24686866998672485 2.1490190029144287 0.6125822067260742 
1.2299935817718506 2.5514822006225586 0.2726481854915619 2.278834104537964 0.6762639284133911 
1.1856379508972168 2.4190635681152344 0.2538926601409912 2.165170907974243 0.6300955414772034 
0.9846480488777161 2.4764771461486816 0.259495347738266 2.216981887817383 0.6444063186645508 
1.1344609260559082 2.489914894104004 0.2622244954109192 2.2276904582977295 0.6501258611679077 
0.9224538207054138 2.46187162399292 0.25386476516723633 2.2080068588256836 0.6293559074401855 
1.195540428161621 2.536801338195801 0.27205848693847656 2.264742851257324 0.6755871772766113 
0.9511532783508301 2.451545238494873 0.25630754232406616 2.195237636566162 0.6367141008377075 
0.9251909255981445 2.4304099082946777 0.2511899471282959 2.179219961166382 0.6226228475570679 
0.9575783014297485 2.418694496154785 0.25191324949264526 2.166781187057495 0.6250361800193787 
1.059596061706543 2.482011079788208 0.2610374093055725 2.2209737300872803 0.6475414037704468 
0.9402382373809814 2.4688963890075684 0.25860726833343506 2.210289239883423 0.6413971185684204 
1.1085772514343262 2.5610194206237793 0.2753264605998993 2.2856929302215576 0.6837649345397949 
1.1640679836273193 2.4766721725463867 0.25997716188430786 2.2166948318481445 0.6449601054191589 
0.9315927028656006 2.4115233421325684 0.2516937851905823 2.159829616546631 0.6250592470169067 
1.2596547603607178 2.470412254333496 0.2556965947151184 2.2147154808044434 0.6324846148490906 
0.9016357660293579 2.368748426437378 0.23805764317512512 2.130690813064575 0.5901909470558167 
1.183855414390564 2.471795082092285 0.2478788197040558 2.2239162921905518 0.6102222204208374 
0.9681220054626465 2.476693630218506 0.2580159902572632 2.2186779975891113 0.6397528648376465 
0.8136916160583496 2.4133012294769287 0.24456365406513214 2.1687374114990234 0.6059285402297974 
0.9908928871154785 2.463529586791992 0.26051023602485657 2.203019380569458 0.6474644541740417 
1.2088338136672974 2.4668850898742676 0.25734853744506836 2.209536552429199 0.6372941732406616 
1.1244994401931763 2.5290703773498535 0.27169090509414673 2.2573795318603516 0.6754252910614014 
0.8719103336334229 2.4347758293151855 0.24961714446544647 2.1851587295532227 0.6186832785606384 
0.9117487668991089 2.4216511249542236 0.2509186863899231 2.1707324981689453 0.6222152709960938 
1.083539605140686 2.4850409030914307 0.2583138644695282 2.22672700881958 0.6399719715118408 
1.002306342124939 2.4810521602630615 0.25670260190963745 2.2243494987487793 0.6360610127449036 
1.2294738292694092 2.483778476715088 0.2634832262992859 2.2202954292297363 0.6547887325286865 
1.157535433769226 2.448140859603882 0.2575262188911438 2.190614700317383 0.6396039724349976 
1.0213892459869385 2.456869602203369 0.2567328214645386 2.200136661529541 0.6366657018661499 
1.014114499092102 2.4709696769714355 0.2586532235145569 2.2123162746429443 0.6420472860336304 
1.2975915670394897 2.516781806945801 0.26914966106414795 2.2476322650909424 0.6679109334945679 
0.9900143146514893 2.455387592315674 0.2530624270439148 2.2023253440856934 0.6267859935760498 
1.1223573684692383 2.466606616973877 0.2587131857872009 2.2078933715820312 0.6412118673324585 
1.2559711933135986 2.5333921909332275 0.270163357257843 2.2632288932800293 0.6690298318862915 
0.7266857624053955 2.3764138221740723 0.2418210208415985 2.1345925331115723 0.5999003052711487 
1.1360023021697998 2.450918197631836 0.2556411623954773 2.195277214050293 0.6337428689002991 
0.9571343660354614 2.495871067047119 0.2612512707710266 2.2346200942993164 0.6480657458305359 
1.246999740600586 2.5833418369293213 0.275258332490921 2.3080835342407227 0.6824597120285034 
1.0508772134780884 2.4467411041259766 0.253290593624115 2.193450450897217 0.6264373064041138 
1.367466688156128 2.5932669639587402 0.2831213176250458 2.310145854949951 0.7040543556213379 
1.1405298709869385 2.498588800430298 0.259677529335022 2.2389111518859863 0.6426569223403931 
1.2644388675689697 2.576061725616455 0.2777954936027527 2.2982664108276367 0.6887141466140747 
1.110161304473877 2.454625129699707 0.25753405690193176 2.1970911026000977 0.6390400528907776 
0.8395516872406006 2.403900623321533 0.2437010109424591 2.1601996421813965 0.6029953956604004 
1.119994044303894 2.5289270877838135 0.26984715461730957 2.259079933166504 0.6702941060066223 
1.122964859008789 2.48238468170166 0.2644617557525635 2.217923164367676 0.6565884351730347 
0.8812732696533203 2.428288221359253 0.24806471168994904 2.1802234649658203 0.6142152547836304 
0.795052707195282 2.4080770015716553 0.24730941653251648 2.1607675552368164 0.6136103868484497 
1.4031434059143066 2.6003942489624023 0.282256543636322 2.3181378841400146 0.7000681161880493 
0.9439420104026794 2.408191204071045 0.24359031021595 2.1646006107330322 0.6016478538513184 
1.2137560844421387 2.4971187114715576 0.26429420709609985 2.2328243255615234 0.6561414003372192 
1.2475675344467163 2.5308072566986084 0.2727588415145874 2.2580485343933105 0.6779605746269226 
1.3455699682235718 2.5393271446228027 0.2784934937953949 2.260833501815796 0.6930980682373047 
0.8432126641273499 2.3977856636047363 0.2453307807445526 2.1524548530578613 0.6090373992919922 
0.99476557970047 2.5225396156311035 0.26688289642333984 2.2556567192077637 0.6629806756973267 
1.3004827499389648 2.5485239028930664 0.2691102921962738 2.2794134616851807 0.6675289869308472 
0.8436563014984131 2.369046211242676 0.24191886186599731 2.1271274089813232 0.5997751355171204 
1.0031477212905884 2.477565050125122 0.2578944265842438 2.2196707725524902 0.6392225623130798 
1.067793846130371 2.4723422527313232 0.2621576189994812 2.2101845741271973 0.6511940360069275 
0.9480164051055908 2.5124635696411133 0.2594163417816162 2.253046989440918 0.6423349380493164 
1.629082441329956 2.636174440383911 0.28900784254074097 2.3471665382385254 0.7164584994316101 
0.9839175939559937 2.488337278366089 0.2556875944137573 2.232649803161621 0.6326261162757874 
1.1960289478302002 2.507073402404785 0.2584296464920044 2.2486438751220703 0.637810468673706 
1.1973474025726318 2.500626564025879 0.26457229256629944 2.2360544204711914 0.6573021411895752 
1.1747026443481445 2.507429361343384 0.2623022794723511 2.2451272010803223 0.6504123210906982 
1.2285462617874146 2.5245704650878906 0.2648102045059204 2.2597603797912598 0.6552687287330627 
0.9607861042022705 2.387324810028076 0.24187186360359192 2.1454529762268066 0.5981449484825134 
1.243250846862793 2.506844997406006 0.26114484667778015 2.2457001209259033 0.6453940868377686 
1.2575325965881348 2.4995617866516113 0.26210659742355347 2.237455129623413 0.6485849022865295 
1.070502758026123 2.4680652618408203 0.26236504316329956 2.205700397491455 0.6519819498062134 
0.9486851692199707 2.490974187850952 0.26094555854797363 2.2300286293029785 0.6473981142044067 
1.0744320154190063 2.520508289337158 0.2644522190093994 2.256056070327759 0.6559221744537354 
1.0913883447647095 2.5048093795776367 0.2587008476257324 2.2461085319519043 0.6406078338623047 
0.8171185851097107 2.3827929496765137 0.24187636375427246 2.140916347503662 0.5990699529647827 
1.2053849697113037 2.4952054023742676 0.266357421875 2.2288479804992676 0.6616025567054749 
0.9954209327697754 2.4769389629364014 0.2595481276512146 2.217391014099121 0.6430803537368774 
0.7550404071807861 2.417916774749756 0.2465863823890686 2.171330451965332 0.6116206645965576 
1.038203239440918 2.474479913711548 0.26060792803764343 2.213872194290161 0.6474756002426147 
1.4833285808563232 2.5934600830078125 0.282742977142334 2.3107171058654785 0.70223069190979 
0.8289171457290649 2.44865345954895 0.25403493642807007 2.1946187019348145 0.6308671236038208 
1.1870217323303223 2.4480996131896973 0.25689592957496643 2.1912035942077637 0.6366720199584961 
1.0590871572494507 2.505443572998047 0.265086829662323 2.240356922149658 0.6573203802108765 
1.2064067125320435 2.509220600128174 0.2700963616371155 2.239124059677124 0.6703339219093323 
1.0979242324829102 2.432194232940674 0.2565242350101471 2.1756696701049805 0.6372222900390625 
1.0263453722000122 2.4822211265563965 0.25841403007507324 2.2238070964813232 0.6404303908348083 
0.9764878749847412 2.4093213081359863 0.2523632049560547 2.1569581031799316 0.6271867752075195 
1.164004921913147 2.6233856678009033 0.27419230341911316 2.3491933345794678 0.6775346994400024 
1.4146244525909424 2.5864951610565186 0.2709324359893799 2.3155627250671387 0.6690601110458374 
0.7981908321380615 2.395437717437744 0.24242456257343292 2.153013229370117 0.6004872918128967 
1.2380247116088867 2.553736686706543 0.2661625146865845 2.287574529647827 0.657721757888794 
1.1615897417068481 2.4647908210754395 0.2570009231567383 2.207789897918701 0.6365012526512146 
1.1833698749542236 2.4317784309387207 0.2544602155685425 2.1773183345794678 0.6308839321136475 
0.8470854759216309 2.3995723724365234 0.24096053838729858 2.15861177444458 0.5963042974472046 
0.9929107427597046 2.4468417167663574 0.25721731781959534 2.189624309539795 0.639175534248352 
0.8717236518859863 2.415742874145508 0.2518714666366577 2.1638712882995605 0.6262686252593994 
0.9182236790657043 2.417701244354248 0.25183695554733276 2.1658644676208496 0.6254364848136902 
1.3455569744110107 2.5024850368499756 0.26742297410964966 2.2350621223449707 0.6646068096160889 
1.3240522146224976 2.505174160003662 0.2673771381378174 2.2377970218658447 0.6646804809570312 
0.8849619626998901 2.434483051300049 0.2530168890953064 2.1814661026000977 0.6286771893501282 
1.0302380323410034 2.4961647987365723 0.26660972833633423 2.2295548915863037 0.6634964346885681 
0.9527184963226318 2.501002311706543 0.2559463381767273 2.245055913925171 0.633028507232666 
0.9879180788993835 2.4739503860473633 0.2609427571296692 2.2130074501037598 0.6483727693557739 
0.975226640701294 2.4585955142974854 0.2561132311820984 2.202482223510742 0.6349387168884277 
1.2730997800827026 2.4952592849731445 0.2694462835788727 2.2258129119873047 0.6703321933746338 
0.9074279069900513 2.4248263835906982 0.25039491057395935 2.174431324005127 0.6213715672492981 
0.8478148579597473 2.428992748260498 0.24661818146705627 2.1823744773864746 0.6099225282669067 
1.0562689304351807 2.5181784629821777 0.2643493413925171 2.2538294792175293 0.6554661393165588 
1.1171468496322632 2.4841346740722656 0.26386794447898865 2.220266580581665 0.6549343466758728 
0.9926844835281372 2.473832607269287 0.259321928024292 2.214510679244995 0.6430503129959106 
1.1823205947875977 2.523475170135498 0.2684038281440735 2.2550714015960693 0.666562557220459 
0.8180586099624634 2.47501540184021 0.2542480528354645 2.2207674980163574 0.6299722194671631 
0.9686571955680847 2.4644970893859863 0.25994637608528137 2.2045507431030273 0.64527428150177 
0.85548996925354 2.454807996749878 0.2547115683555603 2.200096368789673 0.6320781707763672 
0.884096622467041 2.3747143745422363 0.24072523415088654 2.1339893341064453 0.5962669253349304 
1.2170538902282715 2.5233664512634277 0.2654855251312256 2.2578811645507812 0.6574959754943848 
1.0034408569335938 2.416055679321289 0.2470303773880005 2.169025421142578 0.6108304262161255 
0.9985948801040649 2.4820361137390137 0.2577105760574341 2.224325180053711 0.6380099058151245 
0.9071923494338989 2.4350805282592773 0.24916589260101318 2.185914993286133 0.6169117093086243 
0.8653213977813721 2.388169288635254 0.24131742119789124 2.1468520164489746 0.5972622632980347 
1.0101253986358643 2.3919265270233154 0.25301113724708557 2.1389153003692627 0.6292530298233032 
1.0390734672546387 2.4411778450012207 0.25218260288238525 2.188995122909546 0.6260973215103149 
0.859176516532898 2.4043052196502686 0.2450900673866272 2.159214973449707 0.606896162033081 
0.9662193059921265 2.408121109008789 0.25358307361602783 2.1545379161834717 0.631151556968689 
0.9941372871398926 2.4841883182525635 0.2640303373336792 2.220158100128174 0.656161904335022 
0.9080666303634644 2.428835391998291 0.24763374030590057 2.181201457977295 0.6135798096656799 
1.1431264877319336 2.4778525829315186 0.26546651124954224 2.212386131286621 0.6595951318740845 
1.1394290924072266 2.5069541931152344 0.2667901813983917 2.240164279937744 0.6618747115135193 
0.9251330494880676 2.489518165588379 0.2566341161727905 2.232883930206299 0.6351401805877686 
0.8765175342559814 2.440108060836792 0.24957053363323212 2.190537452697754 0.618571400642395 
0.8616527915000916 2.4278759956359863 0.2504648268222809 2.1774110794067383 0.6218510866165161 
0.8858737945556641 2.4404542446136475 0.24716946482658386 2.193284511566162 0.6113622188568115 
1.1505423784255981 2.515329360961914 0.26820674538612366 2.2471227645874023 0.665839672088623 
0.836599588394165 2.4373884201049805 0.24680836498737335 2.190579891204834 0.6112141013145447 
0.8423669338226318 2.4040441513061523 0.24560058116912842 2.1584436893463135 0.608594536781311 
1.1302523612976074 2.4756627082824707 0.26241523027420044 2.213247776031494 0.6513646245002747 
1.1332571506500244 2.506648063659668 0.2673068940639496 2.2393410205841064 0.664605975151062 
1.00600266456604 2.3817331790924072 0.2496446669101715 2.1320886611938477 0.6206253170967102 
1.1896421909332275 2.4988021850585938 0.2673669755458832 2.2314352989196777 0.6648765802383423 
1.1138300895690918 2.497044563293457 0.2622342109680176 2.2348103523254395 0.6498222351074219 
1.1412439346313477 2.5062499046325684 0.26681220531463623 2.2394375801086426 0.661910355091095 
0.9523998498916626 2.457045793533325 0.2535739541053772 2.2034716606140137 0.6281273365020752 
0.8176396489143372 2.3772974014282227 0.2406172901391983 2.1366801261901855 0.596055269241333 
0.9674568772315979 2.509915828704834 0.2614334523677826 2.2484822273254395 0.6484196186065674 
1.407008171081543 2.574497699737549 0.2760132849216461 2.2984845638275146 0.6854179501533508 
0.9708531498908997 2.5257275104522705 0.26597121357917786 2.259756565093994 0.6599220633506775 
1.3470966815948486 2.5233802795410156 0.2647743225097656 2.25860595703125 0.6544874906539917 
1.1044909954071045 2.4946093559265137 0.2691672146320343 2.2254419326782227 0.670292317867279 
0.9309685230255127 2.408735513687134 0.25089704990386963 2.1578385829925537 0.6236169934272766 
0.702252984046936 2.3335490226745605 0.23508566617965698 2.098463296890259 0.5841099619865417 
0.7607772946357727 2.4025063514709473 0.2373225837945938 2.1651837825775146 0.5853848457336426 
1.153727412223816 2.5940194129943848 0.2732997536659241 2.3207194805145264 0.6764038801193237 
1.4401159286499023 2.6199097633361816 0.2833121716976166 2.336597442626953 0.7030636668205261 
1.0708953142166138 2.539928913116455 0.274065226316452 2.2658636569976807 0.6819167137145996 
1.144482135772705 2.5082006454467773 0.2693260908126831 2.2388744354248047 0.6697006225585938 
0.8549014925956726 2.3951854705810547 0.24268342554569244 2.1525020599365234 0.6007376313209534 
1.2425249814987183 2.4888198375701904 0.2651745080947876 2.2236454486846924 0.6581994891166687 
0.9059081077575684 2.4282350540161133 0.2504029870033264 2.1778321266174316 0.621200442314148 
1.438742756843567 2.5417580604553223 0.27140527963638306 2.270352602005005 0.6730644702911377 
1.0613152980804443 2.4150593280792236 0.24951675534248352 2.1655426025390625 0.6182575225830078 
1.0393989086151123 2.50361704826355 0.26287364959716797 2.240743637084961 0.6514192819595337 
0.8421887755393982 2.3749747276306152 0.2416234314441681 2.1333513259887695 0.5989270210266113 
1.238199234008789 2.5588414669036865 0.27489984035491943 2.2839415073394775 0.6824612617492676 
0.7843080759048462 2.4471137523651123 0.25422191619873047 2.192892074584961 0.6313107013702393 
1.0995322465896606 2.4716880321502686 0.25969552993774414 2.2119922637939453 0.6446444392204285 
0.8567968606948853 2.38432240486145 0.2383146584033966 2.146008014678955 0.5895662307739258 
0.9035454988479614 2.4735593795776367 0.25193774700164795 2.2216217517852783 0.6233742237091064 
1.20417320728302 2.478529930114746 0.2639000415802002 2.214630126953125 0.6563330888748169 
1.1805973052978516 2.479938268661499 0.2617679834365845 2.218170404434204 0.6500888466835022 
0.9887971878051758 2.5119194984436035 0.2640940845012665 2.2478256225585938 0.6551549434661865 
1.2034227848052979 2.4677486419677734 0.2608921527862549 2.2068562507629395 0.6466625928878784 
1.2044795751571655 2.552586555480957 0.2721450626850128 2.2804412841796875 0.6758906245231628 
0.8566422462463379 2.4041404724121094 0.24597376585006714 2.1581668853759766 0.6092405319213867 
0.8720937967300415 2.35756778717041 0.24304533004760742 2.1145224571228027 0.6039318442344666 
1.3452186584472656 2.60357928276062 0.2801527976989746 2.3234264850616455 0.6945436000823975 
1.1083850860595703 2.5440478324890137 0.2691706418991089 2.2748770713806152 0.6673128604888916 
1.1439251899719238 2.4973182678222656 0.2592874765396118 2.2380309104919434 0.6415730714797974 
1.1090503931045532 2.487165927886963 0.26447033882141113 2.222695827484131 0.6574666500091553 
0.8476406335830688 2.454075336456299 0.2552061676979065 2.198869228363037 0.6333709955215454 
1.006763219833374 2.4952752590179443 0.26279398798942566 2.2324814796447754 0.6518030166625977 
1.0705516338348389 2.520294189453125 0.26936793327331543 2.2509262561798096 0.6701609492301941 
0.954928994178772 2.440340518951416 0.252692848443985 2.187647581100464 0.6267704963684082 
0.9489094614982605 2.4317808151245117 0.24890528619289398 2.182875633239746 0.6166083812713623 
0.6885523796081543 2.3484249114990234 0.23353470861911774 2.1148900985717773 0.5784315466880798 
1.0451328754425049 2.4651012420654297 0.2567517161369324 2.2083494663238525 0.6368523836135864 
1.4397759437561035 2.6454505920410156 0.28952735662460327 2.3559231758117676 0.7190752029418945 
1.302030086517334 2.581209182739258 0.2773906886577606 2.3038182258605957 0.688896894454956 
0.8765277862548828 2.3983535766601562 0.24613747000694275 2.1522161960601807 0.6108987331390381 
1.0693244934082031 2.4817705154418945 0.26509952545166016 2.2166707515716553 0.659087598323822 
0.9974882006645203 2.419760227203369 0.24551436305046082 2.174245595932007 0.6071863770484924 
0.9968220591545105 2.4425907135009766 0.2491430938243866 2.1934478282928467 0.6158195734024048 
0.9215131998062134 2.4304909706115723 0.2514772117137909 2.179013729095459 0.6240382194519043 
1.2139314413070679 2.518998146057129 0.2684790790081024 2.250519037246704 0.6668150424957275 
0.8620105385780334 2.3951940536499023 0.24665085971355438 2.148542881011963 0.6121277809143066 
0.8324886560440063 2.389632225036621 0.24593840539455414 2.1436939239501953 0.6110278367996216 
0.8048996925354004 2.423957347869873 0.25019189715385437 2.1737654209136963 0.6211601495742798 
0.9502008557319641 2.530233860015869 0.26319369673728943 2.267040252685547 0.651763916015625 
1.3378095626831055 2.5691418647766113 0.27995163202285767 2.2891902923583984 0.6966371536254883 
0.7835284471511841 2.4325242042541504 0.24715299904346466 2.1853713989257812 0.6118863821029663 
1.1353180408477783 2.538966178894043 0.27198219299316406 2.266983985900879 0.675098180770874 
1.1435221433639526 2.5119199752807617 0.27187520265579224 2.2400448322296143 0.6764578819274902 
1.2598366737365723 2.489184856414795 0.2678944766521454 2.2212905883789062 0.6647811532020569 
1.2592215538024902 2.5369362831115723 0.2648208737373352 2.2721152305603027 0.6554960012435913 
1.210114598274231 2.5300545692443848 0.2711360454559326 2.258918523788452 0.6731446981430054 
1.0271751880645752 2.449525833129883 0.24964573979377747 2.1998801231384277 0.6177525520324707 
0.8338236808776855 2.4049978256225586 0.24322469532489777 2.161773204803467 0.601982057094574 
0.6583799123764038 2.327702045440674 0.23330435156822205 2.09439754486084 0.57844078540802 
0.7908704876899719 2.371551036834717 0.23830242455005646 2.133248805999756 0.5895991325378418 
1.2556617259979248 2.5119059085845947 0.26739501953125 2.2445108890533447 0.6649773120880127 
0.9936486482620239 2.4706740379333496 0.2541142702102661 2.216559648513794 0.6298425197601318 
0.986445426940918 2.4163355827331543 0.24967676401138306 2.166658878326416 0.6190633773803711 
0.9139629602432251 2.486316442489624 0.26146671175956726 2.2248497009277344 0.6498888731002808 
1.4721150398254395 2.5966386795043945 0.2789066433906555 2.3177318572998047 0.6909379959106445 
1.0713578462600708 2.4745328426361084 0.2593287229537964 2.2152042388916016 0.6431564092636108 
0.8987586498260498 2.39039945602417 0.24715915322303772 2.143240451812744 0.6131083965301514 
1.341434121131897 2.566337823867798 0.28110167384147644 2.285236120223999 0.6995421051979065 
0.9216143488883972 2.4273695945739746 0.2473386526107788 2.1800308227539062 0.6119916439056396 
1.0612388849258423 2.4888529777526855 0.26211482286453247 2.2267379760742188 0.6496484279632568 
1.077756404876709 2.539248466491699 0.2637339234352112 2.275514602661133 0.6525501608848572 
0.7304056882858276 2.326634168624878 0.23147399723529816 2.0951602458953857 0.5734464526176453 
1.133542537689209 2.5011091232299805 0.26178649067878723 2.2393226623535156 0.6484133005142212 
1.2946765422821045 2.5259783267974854 0.2706661820411682 2.255312204360962 0.6715471744537354 
0.9321552515029907 2.4123592376708984 0.2503732442855835 2.1619861125946045 0.6216347217559814 
1.0650694370269775 2.5053486824035645 0.26303812861442566 2.2423102855682373 0.65216064453125 
0.9201526045799255 2.4910905361175537 0.260450541973114 2.230639934539795 0.6466267704963684 
0.9412588477134705 2.4627652168273926 0.2556229829788208 2.2071421146392822 0.6342360973358154 
1.0242440700531006 2.4882304668426514 0.2608371376991272 2.22739315032959 0.6471026539802551 
1.4125497341156006 2.561048984527588 0.2717057466506958 2.2893431186676025 0.6731524467468262 
1.4062047004699707 2.5288405418395996 0.2730860114097595 2.2557544708251953 0.6780403852462769 
1.136536955833435 2.516248941421509 0.26506900787353516 2.2511799335479736 0.6577668190002441 
0.7929837703704834 2.4163472652435303 0.24745354056358337 2.168893814086914 0.613955557346344 
0.9041140079498291 2.4338643550872803 0.25312381982803345 2.1807403564453125 0.6286073923110962 
1.0083646774291992 2.4448082447052 0.25277966260910034 2.192028522491455 0.6262837648391724 
0.9057554602622986 2.4504759311676025 0.25216394662857056 2.1983120441436768 0.624474048614502 
1.2569079399108887 2.542646884918213 0.2698335349559784 2.272813320159912 0.669269323348999 
1.0021839141845703 2.4476990699768066 0.2534654140472412 2.1942336559295654 0.6280218362808228 
0.9451429843902588 2.438502788543701 0.24976107478141785 2.188741683959961 0.6184982061386108 
0.942703127861023 2.4197235107421875 0.25033870339393616 2.1693849563598633 0.6199920177459717 
1.1142284870147705 2.540557861328125 0.2735211253166199 2.2670364379882812 0.6790726184844971 
0.8591856956481934 2.3775322437286377 0.2434651404619217 2.1340670585632324 0.6040099263191223 
1.3490849733352661 2.5571823120117188 0.2740357220172882 2.283146381378174 0.6794182658195496 
0.9196774959564209 2.4530019760131836 0.2544364333152771 2.1985654830932617 0.6312182545661926 
0.8565787672996521 2.474001169204712 0.258800745010376 2.215200424194336 0.6426793336868286 
1.0734848976135254 2.53954815864563 0.2693910598754883 2.2701568603515625 0.6686617136001587 
1.2343237400054932 2.4586620330810547 0.2625272870063782 2.196134567260742 0.6526347398757935 
0.9952279329299927 2.459029197692871 0.25808432698249817 2.2009449005126953 0.6411834955215454 
1.1086742877960205 2.4304723739624023 0.2534823417663574 2.176990032196045 0.6291380524635315 
1.1887235641479492 2.50465726852417 0.2626553475856781 2.242002010345459 0.6499159932136536 
0.8835903406143188 2.383662700653076 0.24041175842285156 2.1432509422302246 0.5952657461166382 
0.8892580270767212 2.4085497856140137 0.24566200375556946 2.1628875732421875 0.6089791655540466 
0.8378679156303406 2.5062661170959473 0.2605478763580322 2.245718002319336 0.6469183564186096 
1.075276494026184 2.466658592224121 0.258983314037323 2.207674980163574 0.6419646739959717 
1.132251262664795 2.4216666221618652 0.25131285190582275 2.170353889465332 0.6225038766860962 
0.8223861455917358 2.3981375694274902 0.24289658665657043 2.155240774154663 0.6015715599060059 
0.9569284319877625 2.480961322784424 0.25749969482421875 2.223461627960205 0.6376722455024719 
0.9153397083282471 2.410128116607666 0.24749866127967834 2.1626291275024414 0.6129682064056396 
1.0708866119384766 2.4926674365997314 0.25912147760391235 2.2335457801818848 0.6425163149833679 
1.2095229625701904 2.4941134452819824 0.25606441497802734 2.238048791885376 0.6321432590484619 
0.8114728331565857 2.3851475715637207 0.23879648745059967 2.1463510990142822 0.5912628769874573 
0.8523553013801575 2.4102933406829834 0.24520571529865265 2.1650876998901367 0.6070499420166016 
0.7717155814170837 2.394735097885132 0.244932621717453 2.1498024463653564 0.6083375215530396 
1.0745148658752441 2.580801248550415 0.2770795226097107 2.3037219047546387 0.6890996098518372 
1.1901533603668213 2.5693230628967285 0.27752768993377686 2.291795253753662 0.6898500919342041 
1.1924703121185303 2.5043489933013916 0.2637556195259094 2.240593433380127 0.6546630859375 
1.02559232711792 2.4497880935668945 0.2586812674999237 2.1911067962646484 0.6426587104797363 
1.116750717163086 2.4787416458129883 0.2633867859840393 2.2153549194335938 0.6540783643722534 
1.0919864177703857 2.471834897994995 0.25490933656692505 2.216925621032715 0.6302700638771057 
0.857077419757843 2.392746925354004 0.2436239868402481 2.149122714996338 0.6035622954368591 
0.7733556032180786 2.3058691024780273 0.22848984599113464 2.0773792266845703 0.5656809210777283 
0.745124101638794 2.447232723236084 0.2513088583946228 2.1959235668182373 0.6234039068222046 
1.4109508991241455 2.5304079055786133 0.2705457806587219 2.259861946105957 0.6705297827720642 
0.7747752070426941 2.4004156589508057 0.24818171560764313 2.1522340774536133 0.6172726154327393 
0.9574216604232788 2.4183030128479004 0.2512866258621216 2.1670165061950684 0.6237166523933411 
0.9854089021682739 2.4243712425231934 0.2553122341632843 2.1690590381622314 0.6349374055862427 
1.0192527770996094 2.3901240825653076 0.2467561662197113 2.1433677673339844 0.6120097041130066 
0.85120689868927 2.4491658210754395 0.25542426109313965 2.193741798400879 0.6349083185195923 
0.8590832948684692 2.3683571815490723 0.24184679985046387 2.1265106201171875 0.599551260471344 
0.7429754137992859 2.4461514949798584 0.24956238269805908 2.1965889930725098 0.6188274621963501 
0.904053807258606 2.4301462173461914 0.25065720081329346 2.1794891357421875 0.6217476725578308 
1.0663883686065674 2.4299280643463135 0.2533460259437561 2.1765823364257812 0.628620982170105 
0.7411462068557739 2.3602190017700195 0.2377704381942749 2.122448444366455 0.5892077684402466 
0.9836018085479736 2.4260635375976562 0.24893715977668762 2.177126407623291 0.6162401437759399 
0.8529423475265503 2.3695926666259766 0.24177297949790955 2.127819538116455 0.5999273061752319 
1.4604387283325195 2.5035786628723145 0.26557114720344543 2.2380075454711914 0.6586835384368896 
1.0540924072265625 2.4961931705474854 0.2609149217605591 2.2352781295776367 0.6473844051361084 
0.881026029586792 2.417051076889038 0.24716433882713318 2.169886589050293 0.6128616333007812 
0.8724889755249023 2.4415507316589355 0.25053080916404724 2.1910200119018555 0.6209080219268799 
1.0487940311431885 2.51235294342041 0.26703816652297974 2.245314836502075 0.662848711013794 
1.1046974658966064 2.46539306640625 0.26026561856269836 2.205127477645874 0.6452242732048035 
0.8239976763725281 2.431190013885498 0.24445338547229767 2.186736583709717 0.6039527058601379 
0.8783895969390869 2.4014968872070312 0.24228312075138092 2.1592140197753906 0.5994080305099487 
1.0809125900268555 2.472968816757202 0.2605155110359192 2.2124533653259277 0.6468915939331055 
0.9482440948486328 2.4363105297088623 0.24568156898021698 2.19062876701355 0.6079387664794922 
1.0143189430236816 2.4882800579071045 0.2645389437675476 2.223741054534912 0.6571474671363831 
0.68915855884552 2.3660764694213867 0.23567074537277222 2.1304054260253906 0.5834899544715881 
0.985267698764801 2.420067310333252 0.25012415647506714 2.169943332672119 0.6203758716583252 
1.0274362564086914 2.453129291534424 0.25632166862487793 2.196807622909546 0.6359330415725708 
0.7783467769622803 2.3617658615112305 0.23924954235553741 2.122516393661499 0.593589186668396 
1.0595426559448242 2.4179024696350098 0.2494359016418457 2.168466806411743 0.6190170049667358 
1.1665527820587158 2.5737595558166504 0.27370163798332214 2.300057888031006 0.6792507171630859 
0.983440637588501 2.4667439460754395 0.2525995969772339 2.214144229888916 0.6255243420600891 
0.8537346720695496 2.395717144012451 0.24388423562049866 2.1518330574035645 0.6046010851860046 
1.292602300643921 2.4859790802001953 0.2636576294898987 2.2223215103149414 0.6547551155090332 
1.2742555141448975 2.53684401512146 0.26456499099731445 2.2722790241241455 0.6543473601341248 
0.7832200527191162 2.393279790878296 0.24244964122772217 2.150830030441284 0.6004660129547119 
1.0220260620117188 2.4740517139434814 0.25962579250335693 2.214426040649414 0.6439558267593384 
1.2268524169921875 2.4558846950531006 0.261477530002594 2.1944072246551514 0.649688720703125 
0.8461312651634216 2.3757474422454834 0.24088826775550842 2.134859085083008 0.5965852737426758 
1.1041548252105713 2.4779105186462402 0.2589956521987915 2.2189149856567383 0.6414049863815308 
0.8320165276527405 2.449655532836914 0.2533363103866577 2.196319103240967 0.628327488899231 
0.7762606143951416 2.397541046142578 0.2394249439239502 2.158116340637207 0.5917893648147583 
1.1676509380340576 2.510927200317383 0.27168625593185425 2.2392406463623047 0.6763525605201721 
0.8258130550384521 2.406453847885132 0.24634039402008057 2.1601133346557617 0.6104864478111267 
1.4084429740905762 2.5947046279907227 0.28626587986946106 2.308438777923584 0.7121450304985046 
1.0823214054107666 2.4503121376037598 0.2566014528274536 2.1937108039855957 0.636849582195282 
1.1195656061172485 2.4565582275390625 0.26013457775115967 2.1964237689971924 0.6461906433105469 
0.7860980033874512 2.417698383331299 0.2503775954246521 2.167320728302002 0.6223465800285339 
1.1812665462493896 2.4616341590881348 0.25770238041877747 2.2039315700531006 0.6400951147079468 
1.0301913022994995 2.4855430126190186 0.2606671154499054 2.2248759269714355 0.6461045145988464 
1.2176194190979004 2.4736897945404053 0.27033108472824097 2.2033586502075195 0.6730444431304932 
0.715768575668335 2.3647470474243164 0.23853056132793427 2.126216411590576 0.591285228729248 
1.034447431564331 2.4886984825134277 0.2565198838710785 2.2321786880493164 0.6348167657852173 
0.7632982134819031 2.3830723762512207 0.23881207406520844 2.1442599296569824 0.5910481214523315 
0.8616926670074463 2.3937113285064697 0.24489735066890717 2.1488142013549805 0.607363224029541 
1.2460033893585205 2.532853841781616 0.27024948596954346 2.262604236602783 0.6703355312347412 
0.9313865900039673 2.4258780479431152 0.24789591133594513 2.1779820919036865 0.6143525838851929 
1.1756964921951294 2.553776741027832 0.2697293758392334 2.2840476036071777 0.668066680431366 
0.8225017189979553 2.424692392349243 0.24803122878074646 2.1766610145568848 0.6148616075515747 
1.170283555984497 2.531543493270874 0.2683390974998474 2.263204336166382 0.666502833366394 
0.8509379625320435 2.3839921951293945 0.2425583004951477 2.1414339542388916 0.6010972261428833 
1.240494728088379 2.590069532394409 0.28061598539352417 2.3094534873962402 0.6964657306671143 
0.9220386147499084 2.4849610328674316 0.258076012134552 2.2268850803375244 0.6391069889068604 
1.1904611587524414 2.5591177940368652 0.2767582833766937 2.2823596000671387 0.6880337595939636 
0.8755149841308594 2.456744909286499 0.25778594613075256 2.1989588737487793 0.6408084630966187 
1.1303997039794922 2.506086587905884 0.26472413539886475 2.2413625717163086 0.6564567685127258 
0.8952208757400513 2.4383299350738525 0.25181061029434204 2.186519145965576 0.624710202217102 
1.2086515426635742 2.5546650886535645 0.27534249424934387 2.279322385787964 0.6836138963699341 
1.2439519166946411 2.579232692718506 0.2807793915271759 2.2984530925750732 0.6977686882019043 
0.8620312213897705 2.408424139022827 0.25121158361434937 2.157212495803833 0.6245102286338806 
1.1293565034866333 2.4849181175231934 0.26400408148765564 2.220913887023926 0.6558792591094971 
0.8043117523193359 2.4059176445007324 0.24498209357261658 2.160935401916504 0.6074733734130859 
0.8998043537139893 2.480783462524414 0.2566627860069275 2.224120616912842 0.636054277420044 
1.0806751251220703 2.477047920227051 0.25726190209388733 2.2197861671447754 0.6373776197433472 
1.0650582313537598 2.433600902557373 0.2532382011413574 2.1803627014160156 0.628588080406189 
0.8010202646255493 2.3117122650146484 0.23108653724193573 2.080625534057617 0.5737032890319824 
0.8990950584411621 2.4197800159454346 0.24958176910877228 2.170198440551758 0.6191965937614441 
1.0930860042572021 2.4169435501098633 0.24871498346328735 2.1682286262512207 0.6171534061431885 
1.1464558839797974 2.474020481109619 0.2572254538536072 2.216794967651367 0.6373934745788574 
1.0014381408691406 2.4159810543060303 0.24691303074359894 2.169067859649658 0.6116174459457397 
0.9107071161270142 2.426086902618408 0.2504538297653198 2.175633192062378 0.621280312538147 
1.0031967163085938 2.422168254852295 0.25590693950653076 2.1662611961364746 0.6365896463394165 
1.2590138912200928 2.49794340133667 0.25610363483428955 2.241839647293091 0.6341801285743713 
0.9494207501411438 2.488194465637207 0.2528136670589447 2.2353806495666504 0.6232732534408569 
1.1441590785980225 2.470233201980591 0.2623681426048279 2.2078652381896973 0.6520102024078369 
1.1300008296966553 2.4376697540283203 0.25250762701034546 2.185161828994751 0.6243234872817993 
1.0890721082687378 2.488591194152832 0.2616114020347595 2.2269797325134277 0.6490814685821533 
1.043074131011963 2.4604458808898926 0.26077887415885925 2.199666976928711 0.6480494737625122 
1.0306010246276855 2.4798498153686523 0.26297417283058167 2.2168757915496826 0.6533997654914856 
1.2191123962402344 2.5473341941833496 0.2755042612552643 2.2718300819396973 0.684114933013916 
0.887860894203186 2.463822364807129 0.25025421380996704 2.2135682106018066 0.6187329292297363 
0.9595373868942261 2.4847283363342285 0.25838953256607056 2.2263388633728027 0.6405606269836426 
1.1301348209381104 2.477813959121704 0.25955504179000854 2.218258857727051 0.6434714198112488 
1.234093189239502 2.608829975128174 0.2826154828071594 2.326214551925659 0.7016682624816895 
1.1471506357192993 2.509830951690674 0.263680636882782 2.246150016784668 0.6529704332351685 
1.1180447340011597 2.503629684448242 0.26123690605163574 2.2423925399780273 0.6472480297088623 
0.6563690900802612 2.3218955993652344 0.22896167635917664 2.0929336547851562 0.5667561292648315 
0.7983530163764954 2.371635913848877 0.24115878343582153 2.1304771900177 0.5975943803787231 
1.118886113166809 2.4918880462646484 0.2650655508041382 2.2268223762512207 0.6576825380325317 
1.2224210500717163 2.532007932662964 0.2674613296985626 2.2645466327667236 0.6630001068115234 
1.056774616241455 2.5271878242492676 0.2664070129394531 2.2607808113098145 0.6607323884963989 
0.9904927611351013 2.467895984649658 0.2545414865016937 2.2133545875549316 0.630759060382843 
0.8537703156471252 2.4611191749572754 0.25512629747390747 2.2059929370880127 0.6325803995132446 
0.9480057954788208 2.3943705558776855 0.2434731423854828 2.15089750289917 0.6028339862823486 
1.250436544418335 2.5621485710144043 0.2768647074699402 2.2852840423583984 0.6875783205032349 
0.9630203247070312 2.4223225116729736 0.25191593170166016 2.1704065799713135 0.625352144241333 
0.8113312721252441 2.4240517616271973 0.2507097125053406 2.173341989517212 0.6227351427078247 
0.746089518070221 2.315978765487671 0.2327997088432312 2.083178997039795 0.5778378248214722 
0.8565685749053955 2.391355276107788 0.24486416578292847 2.146491050720215 0.6079866886138916 
1.1836243867874146 2.4908299446105957 0.2619933784008026 2.2288365364074707 0.6495039463043213 
1.067582607269287 2.425497531890869 0.24929746985435486 2.1762001514434814 0.6169122457504272 
1.0068377256393433 2.4594240188598633 0.2550809979438782 2.20434308052063 0.6316472887992859 
0.7221125364303589 2.3208260536193848 0.2334797978401184 2.087346076965332 0.5791300535202026 
0.9836735129356384 2.420675754547119 0.24593719840049744 2.174738645553589 0.608410656452179 
0.8663457036018372 2.430494785308838 0.24289332330226898 2.187601327896118 0.6006759405136108 
0.8616783022880554 2.392183542251587 0.24316418170928955 2.149019241333008 0.6019876599311829 
1.041961669921875 2.4395642280578613 0.25241929292678833 2.1871447563171387 0.6249436140060425 
0.9508957862854004 2.4527013301849365 0.2559465765953064 2.1967546939849854 0.6353069543838501 
1.1200652122497559 2.4800126552581787 0.2658292055130005 2.2141833305358887 0.6613881587982178 
0.7896921634674072 2.439570426940918 0.2520240843296051 2.1875462532043457 0.6259175539016724 
0.9784526228904724 2.4102396965026855 0.2452908158302307 2.1649484634399414 0.6068883538246155 
1.0887517929077148 2.45320987701416 0.259063184261322 2.1941466331481934 0.6429779529571533 
1.340103030204773 2.570417881011963 0.27873823046684265 2.291679620742798 0.6920673847198486 
1.2337218523025513 2.630023956298828 0.2847810685634613 2.345242977142334 0.7067092061042786 
0.8252211809158325 2.4541280269622803 0.2563811242580414 2.197746992111206 0.6378970146179199 
1.070647954940796 2.514582872390747 0.2687540650367737 2.245828628540039 0.6675162315368652 
0.9037488102912903 2.453197479248047 0.2567402422428131 2.1964573860168457 0.6379640102386475 
0.9787349104881287 2.433889865875244 0.2580143213272095 2.175875663757324 0.6414473056793213 
1.065007209777832 2.447463035583496 0.25588008761405945 2.1915829181671143 0.634635329246521 
1.1830148696899414 2.487154006958008 0.26472097635269165 2.222433090209961 0.6570072770118713 
0.880327582359314 2.425912857055664 0.2554665207862854 2.1704463958740234 0.6354447603225708 
1.020380973815918 2.407644271850586 0.2516445517539978 2.1559996604919434 0.6241898536682129 
1.120478630065918 2.413743019104004 0.24849948287010193 2.165243625640869 0.6168736815452576 
1.0480687618255615 2.4411473274230957 0.25499916076660156 2.186148166656494 0.6327635049819946 
0.7977412343025208 2.353046417236328 0.23804153501987457 2.115004777908325 0.5902657508850098 
1.0609620809555054 2.4930224418640137 0.2576850950717926 2.235337257385254 0.6384018659591675 
1.0062065124511719 2.391353130340576 0.2436799556016922 2.1476733684539795 0.6034631729125977 
0.7165635228157043 2.34828519821167 0.23567014932632446 2.1126151084899902 0.5839344263076782 
0.8548324108123779 2.4273505210876465 0.2446112036705017 2.182739496231079 0.6043136119842529 
0.9244155883789062 2.4599804878234863 0.2531779110431671 2.2068026065826416 0.6267520189285278 
0.8222389221191406 2.372744560241699 0.24572142958641052 2.1270229816436768 0.610556423664093 
0.7717154026031494 2.329498767852783 0.2342694252729416 2.095229148864746 0.5802921056747437 
0.983366072177887 2.4299979209899902 0.25173091888427734 2.178267002105713 0.6248726844787598 
1.0336387157440186 2.510958671569824 0.2626345157623291 2.248324394226074 0.6507422924041748 
0.9978474378585815 2.3878087997436523 0.24696463346481323 2.1408443450927734 0.6127208471298218 
0.9021158218383789 2.4263510704040527 0.24668465554714203 2.179666042327881 0.6102858185768127 
0.8056711554527283 2.393496513366699 0.246602401137352 2.1468939781188965 0.6121083498001099 
0.9373632669448853 2.384678602218628 0.24710437655448914 2.1375741958618164 0.6136713027954102 
1.009174108505249 2.3844246864318848 0.24828259646892548 2.1361422538757324 0.6168644428253174 
0.7651931643486023 2.406259059906006 0.24609923362731934 2.1601598262786865 0.6108585596084595 
0.7785559892654419 2.4310169219970703 0.2453838586807251 2.1856329441070557 0.6068161725997925 
0.8612256050109863 2.3695666790008545 0.24213413894176483 2.127432346343994 0.6007590293884277 
0.9644110202789307 2.4397754669189453 0.24725955724716187 2.1925158500671387 0.6117149591445923 
1.2428669929504395 2.627081871032715 0.27991291880607605 2.3471689224243164 0.6932885646820068 
0.956452488899231 2.3815364837646484 0.24287106096744537 2.1386654376983643 0.6012144088745117 
1.0099667310714722 2.5120959281921387 0.26742279529571533 2.244673252105713 0.66429603099823 
0.8430888652801514 2.4098825454711914 0.250113844871521 2.159768581390381 0.6214221715927124 
1.0889225006103516 2.470210552215576 0.25826185941696167 2.211948871612549 0.6405380964279175 
0.8416612148284912 2.368882179260254 0.2419210970401764 2.1269609928131104 0.6004774570465088 
0.8082431554794312 2.3951849937438965 0.24340882897377014 2.151776075363159 0.6032534241676331 
0.9287412762641907 2.3940775394439697 0.24413250386714935 2.149945020675659 0.6053093671798706 
0.8775707483291626 2.4301087856292725 0.2484731674194336 2.1816353797912598 0.6154700517654419 
0.7650325298309326 2.385053873062134 0.24135908484458923 2.1436946392059326 0.5978895425796509 
1.1514625549316406 2.4753994941711426 0.26573124527931213 2.2096681594848633 0.6607986688613892 
1.1800594329833984 2.4674289226531982 0.2601747512817383 2.20725417137146 0.6463096141815186 
0.9050987958908081 2.3673551082611084 0.23740175366401672 2.129953384399414 0.5874261260032654 
1.0108451843261719 2.41373610496521 0.2511492967605591 2.1625866889953613 0.6232399940490723 
0.7777853608131409 2.420412540435791 0.24773958325386047 2.172672748565674 0.6145692467689514 
0.9960139393806458 2.480320930480957 0.2609163522720337 2.219404697418213 0.6473989486694336 
0.9116538763046265 2.4235763549804688 0.24951671063899994 2.1740593910217285 0.6188589334487915 
1.0135047435760498 2.456536293029785 0.25608938932418823 2.2004470825195312 0.6350627541542053 
0.8828413486480713 2.4697022438049316 0.2586628794670105 2.2110393047332764 0.642409086227417 
1.3226561546325684 2.5669922828674316 0.27784648537635803 2.2891457080841064 0.6908313035964966 
0.6685339212417603 2.3474273681640625 0.23130019009113312 2.1161274909973145 0.5721005201339722 
0.9085139036178589 2.459103584289551 0.2576148211956024 2.201488971710205 0.639808177947998 
1.266937017440796 2.490006446838379 0.2625487446784973 2.2274575233459473 0.6519161462783813 
1.7594177722930908 2.644949436187744 0.2841900885105133 2.3607594966888428 0.7017847299575806 
1.4134851694107056 2.5591094493865967 0.27599573135375977 2.283113956451416 0.6847052574157715 
0.9294094443321228 2.4825897216796875 0.2581338882446289 2.2244558334350586 0.6400372982025146 
0.7340282797813416 2.353339910507202 0.2377437949180603 2.115596294403076 0.5895149111747742 
0.7981446981430054 2.3571653366088867 0.2393454909324646 2.1178200244903564 0.5930087566375732 
0.8282780647277832 2.377474069595337 0.243731290102005 2.1337428092956543 0.6048471927642822 
0.9697072505950928 2.442096710205078 0.255908727645874 2.186187982559204 0.6356216669082642 
1.3050134181976318 2.5575170516967773 0.2764461040496826 2.2810707092285156 0.6861499547958374 
0.7565288543701172 2.4222640991210938 0.24582679569721222 2.1764373779296875 0.6091827750205994 
1.0267915725708008 2.469836711883545 0.2530519664287567 2.216784715652466 0.6256736516952515 
0.7230507135391235 2.3437671661376953 0.23285222053527832 2.110914945602417 0.5763323903083801 
1.1057244539260864 2.472017765045166 0.2638455629348755 2.20817232131958 0.6556345820426941 
1.0445789098739624 2.4795753955841064 0.25960370898246765 2.2199716567993164 0.6432429552078247 
1.3239495754241943 2.5325915813446045 0.2748923599720001 2.2576990127563477 0.6831843852996826 
1.1649785041809082 2.4925012588500977 0.26826101541519165 2.224240303039551 0.6668792963027954 
1.028751015663147 2.4946537017822266 0.2669737637042999 2.22767972946167 0.6639910936355591 
0.9751011729240417 2.5016062259674072 0.2635522484779358 2.238053798675537 0.654188334941864 
0.8382860422134399 2.3555808067321777 0.24247035384178162 2.1131105422973633 0.602088451385498 
0.6946060657501221 2.384406328201294 0.24324455857276917 2.1411619186401367 0.6037657856941223 
0.8910013437271118 2.4242308139801025 0.2529184818267822 2.1713125705718994 0.6277240514755249 
0.8722643256187439 2.4140448570251465 0.24982331693172455 2.16422176361084 0.6207403540611267 
0.877984881401062 2.4441845417022705 0.2481761872768402 2.1960084438323975 0.613884687423706 
1.1524250507354736 2.5181350708007812 0.2652198076248169 2.2529149055480957 0.6578686237335205 
0.7182850241661072 2.3923165798187256 0.24285182356834412 2.1494646072387695 0.6024184823036194 
0.9027057886123657 2.4583725929260254 0.2532065808773041 2.2051658630371094 0.6270712614059448 
0.9717725515365601 2.4639649391174316 0.2574993968009949 2.206465482711792 0.6386071443557739 
1.1076792478561401 2.4816408157348633 0.2619779109954834 2.21966290473938 0.6502019166946411 
0.9192465543746948 2.4082353115081787 0.2490355521440506 2.1591997146606445 0.6173232793807983 
1.0937716960906982 2.450608253479004 0.25496217608451843 2.195646286010742 0.6320348978042603 
0.8366342186927795 2.428412437438965 0.24950823187828064 2.1789045333862305 0.6182867884635925 
0.9935356378555298 2.460667371749878 0.2547234892845154 2.205944061279297 0.6308106184005737 
1.0977199077606201 2.4897541999816895 0.2592874765396118 2.230466604232788 0.6417053937911987 
0.9983208775520325 2.454263687133789 0.25540846586227417 2.198855400085449 0.633906364440918 
0.7433544397354126 2.3945188522338867 0.24128563702106476 2.153233528137207 0.5979408621788025 
1.038207769393921 2.4508094787597656 0.25548484921455383 2.195324659347534 0.6336609125137329 
1.258608102798462 2.5525450706481934 0.27281367778778076 2.279731512069702 0.676849365234375 
1.1049416065216064 2.4925293922424316 0.2621096968650818 2.230419635772705 0.6498212814331055 
0.6411741375923157 2.3298540115356445 0.23093348741531372 2.0989205837249756 0.5726125836372375 
0.8730837106704712 2.4291350841522217 0.2522481679916382 2.176887035369873 0.6262505650520325 
1.2832821607589722 2.483532428741455 0.26754844188690186 2.2159838676452637 0.6648415327072144 
1.1502324342727661 2.4562604427337646 0.25930285453796387 2.196957588195801 0.6437488794326782 
1.3231689929962158 2.4965920448303223 0.26168590784072876 2.2349061965942383 0.6472896337509155 
1.1956963539123535 2.426832914352417 0.2509015202522278 2.175931453704834 0.6223008632659912 
1.263347864151001 2.5042331218719482 0.2677333652973175 2.236499786376953 0.66431725025177 
1.0837363004684448 2.427359104156494 0.2579810619354248 2.1693780422210693 0.6422895193099976 
0.8382516503334045 2.399376392364502 0.24481309950351715 2.1545634269714355 0.6071963310241699 
0.7123473882675171 2.359405517578125 0.23588085174560547 2.1235246658325195 0.5836336016654968 
0.6506266593933105 2.371652603149414 0.2373637855052948 2.134289264678955 0.5881685614585876 
0.8865933418273926 2.415090322494507 0.24567557871341705 2.169414758682251 0.6080999374389648 
1.013329029083252 2.4010720252990723 0.24864326417446136 2.1524291038513184 0.6160061359405518 
1.316826581954956 2.5205907821655273 0.26657068729400635 2.2540202140808105 0.6610331535339355 
0.707160234451294 2.3567826747894287 0.23494884371757507 2.1218338012695312 0.5812379121780396 
0.9376074075698853 2.4456238746643066 0.25560036301612854 2.190023899078369 0.6347572803497314 
1.0242373943328857 2.4265716075897217 0.2543473243713379 2.172224283218384 0.6314501762390137 
0.8466250896453857 2.424245595932007 0.24917100369930267 2.175074577331543 0.6183348894119263 
1.0117487907409668 2.4874327182769775 0.26419275999069214 2.2232396602630615 0.6564631462097168 
0.9087982177734375 2.4032623767852783 0.253135621547699 2.1501266956329346 0.6300039291381836 
1.0093839168548584 2.482567310333252 0.2631739377975464 2.219393253326416 0.654485821723938 
1.191104769706726 2.4706692695617676 0.26582247018814087 2.2048468589782715 0.6610313653945923 
0.9640204906463623 2.428020715713501 0.2475707232952118 2.180450201034546 0.612684428691864 
1.150225281715393 2.4856090545654297 0.257612407207489 2.227996826171875 0.6376877427101135 
1.1239721775054932 2.4374032020568848 0.2583233714103699 2.179080009460449 0.6420283913612366 
1.0140624046325684 2.385366439819336 0.24119412899017334 2.144172191619873 0.5966769456863403 
1.1370995044708252 2.4771952629089355 0.2599171996116638 2.217278242111206 0.6455445289611816 
0.727850615978241 2.3422188758850098 0.23291796445846558 2.1093010902404785 0.5767797827720642 
0.9178680181503296 2.412968635559082 0.2503216564655304 2.162647247314453 0.6214290857315063 
0.8848164081573486 2.4567437171936035 0.25063440203666687 2.2061092853546143 0.619808554649353 
0.817142903804779 2.372183084487915 0.24205535650253296 2.1301279067993164 0.6004120707511902 
0.9458007216453552 2.413954019546509 0.250518798828125 2.1634349822998047 0.6211755871772766 
1.1238534450531006 2.54491925239563 0.2674536108970642 2.2774658203125 0.6616556644439697 
1.1972036361694336 2.551973342895508 0.27433687448501587 2.2776362895965576 0.6809004545211792 
0.945431649684906 2.5195164680480957 0.26177144050598145 2.257744789123535 0.6491765975952148 
1.321844220161438 2.5312349796295166 0.2728230357170105 2.2584118843078613 0.6776117086410522 
1.4573752880096436 2.5188891887664795 0.2651996314525604 2.2536895275115967 0.6572266221046448 
0.8653829097747803 2.4503626823425293 0.2571672201156616 2.1931955814361572 0.6391870379447937 
1.1721081733703613 2.5023674964904785 0.26914793252944946 2.2332193851470947 0.6685807108879089 
0.8261463046073914 2.4631948471069336 0.24651381373405457 2.2166810035705566 0.6081060171127319 
0.7333195805549622 2.3727664947509766 0.24049033224582672 2.1322765350341797 0.5969528555870056 
0.8749488592147827 2.4365074634552 0.2534998953342438 2.1830074787139893 0.6296308040618896 
0.7984701991081238 2.432837963104248 0.24716874957084656 2.185669422149658 0.6122773885726929 
1.1689831018447876 2.471097469329834 0.263278603553772 2.2078189849853516 0.6532564163208008 
0.840625524520874 2.4289159774780273 0.24827994406223297 2.180636167526245 0.6147767305374146 
0.9475692510604858 2.4285831451416016 0.25079959630966187 2.177783489227295 0.6206749677658081 
0.9427229166030884 2.5130317211151123 0.2566676437854767 2.256364345550537 0.6338889002799988 
0.9920064210891724 2.529867172241211 0.26389944553375244 2.265967845916748 0.654009222984314 
0.7046884298324585 2.3711581230163574 0.2402063012123108 2.1309518814086914 0.5961982607841492 
0.8576904535293579 2.43673038482666 0.24963420629501343 2.187096357345581 0.6182524561882019 
0.967072606086731 2.469663619995117 0.2550382912158966 2.214625597000122 0.6329485774040222 
0.7794525027275085 2.385951042175293 0.2438780963420868 2.142072916030884 0.6055132150650024 
0.9265038967132568 2.429772138595581 0.25525256991386414 2.1745195388793945 0.6342664361000061 
0.9863104820251465 2.4733972549438477 0.2562040090560913 2.217193126678467 0.6353892087936401 
1.2631309032440186 2.4918482303619385 0.2654000520706177 2.2264482975006104 0.6590208411216736 
0.7191731929779053 2.3587331771850586 0.23769518733024597 2.121037721633911 0.5889104604721069 
0.9406522512435913 2.4304118156433105 0.2546541392803192 2.175757884979248 0.6323884129524231 
1.0112520456314087 2.438872814178467 0.2531604468822479 2.1857123374938965 0.6273061633110046 
0.9795985817909241 2.3922157287597656 0.2456027716398239 2.1466128826141357 0.608421802520752 
0.7843350172042847 2.3995742797851562 0.24694065749645233 2.1526336669921875 0.613174319267273 
0.7006759643554688 2.324047565460205 0.2339538186788559 2.0900938510894775 0.5806406140327454 
0.7320747375488281 2.354130744934082 0.23742970824241638 2.116701126098633 0.5889678001403809 
0.8708553910255432 2.3976588249206543 0.2444593608379364 2.1531994342803955 0.6055768728256226 
1.1081171035766602 2.5315380096435547 0.2673645615577698 2.2641730308532715 0.6632878184318542 
0.9503927230834961 2.469848155975342 0.25570082664489746 2.2141475677490234 0.6342569589614868 
1.1550328731536865 2.5760960578918457 0.267223060131073 2.308873176574707 0.6602480411529541 
0.7305699586868286 2.3373680114746094 0.23466135561466217 2.1027066707611084 0.5815567970275879 
0.9789116382598877 2.4704830646514893 0.2598000168800354 2.2106828689575195 0.6453051567077637 
0.9759211540222168 2.438721179962158 0.2539711594581604 2.1847500801086426 0.6304187774658203 
1.1583552360534668 2.459423065185547 0.25368523597717285 2.205738067626953 0.6275632381439209 
1.2024319171905518 2.561112880706787 0.2774038016796112 2.2837090492248535 0.6891207695007324 
0.9117748141288757 2.427704095840454 0.24924463033676147 2.178459644317627 0.6187785267829895 
0.8550897836685181 2.3651511669158936 0.24274030327796936 2.122410774230957 0.6025516986846924 
1.2468032836914062 2.4738783836364746 0.26278483867645264 2.2110934257507324 0.6521337032318115 
1.1492156982421875 2.4496495723724365 0.25823360681533813 2.191415786743164 0.6413911581039429 
1.0580406188964844 2.4736814498901367 0.25775372982025146 2.2159276008605957 0.6385070085525513 
1.1875765323638916 2.5362415313720703 0.26642218232154846 2.2698192596435547 0.6614225506782532 
1.033388614654541 2.509598970413208 0.26694223284721375 2.242656707763672 0.6639366745948792 
0.653525173664093 2.302126407623291 0.22782239317893982 2.0743041038513184 0.5647392272949219 
0.7279968857765198 2.357060432434082 0.23964112997055054 2.117419481277466 0.5949307680130005 
1.012868046760559 2.4414639472961426 0.2548780143260956 2.1865861415863037 0.63182133436203 
0.9809721112251282 2.4531097412109375 0.2549920380115509 2.198117733001709 0.6327774524688721 
1.060997486114502 2.4683337211608887 0.2637671232223511 2.204566478729248 0.6560317277908325 
0.9347515106201172 2.482905387878418 0.2609426975250244 2.2219629287719727 0.6479227542877197 
0.9362597465515137 2.4504384994506836 0.2544977068901062 2.1959407329559326 0.6311626434326172 
0.7555060386657715 2.3877339363098145 0.24398116767406464 2.1437530517578125 0.6053299903869629 
0.7858748435974121 2.415679454803467 0.24815306067466736 2.1675264835357666 0.6156232953071594 
1.022376537322998 2.4502134323120117 0.25765106081962585 2.1925623416900635 0.6402376890182495 
1.0157606601715088 2.431178569793701 0.2551731467247009 2.1760056018829346 0.6335246562957764 
0.8649587631225586 2.427551746368408 0.25173094868659973 2.1758205890655518 0.6247585415840149 
0.9331699013710022 2.4533350467681885 0.2575471103191376 2.1957879066467285 0.6400747299194336 
0.9702624678611755 2.4357669353485107 0.252180814743042 2.1835861206054688 0.6247791051864624 
0.8406485915184021 2.40762996673584 0.24690890312194824 2.1607213020324707 0.6129657626152039 
1.2440884113311768 2.393842935562134 0.2436991184949875 2.150144100189209 0.6040992736816406 
0.8435974717140198 2.4061837196350098 0.24652881920337677 2.1596548557281494 0.6110763549804688 
0.9126976728439331 2.4049620628356934 0.24613626301288605 2.1588258743286133 0.6100718975067139 
0.8867257833480835 2.438485860824585 0.254222571849823 2.184263229370117 0.6313228011131287 
1.1040678024291992 2.430246591567993 0.24961090087890625 2.180635690689087 0.6179903745651245 
1.048144817352295 2.487414598464966 0.2621914744377136 2.2252233028411865 0.6505441665649414 
0.9122000932693481 2.4091129302978516 0.24855133891105652 2.1605615615844727 0.6165180206298828 
0.7331039309501648 2.347181797027588 0.23301103711128235 2.114170789718628 0.575942873954773 
0.7334556579589844 2.340526580810547 0.22874778509140015 2.111778736114502 0.5646864175796509 
0.9107924699783325 2.428617477416992 0.2517887353897095 2.1768288612365723 0.6243721842765808 
1.1646130084991455 2.504984140396118 0.2664562165737152 2.238527774810791 0.6613571047782898 
0.7676243185997009 2.4004580974578857 0.24491579830646515 2.1555421352386475 0.6081160306930542 
0.9593876004219055 2.426717758178711 0.24862515926361084 2.1780924797058105 0.6158011555671692 
0.8309561014175415 2.370084762573242 0.24199295043945312 2.128092050552368 0.6004825830459595 
1.0410518646240234 2.4881014823913574 0.2624369263648987 2.2256646156311035 0.6513421535491943 
0.8450735807418823 2.390913486480713 0.24264708161354065 2.148266315460205 0.601141095161438 
1.0728428363800049 2.4486472606658936 0.2528809905052185 2.1957664489746094 0.6261630058288574 
0.8442555069923401 2.360956907272339 0.2389274537563324 2.1220293045043945 0.5917676687240601 
1.4335988759994507 2.5888140201568604 0.27563634514808655 2.3131775856018066 0.6838454604148865 
1.1685130596160889 2.426693916320801 0.25173550844192505 2.1749584674835205 0.6238064765930176 
1.0023678541183472 2.4298996925354004 0.24913932383060455 2.180760145187378 0.6168104410171509 
0.9157058596611023 2.394747734069824 0.23971393704414368 2.155033588409424 0.5940927267074585 
1.06840181350708 2.486853837966919 0.25973615050315857 2.2271177768707275 0.6432127952575684 
1.2324312925338745 2.5322253704071045 0.27129489183425903 2.2609305381774902 0.6729706525802612 
0.7483551502227783 2.4278078079223633 0.24783670902252197 2.1799707412719727 0.6146645545959473 
0.7253074049949646 2.3304576873779297 0.23562262952327728 2.094834804534912 0.5842275619506836 
1.0151170492172241 2.4617395401000977 0.25332891941070557 2.2084107398986816 0.6263455152511597 
0.9575357437133789 2.5119738578796387 0.26233652234077454 2.2496371269226074 0.6499038338661194 
1.1157705783843994 2.4542317390441895 0.25460904836654663 2.199622631072998 0.6317757368087769 
1.1525731086730957 2.528531551361084 0.2691957354545593 2.25933575630188 0.6678903102874756 
1.1739308834075928 2.49442982673645 0.2652897238731384 2.229140043258667 0.6588497757911682 
1.3346400260925293 2.586705207824707 0.28442537784576416 2.3022799491882324 0.7070582509040833 
0.9442883133888245 2.431882858276367 0.24954131245613098 2.1823415756225586 0.6184672117233276 
1.0142836570739746 2.4592180252075195 0.2598336338996887 2.1993844509124756 0.6457548141479492 
0.606215238571167 2.285123586654663 0.22480925917625427 2.060314178466797 0.5574557781219482 
1.2395761013031006 2.4894943237304688 0.26976215839385986 2.2197322845458984 0.6713626384735107 
0.6651726961135864 2.3582968711853027 0.2372138947248459 2.1210830211639404 0.5879917144775391 
1.0653269290924072 2.457550525665283 0.25566616654396057 2.2018845081329346 0.6339889168739319 
0.877450704574585 2.38852596282959 0.24441979825496674 2.144106388092041 0.6060516834259033 
0.9143579006195068 2.448223829269409 0.2538924515247345 2.194331407546997 0.6298766136169434 
0.8919893503189087 2.420321464538574 0.24992237985134125 2.1703991889953613 0.6198420524597168 
0.9149723649024963 2.4101157188415527 0.24885451793670654 2.1612610816955566 0.6173712611198425 
1.0446083545684814 2.5410263538360596 0.2695816159248352 2.271444797515869 0.6697508096694946 
0.9905716776847839 2.4063761234283447 0.2486579418182373 2.1577181816101074 0.6166159510612488 
1.0552546977996826 2.5099916458129883 0.26370561122894287 2.246285915374756 0.6536118984222412 
0.7666997909545898 2.3690760135650635 0.23776862025260925 2.131307363510132 0.5883500576019287 
0.8091697692871094 2.398603916168213 0.2436816543340683 2.1549220085144043 0.6032499074935913 
0.794788122177124 2.423037528991699 0.24867728352546692 2.1743600368499756 0.6168853640556335 
0.8179278373718262 2.4371204376220703 0.25447991490364075 2.182640552520752 0.632068395614624 
0.9140965342521667 2.431577682495117 0.251694917678833 2.1798830032348633 0.624372124671936 
0.8227838277816772 2.361401081085205 0.2426561713218689 2.1187448501586914 0.6020582318305969 
1.1009595394134521 2.440049171447754 0.24614042043685913 2.19390869140625 0.6073353290557861 
0.9152222871780396 2.4172139167785645 0.24712960422039032 2.170084238052368 0.6129586696624756 
0.9552826881408691 2.4720335006713867 0.2596310079097748 2.212402820587158 0.6450711488723755 
1.125373125076294 2.47074556350708 0.25545305013656616 2.215292453765869 0.6320093870162964 
0.8848937749862671 2.332369565963745 0.23680150508880615 2.0955681800842285 0.5872129797935486 
0.8427321910858154 2.416515350341797 0.24775394797325134 2.168761730194092 0.6155190467834473 
1.0119729042053223 2.4885878562927246 0.26364803314208984 2.224940061569214 0.655184805393219 
0.8628628253936768 2.42460036277771 0.24869327247142792 2.1759071350097656 0.6167475581169128 
0.7717143893241882 2.3392796516418457 0.2317025065422058 2.107576847076416 0.5735006332397461 
0.8005210161209106 2.368483304977417 0.24234448373317719 2.126138687133789 0.6018294095993042 
0.8183901309967041 2.3744380474090576 0.2439793348312378 2.1304588317871094 0.6061321496963501 
0.7743867635726929 2.3705623149871826 0.240745410323143 2.129817008972168 0.5976477861404419 
1.0345135927200317 2.4359638690948486 0.25362616777420044 2.182337760925293 0.6301093101501465 
1.0863964557647705 2.4380850791931152 0.25383061170578003 2.1842544078826904 0.6289660930633545 
0.8979655504226685 2.446664333343506 0.2540634870529175 2.192601203918457 0.6302785873413086 
1.1160684823989868 2.5222585201263428 0.26279133558273315 2.259467124938965 0.6516283750534058 
1.2197030782699585 2.5153512954711914 0.26325464248657227 2.2520968914031982 0.651364266872406 
0.7401087284088135 2.3570027351379395 0.23858904838562012 2.1184136867523193 0.5913196206092834 
1.2205787897109985 2.52876615524292 0.2684559226036072 2.260310173034668 0.6661356687545776 
0.8476668000221252 2.3895721435546875 0.24762433767318726 2.1419477462768555 0.6148809194564819 
1.0293915271759033 2.437892198562622 0.2530057430267334 2.1848864555358887 0.6270658373832703 
1.3547601699829102 2.643927812576294 0.28695860505104065 2.356969118118286 0.7113438844680786 
0.9261152744293213 2.3739500045776367 0.2419108748435974 2.1320390701293945 0.5993231534957886 
1.0234496593475342 2.473236083984375 0.2589449882507324 2.2142910957336426 0.6427358984947205 
1.1408345699310303 2.542526960372925 0.2735337018966675 2.268993377685547 0.6801720261573792 
1.0026731491088867 2.418748617172241 0.25208455324172974 2.1666641235351562 0.6257773041725159 
0.9942805171012878 2.506725788116455 0.26633867621421814 2.240387201309204 0.6621314287185669 
0.8998615741729736 2.436199903488159 0.24634242057800293 2.1898574829101562 0.6086705923080444 
0.9459007978439331 2.4229378700256348 0.2521054148674011 2.170832633972168 0.6252552270889282 
1.1046901941299438 2.531038761138916 0.27110543847084045 2.2599329948425293 0.6732842922210693 
0.8044848442077637 2.402158498764038 0.2470036745071411 2.1551547050476074 0.6128178834915161 
1.053926944732666 2.458609104156494 0.2561269998550415 2.202481746673584 0.6348663568496704 
0.8168693780899048 2.3590900897979736 0.2373289316892624 2.1217613220214844 0.5877401828765869 
1.043335199356079 2.4663307666778564 0.2578977942466736 2.208432912826538 0.6394445896148682 
1.153627872467041 2.507478713989258 0.2627629041671753 2.244715690612793 0.6507970094680786 
0.812836766242981 2.4243264198303223 0.24923653900623322 2.1750898361206055 0.6190382242202759 
0.9545438885688782 2.416571855545044 0.24882733821868896 2.1677446365356445 0.6171349883079529 
0.8920587301254272 2.45040225982666 0.25538840889930725 2.195013999938965 0.634809136390686 
0.775537371635437 2.321254014968872 0.23508688807487488 2.086167335510254 0.5835198163986206 
1.0005273818969727 2.398937225341797 0.24233506619930267 2.156601905822754 0.5992444753646851 
0.7841312289237976 2.431457996368408 0.24609076976776123 2.1853671073913574 0.6095636487007141 
1.0024949312210083 2.420246124267578 0.2496994137763977 2.170546770095825 0.6191720366477966 
0.9160416722297668 2.4556586742401123 0.2566637098789215 2.1989948749542236 0.636871337890625 
0.7685368061065674 2.3945744037628174 0.24198511242866516 2.1525893211364746 0.5986948013305664 
1.0301215648651123 2.422883987426758 0.2537974417209625 2.1690866947174072 0.630785346031189 
0.9854848384857178 2.5268607139587402 0.26494964957237244 2.261911153793335 0.6566206216812134 
1.2276262044906616 2.45740008354187 0.26370295882225037 2.193696975708008 0.6553188562393188 
1.1107981204986572 2.556602954864502 0.2776859700679779 2.278916835784912 0.6906120777130127 
0.7922449111938477 2.426279067993164 0.24600395560264587 2.1802749633789062 0.6094030141830444 
1.2992998361587524 2.4296607971191406 0.25054001808166504 2.1791205406188965 0.6206096410751343 
0.8475667238235474 2.366360664367676 0.24531446397304535 2.1210460662841797 0.609367847442627 
1.3713984489440918 2.5554535388946533 0.26963916420936584 2.2858142852783203 0.6681079864501953 
0.841149091720581 2.394895076751709 0.2415960431098938 2.153298854827881 0.597949743270874 
1.0226562023162842 2.5138094425201416 0.26461976766586304 2.249189615249634 0.6571246385574341 
0.9578151702880859 2.453325033187866 0.24699492752552032 2.2063300609588623 0.6108207106590271 
0.7177187204360962 2.3267412185668945 0.23247022926807404 2.094271183013916 0.576431930065155 
0.9272599220275879 2.4545376300811768 0.25250375270843506 2.202033758163452 0.6256062984466553 
0.8634100556373596 2.4958910942077637 0.25649330019950867 2.2393980026245117 0.6357395648956299 
0.8284792304039001 2.3778305053710938 0.2428436428308487 2.1349868774414062 0.6021087765693665 
1.0107073783874512 2.4462549686431885 0.2559034526348114 2.1903514862060547 0.6346700191497803 
0.9879820942878723 2.4524683952331543 0.2529773712158203 2.199491262435913 0.6268365383148193 
1.1584925651550293 2.467928886413574 0.25712841749191284 2.2108006477355957 0.6361122727394104 
0.7592827081680298 2.3509671688079834 0.2370114028453827 2.1139559745788574 0.5875009298324585 
0.8422673344612122 2.427701234817505 0.2444472312927246 2.1832540035247803 0.6045994162559509 
0.6687374114990234 2.3835439682006836 0.23956561088562012 2.1439783573150635 0.5929800271987915 
0.9306321144104004 2.3850655555725098 0.24474284052848816 2.140322685241699 0.6077183485031128 
1.1130690574645996 2.4762375354766846 0.2622393071651459 2.2139980792999268 0.6509205102920532 
0.8184026479721069 2.3534128665924072 0.2386574000120163 2.114755392074585 0.5916029810905457 
1.4477277994155884 2.5853657722473145 0.2738523781299591 2.3115134239196777 0.67876136302948 
0.9294107556343079 2.418973445892334 0.2513779401779175 2.167595386505127 0.6236423254013062 
0.871113657951355 2.405331611633301 0.24725253880023956 2.158079147338867 0.6127818822860718 
0.9707257747650146 2.3837990760803223 0.24455523490905762 2.1392440795898438 0.6058033108711243 
1.045217752456665 2.5000650882720947 0.26336169242858887 2.236703395843506 0.6534572839736938 
0.8857213854789734 2.41625714302063 0.2495688498020172 2.1666884422302246 0.6194653511047363 
1.407827615737915 2.6055376529693604 0.28030773997306824 2.325230121612549 0.6951739192008972 
0.8837480545043945 2.4400253295898438 0.25121939182281494 2.1888060569763184 0.6225625872612 
1.0774890184402466 2.4785079956054688 0.2589193284511566 2.2195887565612793 0.6424593925476074 
1.006605625152588 2.415828227996826 0.2509840726852417 2.164844036102295 0.6224245429039001 
0.9754781126976013 2.4580025672912598 0.2580713629722595 2.1999311447143555 0.640729546546936 
0.8581681847572327 2.3992257118225098 0.24466098845005035 2.15456485748291 0.6070812940597534 
1.098313570022583 2.529630661010742 0.26891109347343445 2.2607195377349854 0.6683802604675293 
0.8301687836647034 2.3894081115722656 0.2424003779888153 2.147007942199707 0.6007620096206665 
1.026494026184082 2.5301575660705566 0.2665379047393799 2.2636196613311768 0.6611934900283813 
0.8842596411705017 2.4701805114746094 0.2548525929450989 2.2153282165527344 0.6321984529495239 
1.3513374328613281 2.5346438884735107 0.27313143014907837 2.261512279510498 0.6786181926727295 
1.3265354633331299 2.4890503883361816 0.2588070333003998 2.23024320602417 0.640155553817749 
0.9538173079490662 2.4383254051208496 0.2518007755279541 2.1865248680114746 0.6248905062675476 
0.9370014071464539 2.4921603202819824 0.2626821994781494 2.229478359222412 0.6518986225128174 
0.7412266731262207 2.3919882774353027 0.24177759885787964 2.1502108573913574 0.5988694429397583 
0.9068600535392761 2.4656200408935547 0.2568480670452118 2.2087717056274414 0.6376621127128601 
1.133455514907837 2.475543260574341 0.2611886262893677 2.2143547534942627 0.6484321355819702 
0.7990990877151489 2.433424472808838 0.24953769147396088 2.183886766433716 0.6186871528625488 
1.0188173055648804 2.4484057426452637 0.2570415139198303 2.191364288330078 0.6388113498687744 
0.9561254978179932 2.42653751373291 0.24637311697006226 2.180164337158203 0.6095144748687744 
1.2174609899520874 2.4885149002075195 0.2666793763637543 2.2218356132507324 0.6626794338226318 
0.8841157555580139 2.4167721271514893 0.24499768018722534 2.171774387359619 0.6067222356796265 
1.0463035106658936 2.500739097595215 0.26506507396698 2.2356739044189453 0.6579236388206482 
0.8221616744995117 2.4289751052856445 0.2522026002407074 2.1767725944519043 0.626747190952301 
0.8094086050987244 2.423283338546753 0.2507317066192627 2.1725516319274902 0.6229859590530396 
1.0123887062072754 2.417616367340088 0.2539057731628418 2.163710594177246 0.631173849105835 
0.7631831169128418 2.4120635986328125 0.24610668420791626 2.165956974029541 0.6105561256408691 
0.7713730931282043 2.364711284637451 0.23500123620033264 2.1297099590301514 0.5806496739387512 
0.8473170399665833 2.379187822341919 0.238702654838562 2.1404852867126465 0.5899327993392944 
0.6290880441665649 2.326589584350586 0.23472347855567932 2.0918660163879395 0.5832624435424805 
1.0648717880249023 2.4904367923736572 0.26204758882522583 2.228389263153076 0.6510144472122192 
0.9325715899467468 2.432278633117676 0.2491898536682129 2.183088779449463 0.6172871589660645 
1.048836350440979 2.5043280124664307 0.26386022567749023 2.2404675483703613 0.6542862057685852 
0.6891046762466431 2.36293363571167 0.2392413318157196 2.123692035675049 0.5934587717056274 
1.0380568504333496 2.4524781703948975 0.25421231985092163 2.198265790939331 0.630752444267273 
0.8943244218826294 2.416973352432251 0.25022774934768677 2.166745662689209 0.621423602104187 
0.905148446559906 2.43118953704834 0.2529415190219879 2.1782479286193848 0.6281572580337524 
0.937868595123291 2.394777297973633 0.24692010879516602 2.147857189178467 0.6127923727035522 
0.8923847675323486 2.4113173484802246 0.24640196561813354 2.1649155616760254 0.610174298286438 
1.2140597105026245 2.52186918258667 0.26976630091667175 2.252102851867676 0.6700208187103271 
1.1335986852645874 2.460664987564087 0.2604823112487793 2.2001829147338867 0.6466659307479858 
1.0637526512145996 2.4681291580200195 0.26146286725997925 2.2066662311553955 0.6489614248275757 
1.2131212949752808 2.549834966659546 0.2664034366607666 2.2834315299987793 0.6587085127830505 
0.7911450862884521 2.39703631401062 0.24113729596138 2.1558990478515625 0.5970937013626099 
0.7977046966552734 2.382913589477539 0.2435445636510849 2.139369010925293 0.6039284467697144 
1.1613367795944214 2.4553349018096924 0.25895169377326965 2.196383476257324 0.6421222686767578 
0.7662848830223083 2.43361234664917 0.2468978464603424 2.1867146492004395 0.6120306849479675 
1.004758358001709 2.4107260704040527 0.24912145733833313 2.161604404449463 0.617215633392334 
1.1015982627868652 2.4366674423217773 0.251071572303772 2.185595989227295 0.6226162910461426 
0.9172979593276978 2.4086318016052246 0.2440546602010727 2.164577007293701 0.6045385599136353 
0.8174492716789246 2.394124746322632 0.24367843568325043 2.1504464149475098 0.6038492321968079 
1.0210014581680298 2.4428329467773438 0.25526437163352966 2.187568426132202 0.6342020034790039 
0.8065745830535889 2.3587751388549805 0.23721253871917725 2.1215624809265137 0.5870853662490845 
0.9323546290397644 2.4684181213378906 0.2554371953010559 2.2129812240600586 0.6328744888305664 
0.8632032871246338 2.4261879920959473 0.25112125277519226 2.1750667095184326 0.6231610774993896 
0.7726150751113892 2.3694915771484375 0.24146224558353424 2.1280293464660645 0.5987542271614075 
0.908674955368042 2.435878038406372 0.25564122200012207 2.18023681640625 0.6356199979782104 
0.9518424272537231 2.4424386024475098 0.2551519274711609 2.187286615371704 0.6336454153060913 
0.7323625087738037 2.32585072517395 0.2357359528541565 2.0901148319244385 0.5849545001983643 
1.0200610160827637 2.4789621829986572 0.2646515369415283 2.214310646057129 0.658677875995636 
0.721368670463562 2.421264410018921 0.2463124394416809 2.1749520301818848 0.6110162734985352 
0.9697349071502686 2.4835023880004883 0.25543633103370667 2.2280659675598145 0.6329619884490967 
1.0349725484848022 2.492696762084961 0.2610952854156494 2.2316014766693115 0.6473064422607422 
1.248438835144043 2.4896724224090576 0.2624616026878357 2.227210760116577 0.6500524878501892 
1.0747450590133667 2.5037882328033447 0.2589603066444397 2.2448277473449707 0.6403297781944275 
1.172646164894104 2.565763473510742 0.27163875102996826 2.2941246032714844 0.6734859943389893 
0.8904130458831787 2.419642925262451 0.24529272317886353 2.1743502616882324 0.6078035831451416 
0.9955507516860962 2.5145621299743652 0.26842206716537476 2.2461400032043457 0.6672471761703491 
0.7810096740722656 2.4206693172454834 0.24587182700634003 2.174797534942627 0.6090023517608643 
0.8174647092819214 2.4281671047210693 0.24599555134773254 2.18217134475708 0.6083024740219116 
1.5182104110717773 2.475602149963379 0.2700185775756836 2.2055835723876953 0.6714154481887817 
0.6261663436889648 2.3438308238983154 0.23475807905197144 2.109072685241699 0.5819339752197266 
0.8974155187606812 2.4479832649230957 0.2568129301071167 2.1911702156066895 0.6385866403579712 
0.9530321359634399 2.427618980407715 0.25016486644744873 2.1774542331695557 0.6198350191116333 
1.0194411277770996 2.4663727283477783 0.26132264733314514 2.205049991607666 0.649702787399292 
0.8925427794456482 2.4641082286834717 0.256145715713501 2.2079625129699707 0.6352767944335938 
0.7972451448440552 2.4141018390655518 0.2482706606388092 2.1658310890197754 0.615367591381073 
0.8662996292114258 2.345402240753174 0.23989903926849365 2.1055030822753906 0.5953455567359924 
0.8944844603538513 2.4937634468078613 0.2586550712585449 2.2351083755493164 0.6416626572608948 
0.8358500003814697 2.419583559036255 0.2516188621520996 2.1679646968841553 0.6251035928726196 
1.218141794204712 2.5406055450439453 0.2726769745349884 2.2679286003112793 0.6766259670257568 
0.8574074506759644 2.3627231121063232 0.2361646592617035 2.126558303833008 0.5850390195846558 
0.8374049663543701 2.4196457862854004 0.25026237964630127 2.1693835258483887 0.6215301156044006 
1.0311484336853027 2.4023170471191406 0.2516331672668457 2.150683879852295 0.6241444945335388 
0.7649550437927246 2.373603343963623 0.23917439579963684 2.1344289779663086 0.5936862230300903 
0.6399564743041992 2.290843963623047 0.22674646973609924 2.0640974044799805 0.5619819164276123 
0.8434760570526123 2.4073591232299805 0.24689790606498718 2.16046142578125 0.6121877431869507 
0.8790966272354126 2.372340202331543 0.24050143361091614 2.131838321685791 0.5956303477287292 
1.1580548286437988 2.534198760986328 0.2696989178657532 2.2644996643066406 0.6690580248832703 
0.7522546052932739 2.3591103553771973 0.23892565071582794 2.1201844215393066 0.5927548408508301 
1.053937554359436 2.41302490234375 0.2486790120601654 2.1643457412719727 0.616287112236023 
1.0125442743301392 2.503049373626709 0.2595716714859009 2.2434778213500977 0.6426634192466736 
0.6658801436424255 2.3535218238830566 0.23369738459587097 2.1198246479034424 0.5783110857009888 
1.0517475605010986 2.4675474166870117 0.2587352693080902 2.2088122367858887 0.6422626376152039 
0.7427371740341187 2.336108922958374 0.2390575110912323 2.0970511436462402 0.594232439994812 
0.7467527389526367 2.3431615829467773 0.23579208552837372 2.1073696613311768 0.5846638083457947 
0.8247299194335938 2.329990863800049 0.23550577461719513 2.09448504447937 0.584473192691803 
0.9079636931419373 2.4762072563171387 0.2553097605705261 2.2208974361419678 0.6324045658111572 
0.8689452409744263 2.424889087677002 0.24938741326332092 2.175501823425293 0.6182036399841309 
0.9052797555923462 2.450859308242798 0.25031930208206177 2.200540065765381 0.6193423271179199 
1.103622555732727 2.4615681171417236 0.25419676303863525 2.207371473312378 0.6281973719596863 
0.880101203918457 2.3932619094848633 0.24460941553115845 2.1486525535583496 0.6064146757125854 
0.868269145488739 2.4377944469451904 0.2511186897754669 2.186675786972046 0.6222646832466125 
0.8242357969284058 2.397695541381836 0.24792934954166412 2.149766206741333 0.6160736083984375 
1.0136569738388062 2.481745719909668 0.2604202628135681 2.221325397491455 0.6459251642227173 
1.490068793296814 2.5731852054595947 0.2776569724082947 2.2955284118652344 0.6889477372169495 
0.9475811719894409 2.4841175079345703 0.2605588436126709 2.2235589027404785 0.6462935209274292 
0.7426955103874207 2.338977813720703 0.23522986471652985 2.103747844696045 0.5834337472915649 
0.891094446182251 2.4941201210021973 0.2590909004211426 2.2350292205810547 0.6432515382766724 
0.6386988162994385 2.2919774055480957 0.2264215052127838 2.0655558109283447 0.5609446167945862 
0.7639452815055847 2.364964008331299 0.24099649488925934 2.1239676475524902 0.5979238748550415 
0.932727038860321 2.4103951454162598 0.24702590703964233 2.1633691787719727 0.6118471622467041 
0.8890460133552551 2.4423136711120605 0.24835970997810364 2.1939542293548584 0.6154590249061584 
1.1024260520935059 2.43869686126709 0.2556575536727905 2.183039426803589 0.6336643099784851 
0.7430682182312012 2.397505283355713 0.2423471212387085 2.155158042907715 0.6005797386169434 
0.8691065311431885 2.3718924522399902 0.24488723278045654 2.127005100250244 0.6084021329879761 
1.0164830684661865 2.441145896911621 0.2542535066604614 2.186892509460449 0.6312812566757202 
0.7741026878356934 2.3699419498443604 0.2413359433412552 2.128605842590332 0.5987703204154968 
0.6665971279144287 2.346198558807373 0.23802867531776428 2.1081697940826416 0.5915354490280151 
1.0641093254089355 2.470214605331421 0.2574682831764221 2.2127463817596436 0.6390106678009033 
1.253942847251892 2.505659341812134 0.2636062204837799 2.2420530319213867 0.6530484557151794 
1.0044132471084595 2.451292037963867 0.25993502140045166 2.191357135772705 0.6466046571731567 
0.8101219534873962 2.329188108444214 0.23851989209651947 2.090668201446533 0.5929610729217529 
0.6133909225463867 2.3220465183258057 0.2296840250492096 2.092362403869629 0.568878710269928 
0.9074195623397827 2.481412410736084 0.26176774501800537 2.219644546508789 0.6507583856582642 
0.8308957815170288 2.377789258956909 0.2450428009033203 2.1327462196350098 0.6082972288131714 
0.8550095558166504 2.3929691314697266 0.24521206319332123 2.147757053375244 0.6081088781356812 
0.9497950673103333 2.4300527572631836 0.25461602210998535 2.175436496734619 0.6318729519844055 
0.822411298751831 2.393252372741699 0.23959197103977203 2.153660774230957 0.5919041037559509 
0.781555712223053 2.3793108463287354 0.24416044354438782 2.13515043258667 0.6065809726715088 
1.2156040668487549 2.514610767364502 0.26872026920318604 2.2458906173706055 0.6671364903450012 
0.8481057286262512 2.418060302734375 0.24699193239212036 2.1710686683654785 0.6122132539749146 
0.8161637783050537 2.409898281097412 0.24860376119613647 2.161294460296631 0.6173820495605469 
0.9769326448440552 2.4346470832824707 0.25365906953811646 2.180988073348999 0.6297156810760498 
0.8367440700531006 2.44413685798645 0.25489097833633423 2.1892457008361816 0.6330685615539551 
0.7703658938407898 2.4141411781311035 0.24788545072078705 2.1662557125091553 0.61539626121521 
1.075966238975525 2.4361557960510254 0.2576970160007477 2.1784586906433105 0.6406311988830566 
0.8455770015716553 2.4592928886413574 0.25329768657684326 2.2059950828552246 0.6270703077316284 
0.8655591011047363 2.4285359382629395 0.2496420443058014 2.178893566131592 0.6192718744277954 
0.8217592239379883 2.37477707862854 0.24212759733200073 2.1326496601104736 0.60061115026474 
1.1636617183685303 2.489751100540161 0.26186561584472656 2.2278857231140137 0.6503539085388184 
0.996570348739624 2.4316954612731934 0.2562479078769684 2.175447463989258 0.6368681192398071 
0.9308162331581116 2.3871257305145264 0.24160945415496826 2.1455163955688477 0.5987892150878906 
0.9692090749740601 2.3861336708068848 0.24742650985717773 2.138707160949707 0.6143600940704346 
0.6314453482627869 2.3265345096588135 0.23118112981319427 2.095353126525879 0.5725452899932861 
0.9560933709144592 2.4488141536712646 0.24806421995162964 2.2007501125335693 0.6132770776748657 
0.6789395809173584 2.3302955627441406 0.231251060962677 2.0990445613861084 0.5727427005767822 
1.1265448331832886 2.4432501792907715 0.25989872217178345 2.183351516723633 0.645661473274231 
1.082721471786499 2.470010757446289 0.2525995671749115 2.2174112796783447 0.6242737770080566 
0.7271802425384521 2.3756163120269775 0.2403940111398697 2.1352221965789795 0.5957807302474976 
0.9499953985214233 2.422604560852051 0.25089728832244873 2.1717071533203125 0.6224898099899292 
0.832500696182251 2.3960118293762207 0.24948205053806305 2.1465296745300293 0.6208081245422363 
1.1931020021438599 2.429025888442993 0.25821417570114136 2.170811653137207 0.6414244174957275 
0.8483499884605408 2.3848633766174316 0.24324031174182892 2.141623020172119 0.6031032204627991 
1.1348249912261963 2.473550796508789 0.2577666640281677 2.2157838344573975 0.6381754875183105 
0.9557136297225952 2.416207790374756 0.25160908699035645 2.1645984649658203 0.6242779493331909 
0.878766655921936 2.444180488586426 0.2546153962612152 2.1895651817321777 0.6317221522331238 
0.7022612690925598 2.3314287662506104 0.23547765612602234 2.0959510803222656 0.5844539403915405 
1.081080436706543 2.4969329833984375 0.26261475682258606 2.234318256378174 0.652151346206665 
0.9546008110046387 2.4176440238952637 0.24637523293495178 2.171268939971924 0.6099659204483032 
1.192603349685669 2.5280098915100098 0.2713478207588196 2.256661891937256 0.674565851688385 
0.6384504437446594 2.318225860595703 0.23024526238441467 2.0879805088043213 0.5705634355545044 
0.9728257656097412 2.430461883544922 0.24908114969730377 2.1813807487487793 0.6173747777938843 
0.9151240587234497 2.3969342708587646 0.24452048540115356 2.152413845062256 0.6064445376396179 
0.9369336366653442 2.414064884185791 0.2502939701080322 2.1637706756591797 0.6211847066879272 
0.7970908880233765 2.438706636428833 0.24943101406097412 2.1892755031585693 0.6186964511871338 
0.8138900995254517 2.3977274894714355 0.24514397978782654 2.152583599090576 0.6082971692085266 
0.7412464618682861 2.308410167694092 0.23323743045330048 2.0751724243164062 0.5781930685043335 
0.8225141763687134 2.361215114593506 0.23995932936668396 2.121255874633789 0.5945740342140198 
0.9734542369842529 2.490358352661133 0.2596819996833801 2.2306761741638184 0.6433007717132568 
0.6009238958358765 2.344330310821533 0.23381942510604858 2.11051082611084 0.5796114206314087 
0.8159639239311218 2.366055488586426 0.23850217461585999 2.1275534629821777 0.5910994410514832 
0.9716309905052185 2.406268358230591 0.24722732603549957 2.159041166305542 0.6129799485206604 
0.7728480100631714 2.3782596588134766 0.24013617634773254 2.1381232738494873 0.5943726897239685 
1.2052175998687744 2.5056490898132324 0.2708151638507843 2.2348339557647705 0.6735954284667969 
0.7622878551483154 2.401829719543457 0.24201107025146484 2.1598188877105713 0.5992308855056763 
1.0103275775909424 2.4130454063415527 0.2450331300497055 2.1680123805999756 0.606270432472229 
1.1057610511779785 2.4750313758850098 0.2637535333633423 2.211277961730957 0.6548610925674438 
0.9771587252616882 2.443798065185547 0.2537305951118469 2.190067768096924 0.6290398240089417 
0.5618267059326172 2.300832748413086 0.22692783176898956 2.0739049911499023 0.5626015663146973 
0.8414168357849121 2.439743995666504 0.25146543979644775 2.1882786750793457 0.6235665678977966 
0.7202447652816772 2.3574624061584473 0.23828965425491333 2.1191725730895996 0.5912069082260132 
0.9051285982131958 2.4356865882873535 0.2534411549568176 2.1822452545166016 0.6295190453529358 
0.9934177398681641 2.4150452613830566 0.2480301856994629 2.1670150756835938 0.6138586401939392 
1.1914373636245728 2.4604012966156006 0.25875526666641235 2.201646089553833 0.6414788961410522 
0.9875096082687378 2.432103395462036 0.2555586099624634 2.1765451431274414 0.6348258256912231 
1.007944941520691 2.4800400733947754 0.259247362613678 2.220792770385742 0.6430160403251648 
1.085613489151001 2.438530445098877 0.2582566440105438 2.1802737712860107 0.6418904662132263 
0.7743459939956665 2.3397164344787598 0.24021302163600922 2.099503517150879 0.5972058773040771 
0.6468410491943359 2.3359742164611816 0.23392800986766815 2.102046251296997 0.5807243585586548 
0.7168132066726685 2.324559211730957 0.23329836130142212 2.0912609100341797 0.5784262418746948 
0.9524998664855957 2.4501447677612305 0.25923430919647217 2.1909103393554688 0.6446948051452637 
0.8308402299880981 2.4035205841064453 0.24745729565620422 2.1560630798339844 0.614659309387207 
0.7766563892364502 2.3430628776550293 0.23892700672149658 2.1041359901428223 0.5935534238815308 
0.8182381987571716 2.3632261753082275 0.24294225871562958 2.120283842086792 0.6035622954368591 
0.7223988771438599 2.409684181213379 0.24209201335906982 2.1675922870635986 0.5992554426193237 
0.7239497900009155 2.352628707885742 0.23856395483016968 2.1140646934509277 0.5922549366950989 
0.8505080938339233 2.391256809234619 0.2470082938671112 2.1442484855651855 0.6129457950592041 
1.046189546585083 2.4043610095977783 0.24879324436187744 2.1555676460266113 0.6167649626731873 
0.946389377117157 2.396332263946533 0.24540308117866516 2.1509289741516113 0.6084557771682739 
0.7487592101097107 2.3104710578918457 0.23083142936229706 2.0796396732330322 0.5713498592376709 
0.712649941444397 2.3745477199554443 0.23977933824062347 2.134768486022949 0.5947380065917969 
0.8877200484275818 2.4031291007995605 0.24693456292152405 2.1561946868896484 0.6120833158493042 
1.0250920057296753 2.447991371154785 0.25667256116867065 2.191318988800049 0.6366130709648132 
0.8792520761489868 2.4417073726654053 0.2455885410308838 2.1961188316345215 0.6071667671203613 
0.9878979921340942 2.535184621810913 0.2693021893501282 2.2658824920654297 0.668986976146698 
0.722197949886322 2.3551435470581055 0.2335386574268341 2.121605157852173 0.5779318809509277 
0.998664379119873 2.444661855697632 0.2518318295478821 2.1928300857543945 0.6233752369880676 
0.6850921511650085 2.3246829509735107 0.2313062995672226 2.093376636505127 0.5726900100708008 
0.9751580953598022 2.454223871231079 0.2554491460323334 2.198774814605713 0.633825421333313 
0.7556273937225342 2.338634729385376 0.23461899161338806 2.104015827178955 0.5811820030212402 
0.863620400428772 2.357062816619873 0.24162055552005768 2.1154422760009766 0.5991091132164001 
0.9762996435165405 2.3911664485931396 0.24970358610153198 2.141462802886963 0.6209668517112732 
0.8628560304641724 2.3902950286865234 0.24416184425354004 2.1461331844329834 0.6045680046081543 
0.7973622679710388 2.4411263465881348 0.2541755437850952 2.18695068359375 0.632003903388977 
0.7832555770874023 2.3580455780029297 0.23896071314811707 2.1190850734710693 0.5925726890563965 
0.8984850645065308 2.4489049911499023 0.2547281086444855 2.19417667388916 0.6325993537902832 
0.8214297890663147 2.3489577770233154 0.23743417859077454 2.1115236282348633 0.5886244773864746 
0.7172576189041138 2.327742338180542 0.2361191213130951 2.091623067855835 0.5869125127792358 
0.9225602149963379 2.4469494819641113 0.2575228214263916 2.1894264221191406 0.6400125622749329 
0.5558708310127258 2.248448610305786 0.2180931270122528 2.030355453491211 0.5400112867355347 
1.070629596710205 2.430143356323242 0.2550121545791626 2.175131320953369 0.6326692700386047 
0.9957016110420227 2.442302942276001 0.2572702169418335 2.185032844543457 0.6394537687301636 
0.7774239778518677 2.3461756706237793 0.23529517650604248 2.1108808517456055 0.5827250480651855 
0.8650354743003845 2.4484171867370605 0.257456511259079 2.190960645675659 0.6403822302818298 
0.9399449825286865 2.3968451023101807 0.2501685619354248 2.146676540374756 0.6217504739761353 
1.0635173320770264 2.4895153045654297 0.2667344808578491 2.222780704498291 0.6634718179702759 
0.8068227767944336 2.4022295475006104 0.24326971173286438 2.1589598655700684 0.6024361848831177 
0.7562438249588013 2.412292957305908 0.24787946045398712 2.1644134521484375 0.6153593063354492 
0.7826912999153137 2.3169121742248535 0.23160657286643982 2.085305690765381 0.5740039348602295 
0.8809397220611572 2.3919055461883545 0.24405255913734436 2.147852897644043 0.6048973798751831 
0.852360725402832 2.351536750793457 0.24178391695022583 2.109752655029297 0.6003900766372681 
0.8118158578872681 2.3889994621276855 0.24161288142204285 2.1473865509033203 0.5990891456604004 
0.750849723815918 2.3631763458251953 0.236561119556427 2.126615047454834 0.5857291221618652 
1.0195907354354858 2.4221670627593994 0.25692152976989746 2.165245294570923 0.6395784616470337 
0.983465850353241 2.3877906799316406 0.2434866726398468 2.144303798675537 0.6033292412757874 
0.9042179584503174 2.3985753059387207 0.2473975569009781 2.151177406311035 0.6138847470283508 
1.0867722034454346 2.5016727447509766 0.26628434658050537 2.2353882789611816 0.6617225408554077 
0.8095506429672241 2.32674503326416 0.23351532220840454 2.0932297706604004 0.5786867141723633 
0.9286125302314758 2.390922784805298 0.24508649110794067 2.145836353302002 0.6074941158294678 
0.9685585498809814 2.3749308586120605 0.24387669563293457 2.131054401397705 0.6043885946273804 
0.7842221260070801 2.3840479850769043 0.2412470132112503 2.14280104637146 0.597017765045166 
0.60740065574646 2.3404834270477295 0.23060201108455658 2.1098811626434326 0.5706422328948975 
0.6704067587852478 2.274221420288086 0.2220611274242401 2.0521602630615234 0.5498208403587341 
0.8461495041847229 2.4036271572113037 0.24660629034042358 2.1570210456848145 0.6114959716796875 
0.8629803657531738 2.4387125968933105 0.24857297539710999 2.1901397705078125 0.6151520013809204 
0.8373220562934875 2.401031017303467 0.25029489398002625 2.1507363319396973 0.621575117111206 
0.8114149570465088 2.3823111057281494 0.23717263340950012 2.1451385021209717 0.5858047008514404 
0.9912698864936829 2.420121192932129 0.2520473599433899 2.168074131011963 0.625900387763977 
0.804019570350647 2.410099506378174 0.24690395593643188 2.1631956100463867 0.6118687391281128 
0.9880731105804443 2.4204771518707275 0.25179293751716614 2.168684244155884 0.6250914335250854 
0.7535914778709412 2.3250279426574707 0.2316865175962448 2.09334135055542 0.5735194683074951 
0.9160908460617065 2.4327003955841064 0.24913091957569122 2.1835694313049316 0.6174843311309814 
1.1295521259307861 2.410407543182373 0.2555173635482788 2.1548900604248047 0.6348636150360107 
1.0248173475265503 2.4212563037872314 0.25497791171073914 2.166278600692749 0.6333788633346558 
0.9082234501838684 2.4272613525390625 0.2511914372444153 2.176069736480713 0.6227094531059265 
1.1824557781219482 2.4292068481445312 0.255437433719635 2.173769474029541 0.634334921836853 
0.9794694185256958 2.457763671875 0.25804322957992554 2.199720621109009 0.6411420106887817 
0.6089127063751221 2.2733030319213867 0.22537818551063538 2.0479249954223633 0.5590924024581909 
1.2413849830627441 2.497659683227539 0.2704195976257324 2.2272400856018066 0.6720080971717834 
0.7963707447052002 2.3314208984375 0.23784050345420837 2.0935802459716797 0.5909326076507568 
0.7406142950057983 2.3438591957092285 0.23804619908332825 2.1058130264282227 0.5902230739593506 
1.1740517616271973 2.5014452934265137 0.25796210765838623 2.243483543395996 0.6381852030754089 
0.9397973418235779 2.5061607360839844 0.26159119606018066 2.2445695400238037 0.6486466526985168 
0.7636505365371704 2.3930931091308594 0.24309800565242767 2.1499950885772705 0.6028174161911011 
0.8132333159446716 2.327348232269287 0.23178191483020782 2.095566511154175 0.5732659101486206 
1.1172473430633545 2.429206609725952 0.25544655323028564 2.173760175704956 0.6340252161026001 
0.9859146475791931 2.345508575439453 0.236965149641037 2.1085433959960938 0.5863581299781799 
1.0522783994674683 2.509568691253662 0.265968382358551 2.243600368499756 0.6611071228981018 
1.2926809787750244 2.4369912147521973 0.24728424847126007 2.1897072792053223 0.6119664907455444 
0.9723010063171387 2.4042811393737793 0.24646733701229095 2.157813787460327 0.610734224319458 
1.0487719774246216 2.3672266006469727 0.24636906385421753 2.1208577156066895 0.6113300323486328 
0.9188014268875122 2.3957066535949707 0.24796052277088165 2.1477460861206055 0.615511953830719 
0.7254000306129456 2.3073301315307617 0.23122626543045044 2.076104164123535 0.5738779902458191 
0.7486529350280762 2.3762054443359375 0.236124187707901 2.1400814056396484 0.5845992565155029 
0.9709726572036743 2.4119434356689453 0.25051188468933105 2.161431312561035 0.6214016675949097 
0.924673855304718 2.398043632507324 0.24866461753845215 2.149379014968872 0.6171708106994629 
1.145635724067688 2.53144907951355 0.27032166719436646 2.261127471923828 0.6715202331542969 
0.9595757722854614 2.4449706077575684 0.25576233863830566 2.1892080307006836 0.6350539326667786 
1.014150619506836 2.505713939666748 0.26036831736564636 2.2453455924987793 0.6447818875312805 
0.8278211355209351 2.3883626461029053 0.24601486325263977 2.142347812652588 0.6104632616043091 
1.0730582475662231 2.4447312355041504 0.25364983081817627 2.1910815238952637 0.6286814212799072 
1.1647216081619263 2.454707384109497 0.2559555172920227 2.198751926422119 0.6343439817428589 
0.6983752250671387 2.3424782752990723 0.2374524027109146 2.1050260066986084 0.5895894765853882 
0.8125885725021362 2.3671960830688477 0.23830050230026245 2.1288955211639404 0.5893107652664185 
1.198959231376648 2.5436038970947266 0.27322959899902344 2.270374059677124 0.6789450645446777 
0.9300761222839355 2.4252891540527344 0.2489328235387802 2.176356077194214 0.6169047951698303 
0.7168401479721069 2.3810510635375977 0.24074696004390717 2.1403040885925293 0.5967679023742676 
0.9155255556106567 2.441389560699463 0.25158241391181946 2.1898069381713867 0.6238102912902832 
0.7132164835929871 2.296846866607666 0.2262582927942276 2.0705885887145996 0.55955570936203 
0.654877781867981 2.3690285682678223 0.23675133287906647 2.132277011871338 0.5869588851928711 
0.764165997505188 2.3666181564331055 0.23866330087184906 2.1279549598693848 0.5915536880493164 
0.8434924483299255 2.4128105640411377 0.24404732882976532 2.1687631607055664 0.6031991243362427 
0.7879747152328491 2.340320348739624 0.23881566524505615 2.1015048027038574 0.5925462245941162 
1.0175117254257202 2.528665542602539 0.264051228761673 2.2646145820617676 0.6548470854759216 
0.7745125889778137 2.3755106925964355 0.24180807173252106 2.1337027549743652 0.6000171303749084 
0.9340964555740356 2.3708949089050293 0.24139311909675598 2.1295018196105957 0.5975319147109985 
0.9341171383857727 2.4598329067230225 0.25681859254837036 2.2030141353607178 0.6370530128479004 
0.7383925914764404 2.3801589012145996 0.24345175921916962 2.136707067489624 0.6050007939338684 
1.0553776025772095 2.4756016731262207 0.2629832923412323 2.212618350982666 0.6533902883529663 
0.9716432094573975 2.4155845642089844 0.24950715899467468 2.1660773754119873 0.61846923828125 
0.9387091398239136 2.432170867919922 0.24900731444358826 2.183163642883301 0.6167271137237549 
1.0812785625457764 2.4541797637939453 0.25816309452056885 2.196016788482666 0.6410573720932007 
0.7059247493743896 2.3719029426574707 0.23899832367897034 2.1329047679901123 0.5920973420143127 
0.6878935098648071 2.3746447563171387 0.23531474173069 2.1393299102783203 0.5821915864944458 
1.031053900718689 2.37882661819458 0.24711394309997559 2.1317129135131836 0.61301589012146 
0.8289375305175781 2.4138286113739014 0.24629220366477966 2.1675362586975098 0.6098235249519348 
0.8701094388961792 2.4550318717956543 0.25632965564727783 2.198702573776245 0.636519193649292 
0.8181453347206116 2.4185938835144043 0.2469760924577713 2.1716179847717285 0.6123573184013367 
0.7305915355682373 2.389247417449951 0.24436882138252258 2.144878625869751 0.6068410277366638 
0.7566432952880859 2.4186501502990723 0.24373795092105865 2.174912214279175 0.6036281585693359 
0.7741018533706665 2.413982391357422 0.24901261925697327 2.1649696826934814 0.6191631555557251 
0.8289761543273926 2.3526477813720703 0.23784048855304718 2.114807605743408 0.5902248620986938 
1.0413625240325928 2.4588639736175537 0.25832703709602356 2.2005369663238525 0.6409446597099304 
0.8397002816200256 2.3865487575531006 0.24353234469890594 2.1430160999298096 0.6043338775634766 
0.5336626172065735 2.296952962875366 0.22142022848129272 2.0755326747894287 0.547288715839386 
0.7823616862297058 2.3422646522521973 0.23887993395328522 2.1033849716186523 0.5929925441741943 
0.9148426055908203 2.467959403991699 0.26166099309921265 2.206298589706421 0.6509156227111816 
0.6901023387908936 2.3444461822509766 0.2365872710943222 2.107858896255493 0.5871196985244751 
0.8839965462684631 2.407322883605957 0.241451233625412 2.1658718585968018 0.5969804525375366 
1.0621777772903442 2.4274396896362305 0.2548083961009979 2.1726315021514893 0.6333811283111572 
0.7740147113800049 2.2774336338043213 0.2227727472782135 2.0546607971191406 0.551624596118927 
0.7945873141288757 2.3258347511291504 0.23249904811382294 2.0933356285095215 0.5754690766334534 
1.092864990234375 2.377887487411499 0.2389281690120697 2.1389594078063965 0.5911234617233276 
0.9766565561294556 2.3946099281311035 0.24342620372772217 2.151183843612671 0.6016440391540527 
0.674872636795044 2.339231014251709 0.23325848579406738 2.1059725284576416 0.5784686803817749 
0.7766409516334534 2.331441879272461 0.23440127074718475 2.0970406532287598 0.5816924571990967 
0.8129751086235046 2.460228681564331 0.2526229918003082 2.2076056003570557 0.6260896921157837 
1.1180744171142578 2.481668710708618 0.2657472491264343 2.215921640396118 0.6604601144790649 
0.6589443683624268 2.328118324279785 0.2330767661333084 2.095041275024414 0.5781196355819702 
0.9567671418190002 2.3991713523864746 0.24751272797584534 2.151658773422241 0.6136584281921387 
1.0096337795257568 2.39420747756958 0.250925749540329 2.1432816982269287 0.6241894364356995 
0.8846807479858398 2.415567398071289 0.24952900409698486 2.1660385131835938 0.6191550493240356 
0.8694038391113281 2.4079349040985107 0.25078123807907104 2.157153606414795 0.6235229969024658 
0.7494908571243286 2.391422986984253 0.2431676685810089 2.1482553482055664 0.6036193370819092 
0.8868316411972046 2.388620138168335 0.2488342821598053 2.1397857666015625 0.6182997226715088 
0.8817968368530273 2.412008285522461 0.24729321897029877 2.16471529006958 0.6132973432540894 
0.8976285457611084 2.4478352069854736 0.24932774901390076 2.198507308959961 0.6169077157974243 
0.9085854887962341 2.4504947662353516 0.24890241026878357 2.201592445373535 0.615452766418457 
0.8349600434303284 2.370727062225342 0.24322892725467682 2.127498149871826 0.6034590005874634 
1.0159876346588135 2.4571046829223633 0.25981611013412476 2.1972885131835938 0.64529949426651 
0.7038410902023315 2.364269256591797 0.239586740732193 2.124682664871216 0.59468674659729 
0.9141253232955933 2.400662422180176 0.2517086863517761 2.148953437805176 0.6260532140731812 
1.247347116470337 2.5866549015045166 0.2809484899044037 2.30570650100708 0.6980106830596924 
0.820473849773407 2.406665086746216 0.24832242727279663 2.1583423614501953 0.6164402961730957 
0.856304943561554 2.4534835815429688 0.253298282623291 2.2001852989196777 0.6275917887687683 
0.9740923643112183 2.4333248138427734 0.2492697834968567 2.1840553283691406 0.6162833571434021 
0.8443692922592163 2.384561061859131 0.24198178946971893 2.1425793170928955 0.5996831059455872 
0.781484067440033 2.378915786743164 0.2420070767402649 2.136908769607544 0.5993725061416626 
0.9261886477470398 2.411222457885742 0.25212740898132324 2.159095048904419 0.6267490386962891 
0.9430984854698181 2.468548536300659 0.26105985045433044 2.207488775253296 0.6487815380096436 
1.078609585762024 2.4064724445343018 0.25567761063575745 2.1507949829101562 0.6363421678543091 
0.9821869730949402 2.4554905891418457 0.25574493408203125 2.1997456550598145 0.6344859600067139 
1.0750017166137695 2.4778666496276855 0.2638712227344513 2.2139954566955566 0.6564331650733948 
0.6654531955718994 2.3237953186035156 0.23460258543491364 2.0891928672790527 0.582434892654419 
1.1630520820617676 2.4596495628356934 0.25462451577186584 2.2050251960754395 0.6310326457023621 
0.8495080471038818 2.3586697578430176 0.2387179583311081 2.1199517250061035 0.5907890200614929 
0.7233730554580688 2.3640944957733154 0.23791247606277466 2.1261820793151855 0.5895549654960632 
0.9193445444107056 2.507021427154541 0.2626582682132721 2.2443630695343018 0.6524717807769775 
0.9663386940956116 2.434556484222412 0.25251471996307373 2.182041645050049 0.6265684962272644 
0.7062861919403076 2.3830647468566895 0.24347874522209167 2.1395857334136963 0.6050190329551697 
0.6944324970245361 2.332066059112549 0.23256373405456543 2.0995020866394043 0.5767949223518372 
0.6420098543167114 2.247558116912842 0.2211800217628479 2.0263779163360596 0.5482303500175476 
0.9309636354446411 2.4021105766296387 0.24468928575515747 2.157421112060547 0.6058677434921265 
0.6463003158569336 2.2989537715911865 0.22872097790241241 2.070232629776001 0.5674871206283569 
0.9615932703018188 2.382375717163086 0.23871555924415588 2.143660068511963 0.5895535945892334 
1.0268405675888062 2.4297146797180176 0.251692533493042 2.1780223846435547 0.6235116720199585 
0.6250510215759277 2.3135268688201904 0.22737056016921997 2.086156129837036 0.56231290102005 
0.9958627223968506 2.4278807640075684 0.251756489276886 2.176124095916748 0.624595046043396 
0.9220016598701477 2.374109983444214 0.2402912825345993 2.1338186264038086 0.5953041315078735 
0.5816675424575806 2.289997100830078 0.22682908177375793 2.0631680488586426 0.5624566078186035 
0.9526914954185486 2.400071144104004 0.25208672881126404 2.147984504699707 0.6267750263214111 
1.0430448055267334 2.464374542236328 0.26044559478759766 2.2039289474487305 0.6469890475273132 
1.098833441734314 2.449929714202881 0.2602919936180115 2.1896376609802246 0.6468889713287354 
0.8747667074203491 2.4036953449249268 0.2475309669971466 2.1561644077301025 0.614018440246582 
1.0070911645889282 2.4557480812072754 0.25495797395706177 2.2007899284362793 0.632785439491272 
0.8543810248374939 2.440761089324951 0.25455355644226074 2.1862072944641113 0.6324090957641602 
0.7867982983589172 2.3948636054992676 0.24678729474544525 2.148076295852661 0.6134920716285706 
1.170400857925415 2.4926371574401855 0.26626473665237427 2.226372241973877 0.6619664430618286 
1.0057506561279297 2.420891284942627 0.25263702869415283 2.1682543754577637 0.6271281242370605 
1.0403156280517578 2.4112460613250732 0.25209319591522217 2.1591529846191406 0.6261752843856812 
0.9293396472930908 2.4176506996154785 0.25128239393234253 2.166368246078491 0.6227606534957886 
0.7202281951904297 2.3532965183258057 0.23720748722553253 2.116089105606079 0.5877203941345215 
1.294090986251831 2.4664418697357178 0.26261106133461 2.2038307189941406 0.6522159576416016 
0.9717330932617188 2.399844169616699 0.2523873448371887 2.1474568843841553 0.6270437240600586 
0.7471472024917603 2.4182329177856445 0.24640075862407684 2.1718320846557617 0.610858142375946 
1.1710330247879028 2.4282307624816895 0.25616174936294556 2.1720690727233887 0.6365770101547241 
1.0109392404556274 2.508452892303467 0.260610431432724 2.247842311859131 0.6455191373825073 
1.272003412246704 2.572634220123291 0.2771908640861511 2.295443296432495 0.6879380941390991 
1.1412038803100586 2.4474101066589355 0.2519667148590088 2.1954431533813477 0.6243122816085815 
0.8018420338630676 2.3809549808502197 0.24114063382148743 2.1398143768310547 0.5971392393112183 
0.9617605209350586 2.4135265350341797 0.2501019835472107 2.163424491882324 0.6202120184898376 
1.1683403253555298 2.51566743850708 0.26300060749053955 2.25266695022583 0.651229739189148 
0.9770462512969971 2.4050230979919434 0.2506449520587921 2.1543784141540527 0.6221698522567749 
0.8508603572845459 2.3706629276275635 0.24374127388000488 2.1269216537475586 0.6049436926841736 
0.9758551120758057 2.3576536178588867 0.23831859230995178 2.119335174560547 0.5904580354690552 
1.1825199127197266 2.418238878250122 0.2507934868335724 2.167445421218872 0.6209338307380676 
0.7539455890655518 2.400510787963867 0.24558313190937042 2.1549277305603027 0.6095377206802368 
0.7850840091705322 2.3374404907226562 0.23622585833072662 2.1012144088745117 0.5853183269500732 
0.8766738176345825 2.417271137237549 0.24908126890659332 2.168189764022827 0.6180287599563599 
0.8377320766448975 2.4027340412139893 0.24473226070404053 2.158001661300659 0.6057046055793762 
0.9690374732017517 2.3782434463500977 0.24615350365638733 2.132089853286743 0.611761748790741 
0.876863420009613 2.359623670578003 0.23887977004051208 2.120743751525879 0.5918831825256348 
0.6433929800987244 2.3282811641693115 0.2347181737422943 2.0935630798339844 0.5826584100723267 
0.9858130216598511 2.394822120666504 0.2512950599193573 2.143527030944824 0.6246383786201477 
0.9450422525405884 2.386993885040283 0.24304699897766113 2.143946647644043 0.6013476848602295 
0.6967266798019409 2.392612934112549 0.24320068955421448 2.149412155151367 0.603079080581665 
0.8791369199752808 2.4405157566070557 0.2519080638885498 2.188607692718506 0.6237978935241699 
0.8209589719772339 2.3938474655151367 0.24253937602043152 2.151308298110962 0.6000577807426453 
1.0543525218963623 2.41152286529541 0.25396841764450073 2.1575546264648438 0.6313638687133789 
0.8686618804931641 2.444305419921875 0.2468540221452713 2.197451114654541 0.6100245118141174 
0.8488078117370605 2.3924641609191895 0.24451135098934174 2.1479525566101074 0.6065177917480469 
0.8209477663040161 2.3357629776000977 0.23674428462982178 2.0990185737609863 0.586828351020813 
1.2229881286621094 2.4600183963775635 0.2593405842781067 2.2006778717041016 0.642687976360321 
0.7091132998466492 2.378380298614502 0.23835791647434235 2.1400222778320312 0.5901161432266235 
0.8368722796440125 2.4162847995758057 0.2503373920917511 2.165947437286377 0.6212886571884155 
0.8046405911445618 2.366624116897583 0.2388184815645218 2.127805709838867 0.591368556022644 
1.0197553634643555 2.4638376235961914 0.25800466537475586 2.2058329582214355 0.6395954489707947 
0.5614345073699951 2.2631959915161133 0.21724218130111694 2.0459539890289307 0.5367742776870728 
0.6638410091400146 2.326235294342041 0.23413890600204468 2.0920963287353516 0.5809731483459473 
0.7995967864990234 2.431875705718994 0.2493857890367508 2.182490110397339 0.618523120880127 
0.7308680415153503 2.342273235321045 0.23481856286525726 2.107454538345337 0.5815675854682922 
0.9507279396057129 2.509850025177002 0.25699764490127563 2.252852439880371 0.6343780755996704 
0.6278924942016602 2.2881813049316406 0.227536141872406 2.060645341873169 0.564565122127533 
0.9076569080352783 2.4371259212493896 0.25048089027404785 2.186645030975342 0.6208085417747498 
1.081498622894287 2.4556009769439697 0.2570232152938843 2.198577880859375 0.6380388140678406 
0.9671415090560913 2.4099535942077637 0.24975070357322693 2.160202980041504 0.6200984716415405 
1.0122652053833008 2.46431040763855 0.25762003660202026 2.2066903114318848 0.639362096786499 
0.7308548092842102 2.3388476371765137 0.236923485994339 2.101924419403076 0.5878993272781372 
0.9302211403846741 2.4030845165252686 0.24758227169513702 2.1555023193359375 0.612951397895813 
1.0585319995880127 2.433897018432617 0.2572247385978699 2.1766722202301025 0.6389327049255371 
0.6846113204956055 2.286648750305176 0.22145387530326843 2.065194606781006 0.5481274127960205 
0.818850040435791 2.4061930179595947 0.2430221140384674 2.16317081451416 0.6010470390319824 
1.0864098072052002 2.446047306060791 0.2559148371219635 2.1901326179504395 0.6352202892303467 
0.7357694506645203 2.3481853008270264 0.23203891515731812 2.1161465644836426 0.5741933584213257 
0.8792247772216797 2.4468564987182617 0.25325655937194824 2.1935999393463135 0.6281230449676514 
1.3581135272979736 2.484107494354248 0.25409674644470215 2.230010747909546 0.6279266476631165 
1.0284900665283203 2.4020776748657227 0.24811628460884094 2.153961658477783 0.6151305437088013 
0.9886815547943115 2.4634246826171875 0.2612536549568176 2.2021708488464355 0.6494725942611694 
0.712450385093689 2.3297572135925293 0.2323395162820816 2.0974178314208984 0.5760085582733154 
1.0994665622711182 2.5032472610473633 0.2687557637691498 2.2344918251037598 0.6682345867156982 
0.892553985118866 2.4226250648498535 0.2528350353240967 2.1697897911071777 0.6284592151641846 
0.8322508335113525 2.364138126373291 0.24224849045276642 2.121889591217041 0.6006510257720947 
0.6771326065063477 2.3705973625183105 0.2379385232925415 2.1326584815979004 0.5895112156867981 
0.9882757663726807 2.5294971466064453 0.2661416828632355 2.2633554935455322 0.659990668296814 
0.6575748324394226 2.3359742164611816 0.23458853363990784 2.1013855934143066 0.5820634365081787 
0.5080733895301819 2.269571542739868 0.22290976345539093 2.046661853790283 0.5532099008560181 
0.7669335007667542 2.3429088592529297 0.23796212673187256 2.1049466133117676 0.5905634164810181 
0.8883026242256165 2.4032864570617676 0.2483139932155609 2.154972553253174 0.6167345643043518 
0.7751366496086121 2.3636560440063477 0.23995357751846313 2.1237025260925293 0.5951247215270996 
1.0474287271499634 2.524556875228882 0.2657698094844818 2.258787155151367 0.6588540077209473 
1.0836684703826904 2.470273971557617 0.26452964544296265 2.2057442665100098 0.6585732698440552 
0.9452996253967285 2.455528974533081 0.2530573010444641 2.2024717330932617 0.6265318989753723 
1.0785807371139526 2.5422542095184326 0.26936352252960205 2.272890567779541 0.6682155728340149 
1.0194686651229858 2.3925528526306152 0.244752436876297 2.1478002071380615 0.6059521436691284 
0.9980090856552124 2.4928741455078125 0.25684258341789246 2.2360315322875977 0.6354419589042664 
1.0253076553344727 2.419830799102783 0.2526205778121948 2.167210102081299 0.627381443977356 
1.0721793174743652 2.431610584259033 0.25389716029167175 2.177713632583618 0.6308398246765137 
0.9225170612335205 2.4355788230895996 0.25481098890304565 2.180767774581909 0.6323443055152893 
0.7518362998962402 2.3316614627838135 0.23612987995147705 2.095531940460205 0.5860069990158081 
0.7847987413406372 2.3126654624938965 0.23492960631847382 2.0777359008789062 0.5829038619995117 
0.8033506870269775 2.3928208351135254 0.23830415308475494 2.1545166969299316 0.5882028341293335 
1.0737037658691406 2.452047824859619 0.258683443069458 2.193364143371582 0.6424615383148193 
0.9004834294319153 2.407320499420166 0.24518568813800812 2.1621346473693848 0.6077961921691895 
0.9167748093605042 2.352351427078247 0.24136081337928772 2.110990524291992 0.5990092754364014 
0.7444186210632324 2.3214502334594727 0.22978225350379944 2.091667890548706 0.5684534311294556 
0.9407393336296082 2.4092788696289062 0.25096386671066284 2.1583147048950195 0.6231227517127991 
0.8842853903770447 2.417121410369873 0.2455514669418335 2.171570301055908 0.6081879138946533 
0.961616039276123 2.4122371673583984 0.2484811395406723 2.1637558937072754 0.6164125204086304 
1.1115995645523071 2.4453721046447754 0.2563300132751465 2.189042091369629 0.6356813311576843 
0.8067531585693359 2.4307615756988525 0.24774301052093506 2.183018445968628 0.6136981248855591 
0.8180455565452576 2.401536226272583 0.24874921143054962 2.1527867317199707 0.6178954839706421 
1.091318130493164 2.4701995849609375 0.25377947092056274 2.2164201736450195 0.6277368664741516 
0.7974520921707153 2.3974826335906982 0.2455596625804901 2.151923179626465 0.6098584532737732 
0.9137964248657227 2.408881902694702 0.24381211400032043 2.165069580078125 0.6039053201675415 
0.9291847348213196 2.3859870433807373 0.24239099025726318 2.1435961723327637 0.6008131504058838 
0.8650817275047302 2.353269100189209 0.2432178407907486 2.110051393508911 0.6038585305213928 
1.162419319152832 2.49381685256958 0.26487430930137634 2.228942632675171 0.6580306887626648 
0.8984318971633911 2.4208827018737793 0.2497791349887848 2.1711034774780273 0.6194015741348267 
0.8895634412765503 2.5078611373901367 0.2619166076183319 2.2459444999694824 0.6501749157905579 
0.861518144607544 2.3849313259124756 0.24281689524650574 2.1421141624450684 0.6016551852226257 
0.8547511696815491 2.3611674308776855 0.23899607360363007 2.122171401977539 0.5921536684036255 
1.0210320949554443 2.45343017578125 0.25591105222702026 2.197519302368164 0.6346808671951294 
0.8874632120132446 2.4406967163085938 0.25495511293411255 2.185741901397705 0.6331106424331665 
0.7800973057746887 2.351505994796753 0.23774251341819763 2.1137638092041016 0.5899556875228882 
0.9514400959014893 2.472949266433716 0.25731828808784485 2.2156310081481934 0.6379530429840088 
1.0220232009887695 2.4366652965545654 0.2565155327320099 2.180149793624878 0.6365407109260559 
0.9424591064453125 2.420931816101074 0.24966439604759216 2.171267509460449 0.6189091205596924 
0.8689154386520386 2.391998291015625 0.2436826229095459 2.148315668106079 0.6034343242645264 
0.7566502094268799 2.3464016914367676 0.23369382321834564 2.11270809173584 0.578224778175354 
0.6914474964141846 2.319945812225342 0.23334448039531708 2.0866012573242188 0.5788036584854126 
0.8964681029319763 2.403761386871338 0.2498369812965393 2.1539244651794434 0.620307445526123 
1.1182911396026611 2.4307336807250977 0.2512575387954712 2.179476261138916 0.6233963966369629 
0.7783187627792358 2.3432371616363525 0.23874610662460327 2.1044909954071045 0.5925107002258301 
1.0449061393737793 2.507051467895508 0.26736927032470703 2.239682197570801 0.6643304824829102 
0.9803954362869263 2.3703479766845703 0.24209287762641907 2.1282553672790527 0.5996006727218628 
0.7238731384277344 2.3716416358947754 0.23780003190040588 2.1338417530059814 0.5891119241714478 
0.6410810947418213 2.2771120071411133 0.22505952417850494 2.0520524978637695 0.556954026222229 
1.2480788230895996 2.4948623180389404 0.2696501314640045 2.2252120971679688 0.6701313853263855 
0.6575973629951477 2.3561036586761475 0.23692935705184937 2.1191742420196533 0.5882042646408081 
0.8278279900550842 2.3564834594726562 0.23838061094284058 2.118102788925171 0.5904378294944763 
0.8520827293395996 2.431405782699585 0.2526913285255432 2.1787145137786865 0.6271097660064697 
0.8812110424041748 2.399049758911133 0.2502177655696869 2.148831844329834 0.6221191883087158 
0.9247403740882874 2.442673444747925 0.2514440417289734 2.1912293434143066 0.6221886277198792 
0.9521723985671997 2.3940861225128174 0.24489617347717285 2.1491899490356445 0.6084171533584595 
0.9103554487228394 2.3998794555664062 0.25051480531692505 2.149364948272705 0.6224055290222168 
0.9193632006645203 2.4914751052856445 0.2576930522918701 2.2337822914123535 0.63789963722229 
0.9565703868865967 2.3507614135742188 0.23735889792442322 2.1134023666381836 0.5881184339523315 
1.05620539188385 2.488478660583496 0.2617802023887634 2.226698160171509 0.6488624215126038 
1.096924066543579 2.434192180633545 0.2540326714515686 2.180159568786621 0.6303812265396118 
1.1201369762420654 2.5029854774475098 0.2589917778968811 2.2439937591552734 0.6409057974815369 
1.0328116416931152 2.495671510696411 0.261074423789978 2.2345972061157227 0.6474130153656006 
0.7863396406173706 2.391852378845215 0.24335691332817078 2.1484954357147217 0.6034948825836182 
0.7457562685012817 2.354379653930664 0.23938462138175964 2.114995241165161 0.5944763422012329 
0.7569867968559265 2.35884165763855 0.24008169770240784 2.118760108947754 0.5958976149559021 
0.8271894454956055 2.3931005001068115 0.24728891253471375 2.1458115577697754 0.6141709089279175 
1.0945994853973389 2.5016067028045654 0.2617451548576355 2.239861488342285 0.648735523223877 
0.8048566579818726 2.3723902702331543 0.2400650531053543 2.1323254108428955 0.5952069759368896 
0.9147944450378418 2.3957948684692383 0.24315302073955536 2.152641773223877 0.601617693901062 
1.1811360120773315 2.5069222450256348 0.2647892236709595 2.242133140563965 0.6561587452888489 
0.8578917980194092 2.409956455230713 0.2470141053199768 2.162942409515381 0.6121418476104736 
0.6876010298728943 2.3274545669555664 0.23728525638580322 2.0901694297790527 0.5901471376419067 
0.8221777677536011 2.369835615158081 0.24459905922412872 2.1252365112304688 0.6071187257766724 
0.7633472084999084 2.3731250762939453 0.2401251494884491 2.132999897003174 0.5955528020858765 
0.9607365131378174 2.431349515914917 0.253820538520813 2.1775288581848145 0.6301692128181458 
0.8804551362991333 2.423370122909546 0.24879023432731628 2.1745800971984863 0.6165484189987183 
1.1644048690795898 2.5080831050872803 0.26510974764823914 2.2429733276367188 0.65744549036026 
1.0734186172485352 2.420571804046631 0.25389760732650757 2.1666743755340576 0.6295179128646851 
0.9987350106239319 2.4661402702331543 0.2531379163265228 2.2130024433135986 0.6270561218261719 
0.7691025733947754 2.360177516937256 0.23476386070251465 2.125413417816162 0.579622745513916 
1.2462977170944214 2.5286078453063965 0.2715336084365845 2.2570741176605225 0.6740940809249878 
0.8233060836791992 2.3789162635803223 0.24052777886390686 2.1383883953094482 0.5948604345321655 
0.8511191606521606 2.4212441444396973 0.251415491104126 2.169828414916992 0.6243594884872437 
0.8237864375114441 2.337641716003418 0.23679056763648987 2.10085129737854 0.5877248048782349 
1.025323510169983 2.510897159576416 0.2657524347305298 2.2451446056365967 0.6605300903320312 
0.832528829574585 2.3538222312927246 0.23789504170417786 2.115927219390869 0.5891106128692627 
0.9201766848564148 2.4248239994049072 0.25275903940200806 2.172064781188965 0.6278759241104126 
0.7815505266189575 2.4389138221740723 0.2506752610206604 2.1882383823394775 0.6218217611312866 
0.7018803954124451 2.3350558280944824 0.23553936183452606 2.0995163917541504 0.5854452848434448 
0.9237207770347595 2.418435573577881 0.2530636191368103 2.165372133255005 0.6288962364196777 
1.0787591934204102 2.420771360397339 0.2464488446712494 2.1743223667144775 0.6097419261932373 
0.5747019052505493 2.3174304962158203 0.22578594088554382 2.091644525527954 0.5585969686508179 
0.812592089176178 2.388845920562744 0.24454237520694733 2.144303560256958 0.6067405939102173 
0.766961932182312 2.358264923095703 0.2405066341161728 2.117758274078369 0.5962667465209961 
1.101459264755249 2.536471366882324 0.26810598373413086 2.2683653831481934 0.6649937629699707 
0.941179633140564 2.463758945465088 0.25384628772735596 2.2099127769470215 0.6290247440338135 
0.9018253087997437 2.405703544616699 0.2473418116569519 2.1583616733551025 0.6139525175094604 
0.9074916839599609 2.4188709259033203 0.24654917418956757 2.1723217964172363 0.6105179786682129 
1.0153918266296387 2.4379465579986572 0.25761646032333374 2.180330276489258 0.6403980255126953 
0.8267189860343933 2.3812713623046875 0.24504506587982178 2.1362264156341553 0.6089669466018677 
1.0437166690826416 2.4238314628601074 0.2562829852104187 2.167548418045044 0.6366720199584961 
0.9907335638999939 2.452576160430908 0.2605835199356079 2.1919925212860107 0.6483315229415894 
0.7991874814033508 2.384141683578491 0.2403610646724701 2.14378023147583 0.5947012305259705 
0.8607689142227173 2.4119343757629395 0.2531290650367737 2.1588053703308105 0.6292467713356018 
0.7681612372398376 2.386437177658081 0.24061621725559235 2.1458210945129395 0.5959535837173462 
0.7752742171287537 2.309389591217041 0.23396718502044678 2.075422525405884 0.5808926820755005 
0.8279548287391663 2.3827083110809326 0.2416275143623352 2.141080856323242 0.5986485481262207 
1.05290949344635 2.5025863647460938 0.26152393221855164 2.2410621643066406 0.6487993001937866 
0.8535147905349731 2.445720911026001 0.24934229254722595 2.196378707885742 0.6169138550758362 
0.8657246828079224 2.38106632232666 0.24453884363174438 2.1365275382995605 0.6065224409103394 
1.047000527381897 2.5179483890533447 0.2664739191532135 2.251474618911743 0.661335825920105 
0.8143786191940308 2.392138957977295 0.24714910984039307 2.1449897289276123 0.6134055852890015 
0.8704746961593628 2.414578676223755 0.2461257129907608 2.1684529781341553 0.609551191329956 
1.152659296989441 2.440244197845459 0.26091891527175903 2.1793253421783447 0.6488654613494873 
0.9795599579811096 2.4463343620300293 0.25574448704719543 2.1905899047851562 0.6344924569129944 
1.0099139213562012 2.4780707359313965 0.2613731026649475 2.2166974544525146 0.649402916431427 
0.8285712003707886 2.351010322570801 0.2391350269317627 2.111875057220459 0.5929608941078186 
1.0824763774871826 2.4483892917633057 0.25567567348480225 2.192713737487793 0.6339916586875916 
0.9391919374465942 2.433455228805542 0.25016748905181885 2.1832876205444336 0.6198142170906067 
0.7344214916229248 2.288641929626465 0.22927337884902954 2.059368371963501 0.5685691833496094 
0.8419144153594971 2.333743095397949 0.2373955249786377 2.0963475704193115 0.5892060995101929 
0.9620625376701355 2.4148783683776855 0.24758319556713104 2.167295217514038 0.6133185625076294 
0.9950372576713562 2.4735822677612305 0.2534481883049011 2.2201337814331055 0.627196192741394 
0.7474214434623718 2.369250774383545 0.23924453556537628 2.1300063133239746 0.5934795141220093 
1.0613300800323486 2.4457483291625977 0.25353187322616577 2.192216396331787 0.6290525197982788 
0.6931698322296143 2.325968027114868 0.23112931847572327 2.094838857650757 0.5731878280639648 
0.7416566610336304 2.400843381881714 0.24227872490882874 2.158564567565918 0.5998613834381104 
0.7737306356430054 2.3816847801208496 0.23918402194976807 2.142500877380371 0.5921004414558411 
0.9275434017181396 2.3551714420318604 0.24098537862300873 2.1141862869262695 0.5972546339035034 
0.8108230829238892 2.3716259002685547 0.24370384216308594 2.1279220581054688 0.6049940586090088 
0.7445341348648071 2.2986721992492676 0.23162002861499786 2.0670523643493652 0.5750374794006348 
0.7273527383804321 2.384469509124756 0.23929685354232788 2.1451728343963623 0.5930621027946472 
1.0956166982650757 2.5303850173950195 0.26827144622802734 2.262113571166992 0.6657059192657471 
0.6806429028511047 2.368952751159668 0.23965279757976532 2.1292998790740967 0.5950249433517456 
1.0679281949996948 2.5068774223327637 0.26984503865242004 2.237032413482666 0.6711899042129517 
0.8338367342948914 2.361614227294922 0.24084442853927612 2.12076997756958 0.5981435775756836 
1.2163728475570679 2.510765552520752 0.26749324798583984 2.243272066116333 0.6637938022613525 
0.9379772543907166 2.4389455318450928 0.25665706396102905 2.182288408279419 0.6377662420272827 
0.8058986663818359 2.3960976600646973 0.24542024731636047 2.150677442550659 0.6090203523635864 
0.9444392323493958 2.4081192016601562 0.24753935635089874 2.1605799198150635 0.6138017177581787 
1.0010074377059937 2.4601612091064453 0.256900429725647 2.2032604217529297 0.6381176114082336 
0.7928708791732788 2.3450095653533936 0.23683391511440277 2.108175754547119 0.5868712663650513 
0.7128763794898987 2.388017416000366 0.24098917841911316 2.1470282077789307 0.597159743309021 
0.8078363537788391 2.4485433101654053 0.2499309629201889 2.1986124515533447 0.6189812421798706 
1.0095654726028442 2.3687233924865723 0.2402503341436386 2.1284728050231934 0.5945630073547363 
0.653807520866394 2.286435604095459 0.22643184661865234 2.0600037574768066 0.5605400800704956 
0.9939113259315491 2.484785318374634 0.25637155771255493 2.2284138202667236 0.6339013576507568 
0.7808764576911926 2.3287670612335205 0.23577699065208435 2.092989921569824 0.5854675769805908 
0.8366754651069641 2.4204790592193604 0.2469482421875 2.1735308170318604 0.6125048995018005 
0.6598292589187622 2.316531181335449 0.2311554253101349 2.0853755474090576 0.5727893114089966 
0.5573645234107971 2.3114209175109863 0.2281252145767212 2.0832953453063965 0.5652080774307251 
0.7220040559768677 2.3608310222625732 0.23333635926246643 2.1274948120117188 0.5769251585006714 
0.6586641073226929 2.323148250579834 0.23367631435394287 2.0894718170166016 0.5796514749526978 
1.0202654600143433 2.4414968490600586 0.2519721984863281 2.1895246505737305 0.6244431734085083 
0.8175443410873413 2.393998622894287 0.24284392595291138 2.1511545181274414 0.6022589206695557 
0.939254879951477 2.384488582611084 0.2434975653886795 2.1409912109375 0.6030142307281494 
0.9872552752494812 2.4005565643310547 0.24790778756141663 2.152648448944092 0.6150220036506653 
0.9951143264770508 2.48136043548584 0.25582510232925415 2.2255351543426514 0.6332418918609619 
0.7839813232421875 2.3780131340026855 0.23964372277259827 2.138369560241699 0.593697190284729 
0.9733456373214722 2.387143135070801 0.2451353669166565 2.142007827758789 0.6077196598052979 
1.0518823862075806 2.4174585342407227 0.2555122375488281 2.1619460582733154 0.63492751121521 
0.7967027425765991 2.3941850662231445 0.2413329780101776 2.1528522968292236 0.5979486107826233 
0.717158317565918 2.3635506629943848 0.23894119262695312 2.1246094703674316 0.5919250249862671 
0.8725141286849976 2.4095444679260254 0.24993979930877686 2.159604549407959 0.6208728551864624 
0.98760586977005 2.4226083755493164 0.25214511156082153 2.1704635620117188 0.6256290674209595 
0.8705084323883057 2.369508743286133 0.24320732057094574 2.1263017654418945 0.603945791721344 
0.9322153329849243 2.463792562484741 0.25519832968711853 2.20859432220459 0.6325848698616028 
1.1767610311508179 2.4927468299865723 0.26437973976135254 2.2283668518066406 0.6562037467956543 
1.0296194553375244 2.4979889392852783 0.26435279846191406 2.2336363792419434 0.6566954851150513 
0.7046018838882446 2.359928607940674 0.23909631371498108 2.1208319664001465 0.5929955244064331 
0.7473206520080566 2.350022792816162 0.23617896437644958 2.1138439178466797 0.5851477384567261 
0.7752699255943298 2.3545005321502686 0.2381283938884735 2.1163721084594727 0.5907273292541504 
0.7026833295822144 2.3360164165496826 0.23599952459335327 2.1000168323516846 0.5859750509262085 
1.0892877578735352 2.4716570377349854 0.2551898956298828 2.2164671421051025 0.6319401860237122 
0.8178814649581909 2.3717870712280273 0.24316124618053436 2.1286258697509766 0.6037436127662659 
0.7912749648094177 2.3138723373413086 0.23418371379375458 2.079688549041748 0.581012487411499 
1.0350881814956665 2.390568733215332 0.24616770446300507 2.1444010734558105 0.6095268726348877 
1.0234330892562866 2.447662830352783 0.25263723731040955 2.1950254440307617 0.6256107687950134 
0.7500312328338623 2.3755974769592285 0.24025125801563263 2.1353464126586914 0.59534752368927 
0.9268348217010498 2.3685641288757324 0.24479547142982483 2.1237688064575195 0.6076300144195557 
1.167170524597168 2.3968608379364014 0.23917533457279205 2.1576857566833496 0.5911692380905151 
0.5704308152198792 2.2529869079589844 0.22108228504657745 2.031904458999634 0.5484521985054016 
0.970333456993103 2.4271233081817627 0.25146931409835815 2.1756539344787598 0.6237740516662598 
0.9658935070037842 2.456958293914795 0.25313544273376465 2.2038228511810303 0.6265720725059509 
0.9022049903869629 2.378139019012451 0.24376530945301056 2.134373664855957 0.6045104265213013 
0.7341898679733276 2.3745617866516113 0.24153316020965576 2.133028507232666 0.5989184975624084 
1.0039448738098145 2.526794910430908 0.26736924052238464 2.259425640106201 0.6635770797729492 
0.9286583662033081 2.4646174907684326 0.2604219913482666 2.204195499420166 0.6468117237091064 
1.0591917037963867 2.3998899459838867 0.24600282311439514 2.1538870334625244 0.6096283197402954 
0.9091850519180298 2.4022276401519775 0.24647215008735657 2.1557555198669434 0.6117364168167114 
1.1301378011703491 2.4108803272247314 0.2538459897041321 2.157034397125244 0.6300591230392456 
0.6905014514923096 2.3382985591888428 0.23562654852867126 2.1026721000671387 0.5844243168830872 
1.0127103328704834 2.4665353298187256 0.25845664739608765 2.2080788612365723 0.6412228345870972 
0.6811920404434204 2.4075143337249756 0.2432408332824707 2.164273738861084 0.6026065349578857 
0.9310425519943237 2.3583483695983887 0.2428799867630005 2.1154682636260986 0.6023223400115967 
1.0110692977905273 2.4470016956329346 0.25662875175476074 2.1903727054595947 0.6374050378799438 
0.6835766434669495 2.3308441638946533 0.23099230229854584 2.0998518466949463 0.5717366933822632 
1.3759026527404785 2.486280918121338 0.26386043429374695 2.2224204540252686 0.6549912691116333 
1.0862107276916504 2.4796090126037598 0.26308196783065796 2.216526985168457 0.6530128121376038 
0.7181228995323181 2.3450801372528076 0.23188254237174988 2.1131975650787354 0.5729272365570068 
0.8372422456741333 2.4205539226531982 0.2531117796897888 2.1674418449401855 0.6293209195137024 
0.7585577964782715 2.3253378868103027 0.23423431813716888 2.0911033153533936 0.580569326877594 
0.8376244306564331 2.4098920822143555 0.2481217086315155 2.1617703437805176 0.6155780553817749 
0.6605827212333679 2.2832674980163574 0.22560670971870422 2.0576608180999756 0.5592865943908691 
0.7050474882125854 2.3397884368896484 0.23489034175872803 2.104898452758789 0.5824680328369141 
0.8278018236160278 2.4260308742523193 0.2438380867242813 2.18219256401062 0.6026726961135864 
0.9092683792114258 2.407045602798462 0.24704740941524506 2.1599984169006348 0.612199068069458 
0.8023541569709778 2.384774923324585 0.2414582073688507 2.1433165073394775 0.5979779362678528 
1.1004120111465454 2.490007162094116 0.2643101215362549 2.2256970405578613 0.6560965776443481 
1.325129508972168 2.5876457691192627 0.28256455063819885 2.305081367492676 0.7017900943756104 
0.8517447710037231 2.3806591033935547 0.23847121000289917 2.1421875953674316 0.5898352861404419 
0.9037520885467529 2.3482518196105957 0.23845286667346954 2.1097989082336426 0.5914728045463562 
0.7458763122558594 2.4004440307617188 0.24463066458702087 2.155813694000244 0.6073143482208252 
0.9232038855552673 2.461005210876465 0.25844651460647583 2.2025585174560547 0.6418748497962952 
1.284875512123108 2.5483884811401367 0.27147600054740906 2.2769126892089844 0.6727790236473083 
1.071239709854126 2.4573330879211426 0.2441525161266327 2.2131805419921875 0.6017941832542419 
0.6469992995262146 2.3676323890686035 0.2372170239686966 2.130415439605713 0.5879480838775635 
0.6939493417739868 2.342541217803955 0.23071643710136414 2.1118249893188477 0.5708402395248413 
0.6809936761856079 2.331277847290039 0.23274867236614227 2.098529100418091 0.5766434073448181 
1.1248282194137573 2.4957144260406494 0.26265811920166016 2.2330563068389893 0.6505424380302429 
0.5323132276535034 2.2571492195129395 0.21783941984176636 2.039309501647949 0.5393596887588501 
0.8382375836372375 2.4245710372924805 0.24642962217330933 2.1781411170959473 0.6104940176010132 
0.8159551024436951 2.435757637023926 0.24607864022254944 2.189678907394409 0.6088213324546814 
1.0464787483215332 2.4543657302856445 0.2575896084308624 2.1967759132385254 0.6385513544082642 
0.6791044473648071 2.361544132232666 0.23929396271705627 2.1222500801086426 0.5938228964805603 
0.830596387386322 2.3951916694641113 0.2469465434551239 2.148245096206665 0.6137864589691162 
0.93683260679245 2.3713550567626953 0.24756598472595215 2.1237893104553223 0.615558385848999 
0.856493353843689 2.4206199645996094 0.246862530708313 2.173757553100586 0.6115690469741821 
0.918172299861908 2.4137182235717773 0.2504599690437317 2.1632585525512695 0.621870756149292 
1.0111849308013916 2.417841672897339 0.2504488229751587 2.1673929691314697 0.622117280960083 
0.846383273601532 2.377643585205078 0.2451137751340866 2.1325297355651855 0.6083425879478455 
0.7949948310852051 2.3738527297973633 0.2406858652830124 2.133166790008545 0.5965008735656738 
1.083686113357544 2.4991507530212402 0.2662227749824524 2.2329282760620117 0.6618731021881104 
1.0344853401184082 2.500628709793091 0.2612646818161011 2.2393641471862793 0.6479766368865967 
0.757803201675415 2.418091058731079 0.24649427831172943 2.1715965270996094 0.6110936403274536 
0.8390922546386719 2.3586010932922363 0.2396792471408844 2.1189217567443848 0.5943080186843872 
0.7110804915428162 2.362151622772217 0.23839817941188812 2.123753070831299 0.5908163189888 
1.0352391004562378 2.4583029747009277 0.25708624720573425 2.201216697692871 0.6381478309631348 
0.7709001302719116 2.3261520862579346 0.23155692219734192 2.094595193862915 0.57194983959198 
1.0496753454208374 2.5035910606384277 0.2671778202056885 2.23641300201416 0.6643000841140747 
1.071906566619873 2.4689812660217285 0.2615916132926941 2.2073895931243896 0.6504284739494324 
0.7839872241020203 2.3534586429595947 0.2370113879442215 2.1164474487304688 0.587121844291687 
0.8043121099472046 2.406646251678467 0.2451791614294052 2.1614670753479004 0.6083811521530151 
1.1366710662841797 2.538479804992676 0.2669927179813385 2.27148699760437 0.6607508063316345 
0.8914890289306641 2.4285073280334473 0.25000855326652527 2.1784989833831787 0.6193315982818604 
0.8185170292854309 2.359203338623047 0.24116739630699158 2.1180360317230225 0.5983184576034546 
0.9931117296218872 2.4528684616088867 0.25049591064453125 2.2023725509643555 0.6198536157608032 
0.8314429521560669 2.4307644367218018 0.2499937266111374 2.1807706356048584 0.6201476454734802 
0.9893769025802612 2.4664955139160156 0.2590378224849701 2.2074575424194336 0.643561601638794 
0.819341242313385 2.430534839630127 0.25373417139053345 2.1768007278442383 0.6303784847259521 
0.8650961518287659 2.3828136920928955 0.24356532096862793 2.1392483711242676 0.6040176749229431 
0.9072527289390564 2.397181510925293 0.2458033561706543 2.1513781547546387 0.6100829839706421 
1.0562371015548706 2.4961633682250977 0.2642400860786438 2.2319231033325195 0.6553954482078552 
0.7047215700149536 2.390578508377075 0.24417641758918762 2.146401882171631 0.6064802408218384 
0.8960868120193481 2.4276123046875 0.24532900750637054 2.182283401489258 0.6062949895858765 
1.0199916362762451 2.406280040740967 0.24989578127861023 2.156384229660034 0.6196901798248291 
0.781535804271698 2.360921859741211 0.23801788687705994 2.122904062271118 0.588983952999115 
0.7231868505477905 2.337280750274658 0.2373114675283432 2.0999693870544434 0.5891246795654297 
0.9816254377365112 2.4358043670654297 0.2529093027114868 2.1828949451446533 0.6274845600128174 
0.9562132358551025 2.3980419635772705 0.24835504591464996 2.149686813354492 0.6167511940002441 
0.6124172210693359 2.3095006942749023 0.22690913081169128 2.0825917720794678 0.561478853225708 
1.0082755088806152 2.4533889293670654 0.25933802127838135 2.1940507888793945 0.6448075771331787 
0.9995298981666565 2.4733870029449463 0.25702232122421265 2.216364622116089 0.6371662020683289 
1.0421531200408936 2.434985637664795 0.2555697560310364 2.179415702819824 0.6347384452819824 
0.8638132810592651 2.348240852355957 0.23795251548290253 2.110288619995117 0.5893858671188354 
0.8681748509407043 2.392817974090576 0.24805781245231628 2.1447601318359375 0.6162513494491577 
1.004028558731079 2.4718761444091797 0.2574809789657593 2.214395523071289 0.6384809017181396 
0.9945162534713745 2.4021904468536377 0.25302907824516296 2.1491613388061523 0.6291110515594482 
0.8302373886108398 2.450272560119629 0.25180092453956604 2.1984715461730957 0.624191403388977 
1.1640868186950684 2.4842898845672607 0.2563706040382385 2.227919340133667 0.6345678567886353 
0.6827571988105774 2.345071792602539 0.23337669670581818 2.1116950511932373 0.5782909989356995 
0.921427309513092 2.425107717514038 0.25134313106536865 2.17376446723938 0.6238725185394287 
0.9736171364784241 2.4457345008850098 0.2566496431827545 2.189084529876709 0.6368027925491333 
1.056091547012329 2.451598644256592 0.25722092390060425 2.194377899169922 0.6384598016738892 
0.8034645318984985 2.3158674240112305 0.22879886627197266 2.087068557739258 0.5655568242073059 
0.93787682056427 2.4555435180664062 0.25336048007011414 2.2021830081939697 0.6275831460952759 
0.8385966420173645 2.357935905456543 0.23838286101818085 2.1195530891418457 0.5904359817504883 
1.1339497566223145 2.538595676422119 0.2724882960319519 2.2661075592041016 0.676769495010376 
0.8411120772361755 2.4166531562805176 0.24680927395820618 2.1698436737060547 0.6117717027664185 
0.8742794990539551 2.440281391143799 0.25196248292922974 2.188318967819214 0.6247307062149048 
1.07340407371521 2.447103977203369 0.26048120856285095 2.1866230964660645 0.6473739147186279 
0.7771739363670349 2.406367301940918 0.24895189702510834 2.1574153900146484 0.6184250116348267 
1.0382814407348633 2.5256521701812744 0.2596892714500427 2.265963077545166 0.6424880623817444 
0.828095555305481 2.4137115478515625 0.25022053718566895 2.1634907722473145 0.6214428544044495 
1.0379619598388672 2.4534385204315186 0.2575777471065521 2.1958608627319336 0.6393258571624756 
0.8649147748947144 2.4071714878082275 0.24608001112937927 2.1610913276672363 0.6094495058059692 
0.7383815050125122 2.3385775089263916 0.23384147882461548 2.104736089706421 0.5791047811508179 
0.9898676872253418 2.456605911254883 0.2577435374259949 2.198862314224243 0.6399762630462646 
0.9257510900497437 2.4829494953155518 0.2599695920944214 2.22298002243042 0.6449952125549316 
1.0413717031478882 2.494230031967163 0.26115167140960693 2.2330782413482666 0.6476393342018127 
0.6703894138336182 2.294191360473633 0.22326210141181946 2.0709290504455566 0.5512555837631226 
0.7786481380462646 2.3749594688415527 0.24024927616119385 2.1347103118896484 0.5955915451049805 
1.337416172027588 2.546231746673584 0.275762677192688 2.2704691886901855 0.6844940185546875 
0.9178665280342102 2.3907790184020996 0.24213477969169617 2.14864444732666 0.5992463231086731 
0.7924444675445557 2.3656222820281982 0.242131769657135 2.123490333557129 0.6016429662704468 
0.7670241594314575 2.3719019889831543 0.24302981793880463 2.1288721561431885 0.6033194065093994 
0.6733800768852234 2.3823060989379883 0.2415800392627716 2.140726089477539 0.5993116497993469 
1.035212755203247 2.4872968196868896 0.2608112096786499 2.2264857292175293 0.6467257738113403 
0.8532766103744507 2.4423561096191406 0.25041162967681885 2.1919445991516113 0.6207247972488403 
0.7034486532211304 2.3385443687438965 0.2334965169429779 2.1050477027893066 0.5784798860549927 
0.651253342628479 2.3504676818847656 0.23828735947608948 2.112180233001709 0.592212975025177 
0.7359178066253662 2.3501033782958984 0.23480194807052612 2.1153016090393066 0.5824132561683655 
0.8480284214019775 2.3648884296417236 0.2424023598432541 2.122486114501953 0.6015937924385071 
1.0964446067810059 2.4883880615234375 0.2646791338920593 2.2237088680267334 0.6576473712921143 
0.7891112565994263 2.383497476577759 0.24339646100997925 2.1401009559631348 0.6039220690727234 
0.778031587600708 2.375471591949463 0.24117368459701538 2.1342978477478027 0.598389744758606 
0.8454986810684204 2.3910751342773438 0.2421993613243103 2.1488757133483887 0.5996619462966919 
0.9802930355072021 2.4627270698547363 0.2589799761772156 2.203746795654297 0.6430776119232178 
0.7253698110580444 2.4373199939727783 0.2495761513710022 2.187743902206421 0.6190219521522522 
1.0811654329299927 2.3982925415039062 0.2536320686340332 2.144660711288452 0.6308391690254211 
0.7810548543930054 2.347780466079712 0.23962582647800446 2.108154773712158 0.5955165028572083 
0.9074583649635315 2.4283595085144043 0.25033578276634216 2.1780238151550293 0.620606005191803 
0.7997796535491943 2.346250057220459 0.23882655799388885 2.1074235439300537 0.5925153493881226 
1.0542457103729248 2.4171700477600098 0.24947606027126312 2.167694091796875 0.6169459819793701 
0.823174238204956 2.444507598876953 0.25388815999031067 2.190619468688965 0.630395770072937 
0.9512022137641907 2.3730640411376953 0.24849368631839752 2.124570369720459 0.6184886693954468 
0.9146672487258911 2.4197325706481934 0.24942943453788757 2.1703031063079834 0.6189442873001099 
1.266772747039795 2.5049567222595215 0.2639666795730591 2.240990161895752 0.6545968055725098 
0.8667550086975098 2.39231276512146 0.2464752197265625 2.1458375453948975 0.6114518046379089 
0.8931575417518616 2.401027202606201 0.24842892587184906 2.1525983810424805 0.6171905398368835 
1.0531188249588013 2.3372037410736084 0.2392490804195404 2.097954750061035 0.5931118726730347 
0.9680187702178955 2.4633989334106445 0.256639301776886 2.2067596912384033 0.6368880271911621 
0.699680507183075 2.366349697113037 0.23811879754066467 2.1282310485839844 0.590715229511261 
0.8950831294059753 2.5129575729370117 0.26054975390434265 2.2524077892303467 0.6457182168960571 
0.6788629293441772 2.3354015350341797 0.23390203714370728 2.101499557495117 0.579920768737793 
0.8829895257949829 2.391270160675049 0.24337102472782135 2.1478991508483887 0.6028978824615479 
0.7587356567382812 2.364989757537842 0.2404521107673645 2.124537467956543 0.596833348274231 
0.8612529039382935 2.3749842643737793 0.24124068021774292 2.1337437629699707 0.5980070233345032 
0.6106988787651062 2.3340654373168945 0.22622008621692657 2.1078453063964844 0.5588582158088684 
0.7341386675834656 2.4119443893432617 0.24682816863059998 2.1651158332824707 0.612856924533844 
0.8195409774780273 2.3590846061706543 0.23949825763702393 2.11958646774292 0.5933767557144165 
0.9625243544578552 2.3739051818847656 0.2398526519536972 2.1340527534484863 0.5944086313247681 
0.9507330060005188 2.424898624420166 0.25413236021995544 2.1707661151885986 0.631742537021637 
0.7804056406021118 2.407107353210449 0.24160343408584595 2.165503978729248 0.5978987216949463 
0.9626038074493408 2.4394047260284424 0.25491437315940857 2.184490203857422 0.6320258378982544 
0.8182013034820557 2.342308759689331 0.23989960551261902 2.1024088859558105 0.5957481265068054 
1.3087363243103027 2.5181565284729004 0.2725933790206909 2.24556303024292 0.6774536371231079 
0.6776844263076782 2.3441433906555176 0.23246929049491882 2.1116738319396973 0.575305163860321 
0.9306044578552246 2.4345483779907227 0.2554434537887573 2.179104804992676 0.6350866556167603 
0.728148877620697 2.2915453910827637 0.2279338836669922 2.0636117458343506 0.5647642016410828 
1.0659983158111572 2.465094566345215 0.26217493414878845 2.2029197216033936 0.6520394086837769 
0.8675320744514465 2.426842212677002 0.246544748544693 2.1802978515625 0.6107034683227539 
0.7231284379959106 2.3581347465515137 0.23974519968032837 2.11838960647583 0.5949337482452393 
0.8777983784675598 2.4001941680908203 0.24781650304794312 2.1523778438568115 0.6156888604164124 
0.8215506672859192 2.353943347930908 0.2414454221725464 2.1124978065490723 0.5998676419258118 
0.8680253624916077 2.4451935291290283 0.25100311636924744 2.194190502166748 0.6216363310813904 
1.2599537372589111 2.4917593002319336 0.2641344666481018 2.2276246547698975 0.6547926664352417 
1.1540303230285645 2.464413642883301 0.2593882083892822 2.2050254344940186 0.6437212228775024 
0.9200029373168945 2.34733247756958 0.2414296269416809 2.105902671813965 0.6000145673751831 
1.0442402362823486 2.445916175842285 0.25464653968811035 2.191269636154175 0.631234884262085 
0.6069516539573669 2.3035569190979004 0.22419387102127075 2.0793633460998535 0.5543041229248047 
0.9847962856292725 2.446730613708496 0.25417566299438477 2.1925549507141113 0.6307529211044312 
0.5336751341819763 2.2441318035125732 0.21531783044338226 2.0288143157958984 0.5329039096832275 
0.956579327583313 2.4152092933654785 0.25321146845817566 2.1619977951049805 0.6295239925384521 
1.4101548194885254 2.549150228500366 0.2706381678581238 2.2785122394561768 0.6692339777946472 
0.7544435262680054 2.3896639347076416 0.24166737496852875 2.147996425628662 0.5984325408935547 
0.7174490690231323 2.337278366088867 0.23817439377307892 2.099104404449463 0.5918225049972534 
1.1678861379623413 2.4668006896972656 0.2643895149230957 2.20241117477417 0.6577985286712646 
0.8416869640350342 2.421506881713867 0.2529609203338623 2.168545961380005 0.62882000207901 
0.9027619361877441 2.380680561065674 0.24408212304115295 2.136598587036133 0.60511314868927 
0.8197960257530212 2.4134316444396973 0.24621567130088806 2.1672158241271973 0.609870433807373 
0.8169360160827637 2.3907828330993652 0.24778524041175842 2.1429975032806396 0.61592698097229 
0.7405195236206055 2.3701112270355225 0.2411506474018097 2.128960609436035 0.5985906720161438 
0.7338176965713501 2.339452028274536 0.23130100965499878 2.1081509590148926 0.5724438428878784 
0.7908678650856018 2.3767058849334717 0.24138113856315613 2.1353249549865723 0.5990431308746338 
0.8150538802146912 2.3724727630615234 0.2405211329460144 2.1319518089294434 0.5961544513702393 
0.831052303314209 2.4375267028808594 0.24629460275173187 2.191232204437256 0.6095254421234131 
0.9410414695739746 2.4751148223876953 0.2555299401283264 2.2195849418640137 0.6324108839035034 
0.7108449935913086 2.387711763381958 0.2427159696817398 2.144995927810669 0.6023162603378296 
0.8793308734893799 2.4127137660980225 0.24652335047721863 2.1661903858184814 0.6112457513809204 
0.9201472997665405 2.4207510948181152 0.2516676187515259 2.1690833568573 0.6243665218353271 
0.8396750688552856 2.3612558841705322 0.2373022884130478 2.1239535808563232 0.5869373083114624 
0.7858421802520752 2.334899425506592 0.23866885900497437 2.0962305068969727 0.5918066501617432 
0.9124194383621216 2.4455504417419434 0.25246307253837585 2.193087577819824 0.6255209445953369 
0.8424376249313354 2.4154586791992188 0.25119951367378235 2.164259195327759 0.6240756511688232 
0.7241619825363159 2.361184597015381 0.23552371561527252 2.1256608963012695 0.5821256637573242 
1.098973274230957 2.4571268558502197 0.2596089243888855 2.1975178718566895 0.6445033550262451 
0.9045374393463135 2.3678383827209473 0.2455739974975586 2.1222643852233887 0.610626220703125 
0.7792849540710449 2.3910930156707764 0.24167096614837646 2.1494221687316895 0.5984725952148438 
0.9041652679443359 2.410876989364624 0.24934695661067963 2.161530017852783 0.6191462278366089 
0.7024543285369873 2.3317155838012695 0.23277699947357178 2.098938465118408 0.5770464539527893 
1.2554349899291992 2.4667809009552 0.26379507780075073 2.2029857635498047 0.6552917957305908 
0.8115240335464478 2.394897937774658 0.24752375483512878 2.147374153137207 0.6148635149002075 
0.7681481838226318 2.3675060272216797 0.2408766746520996 2.12662935256958 0.5976991653442383 
0.8453738689422607 2.375108480453491 0.24172866344451904 2.1333799362182617 0.5995203852653503 
0.921474814414978 2.4144773483276367 0.2528805136680603 2.1615967750549316 0.6280553340911865 
0.5857020020484924 2.32009220123291 0.22994647920131683 2.0901458263397217 0.5702210664749146 
1.0974414348602295 2.455314874649048 0.26075994968414307 2.1945548057556152 0.647607684135437 
1.1281569004058838 2.4839234352111816 0.2602303624153137 2.2236931324005127 0.6452077031135559 
0.7894525527954102 2.395538330078125 0.24601700901985168 2.1495213508605957 0.6111193895339966 
0.676879346370697 2.332322597503662 0.23512506484985352 2.0971975326538086 0.5832855701446533 
0.981555700302124 2.4087729454040527 0.2509084939956665 2.1578643321990967 0.62223219871521 
1.0841290950775146 2.429464340209961 0.2523943781852722 2.177070140838623 0.6250795125961304 
1.0901215076446533 2.4584922790527344 0.2597470283508301 2.198745012283325 0.6440845727920532 
0.7430860996246338 2.3612327575683594 0.2390996813774109 2.122133255004883 0.5933187007904053 
0.9004303812980652 2.419092893600464 0.25005900859832764 2.169034004211426 0.6210254430770874 
0.9829491376876831 2.4633445739746094 0.25986918807029724 2.203474998474121 0.645672619342804 
0.9757314920425415 2.4450554847717285 0.2542179822921753 2.190837860107422 0.6299594640731812 
0.8412719964981079 2.424266815185547 0.25137031078338623 2.172896385192871 0.625006914138794 
0.7946192026138306 2.4443869590759277 0.2528627812862396 2.191524028778076 0.628101110458374 
0.8690155744552612 2.3490700721740723 0.2392299771308899 2.109840154647827 0.5940752029418945 
1.0075891017913818 2.437349319458008 0.2546312212944031 2.182718276977539 0.6322316527366638 
1.0854305028915405 2.4585952758789062 0.26153796911239624 2.1970572471618652 0.6495910882949829 
0.9203511476516724 2.448716640472412 0.2571418881416321 2.191574811935425 0.6388658285140991 
1.0576809644699097 2.4260644912719727 0.25199663639068604 2.174067735671997 0.6250289678573608 
1.1982853412628174 2.454566478729248 0.24875283241271973 2.205813407897949 0.6137600541114807 
0.7225494980812073 2.3406054973602295 0.23608538508415222 2.104520320892334 0.5855711698532104 
0.909281849861145 2.4629688262939453 0.25362837314605713 2.2093405723571777 0.6288959980010986 
0.8904803991317749 2.4219601154327393 0.25212645530700684 2.1698336601257324 0.6260485053062439 
1.0194975137710571 2.472733736038208 0.2577716112136841 2.2149620056152344 0.6385617256164551 
0.7375440001487732 2.392977237701416 0.24526113271713257 2.1477160453796387 0.6090210676193237 
0.8685092926025391 2.4017748832702637 0.2467573583126068 2.155017375946045 0.6118034720420837 
0.8667054176330566 2.3519668579101562 0.23367753624916077 2.1182894706726074 0.5770359635353088 
0.9748961925506592 2.438632011413574 0.24994976818561554 2.1886820793151855 0.6193716526031494 
0.6442371010780334 2.2321295738220215 0.217951238155365 2.014178514480591 0.5396082401275635 
1.0489059686660767 2.507169246673584 0.2601836919784546 2.246985673904419 0.6441421508789062 
1.2468106746673584 2.5011160373687744 0.27069103717803955 2.2304251194000244 0.6734181642532349 
0.8509786128997803 2.375033378601074 0.2444925159215927 2.1305408477783203 0.6071547269821167 
0.8628959655761719 2.3597805500030518 0.2420540153980255 2.1177265644073486 0.6000710129737854 
0.9620779752731323 2.483719825744629 0.2638905644416809 2.2198290824890137 0.6559332609176636 
1.1836460828781128 2.4967458248138428 0.266218364238739 2.230527400970459 0.661218523979187 
1.272312879562378 2.4361677169799805 0.25632238388061523 2.1798453330993652 0.6364290118217468 
1.0425868034362793 2.3952550888061523 0.24582988023757935 2.1494250297546387 0.6090397238731384 
0.8877992630004883 2.423464775085449 0.2549173831939697 2.1685473918914795 0.6340848803520203 
0.9074390530586243 2.455676794052124 0.2607092261314392 2.194967746734619 0.6489506363868713 
0.7386293411254883 2.346372127532959 0.23954501748085022 2.1068270206451416 0.5948905944824219 
1.012374758720398 2.484208822250366 0.2584078311920166 2.2258012294769287 0.6397058963775635 
0.8097666501998901 2.4120888710021973 0.2498168647289276 2.1622722148895264 0.6204923987388611 
0.911675751209259 2.4376378059387207 0.254985511302948 2.182652235031128 0.633006751537323 
0.902130126953125 2.331786870956421 0.23640982806682587 2.095376968383789 0.5855796933174133 
0.8953896760940552 2.3986003398895264 0.24944943189620972 2.149150848388672 0.6193535327911377 
0.8425002694129944 2.3773112297058105 0.24207112193107605 2.135240077972412 0.600218653678894 
0.6939859390258789 2.343571662902832 0.23541945219039917 2.108152389526367 0.5839998722076416 
0.6889817118644714 2.3345730304718018 0.23598778247833252 2.098585367202759 0.5857419967651367 
0.7300701141357422 2.378894805908203 0.24483489990234375 2.1340599060058594 0.6085206866264343 
0.8357141017913818 2.395920753479004 0.24583865702152252 2.1500823497772217 0.6100946664810181 
0.7161941528320312 2.380159854888916 0.24207183718681335 2.138087749481201 0.600902795791626 
0.7736048698425293 2.3390116691589355 0.23409557342529297 2.1049160957336426 0.5794674158096313 
0.7881162166595459 2.314314365386963 0.2320423126220703 2.0822718143463135 0.5749416947364807 
1.1547845602035522 2.5237514972686768 0.2712373733520508 2.252514123916626 0.6733492612838745 
0.8497142195701599 2.3091344833374023 0.23232130706310272 2.076813220977783 0.5760378241539001 
0.6634461283683777 2.3906006813049316 0.2397357076406479 2.150865077972412 0.5942137241363525 
0.8452934622764587 2.3881306648254395 0.2452685832977295 2.142861843109131 0.6085268259048462 
0.8317668437957764 2.4710702896118164 0.2534794807434082 2.217590808868408 0.6277447938919067 
0.7749853730201721 2.373575210571289 0.2389928549528122 2.13458251953125 0.5924974679946899 
0.7154642343521118 2.3046364784240723 0.2272394746541977 2.077396869659424 0.5627081394195557 
0.7771587371826172 2.3356735706329346 0.2329949289560318 2.1026785373687744 0.5777530670166016 
0.8328304290771484 2.4405746459960938 0.2530091404914856 2.187565565109253 0.6281317472457886 
1.0558123588562012 2.4916796684265137 0.26480743288993835 2.226872444152832 0.6576770544052124 
0.9517027139663696 2.416740894317627 0.24925434589385986 2.1674866676330566 0.6182564496994019 
0.7486447691917419 2.3686575889587402 0.24061796069145203 2.1280393600463867 0.5970323085784912 
0.9928821921348572 2.457094669342041 0.2550789415836334 2.2020158767700195 0.6329107284545898 
0.7145419120788574 2.3237011432647705 0.23113742470741272 2.0925636291503906 0.5727598071098328 
0.7588406205177307 2.3772010803222656 0.24067991971969604 2.136521100997925 0.5967719554901123 
0.9354897737503052 2.4224190711975098 0.2489810585975647 2.17343807220459 0.6168864965438843 
1.0491065979003906 2.4377169609069824 0.2570725679397583 2.1806445121765137 0.6388513445854187 
0.6626297235488892 2.3643126487731934 0.23539084196090698 2.1289219856262207 0.5829259157180786 
0.7702093124389648 2.3815510272979736 0.24466773867607117 2.13688325881958 0.6084204912185669 
0.9165256023406982 2.429811954498291 0.2426227480173111 2.1871891021728516 0.5994758605957031 
0.8936503529548645 2.420449733734131 0.24983470141887665 2.1706151962280273 0.6194835305213928 
0.7243860960006714 2.3001036643981934 0.2300439178943634 2.0700597763061523 0.5697900056838989 
0.9681682586669922 2.419217824935913 0.24795760214328766 2.171260118484497 0.6134344339370728 
0.7637284398078918 2.393801212310791 0.24379095435142517 2.150010108947754 0.6047595143318176 
0.7240411043167114 2.3868446350097656 0.24327176809310913 2.1435728073120117 0.6037687659263611 
0.5722516775131226 2.287745952606201 0.22366860508918762 2.064077377319336 0.5540270209312439 
1.2914578914642334 2.5407323837280273 0.26952943205833435 2.27120304107666 0.6678391695022583 
0.8513978719711304 2.399625301361084 0.2447524070739746 2.1548728942871094 0.6066902279853821 
0.9350220561027527 2.402149200439453 0.24761703610420227 2.154531955718994 0.6137146949768066 
0.9716908931732178 2.4395368099212646 0.2500340938568115 2.189502716064453 0.6192933917045593 
